transaction_id,account_id,txn_date,category,amount
1,245,2024-06-25,dining ,-2263.95
2,24,2024-09-05,shopping,-974.8
3,402,2024-11-02,Utilities,-1928.02
4,406,2024-12-30,Travel,-1023.5
5,254,2024-09-16,dining ,-728.54
6,144,2024-08-28,groceries,-581.26
7,47,2024-03-31,Utilities,-2759.14
8,290,2024-12-13,Entertainment,-934.39
9,252,2024-03-08,Transfer,14241.82
10,356,2024-09-15,GROCERIES,-1336.65
11,282,2024-08-10,groceries,-434.29
12,61,2025-02-27,Shopping,-226.74
13,57,2024-09-16,Utilities,-2309.5
14,366,2024-01-03,Transfer,7468.05
15,75,2024-10-02,Shopping,-3290.05
16,440,2024-04-27,Entertainment,-1801.95
17,50,2024-07-26,Groceries,-1503.57
18,341,2024-06-10,Healthcare,-2303.68
19,457,2024-03-31,Transfer,7412.35
20,207,2025-05-30,ATM Withdrawal,-63.53
21,27,2024-05-18,Healthcare,-2399.39
22,411,2024-10-03,shopping,-1158.64
23,88,2025-03-27,Groceries,-2587.22
24,247,2024-07-17,shopping,-1656.34
25,461,2025-05-25,Transfer,-4326.16
26,349,2024-08-08,Entertainment,-165.58
27,22,2025-05-30,Shopping,-1707.34
28,384,2024-09-03,ATM Withdrawal,-2079.17
29,76,2024-01-08,dining ,-698.76
30,351,2025-04-17,Dining,-1017.03
31,291,2025-04-15,Shopping,-792.92
32,135,2025-06-08,Travel,-1060.23
33,199,2024-03-08,dining ,-74.59
34,56,2025-04-05,Transfer,-6551.67
35,462,2024-07-05,shopping,-1501.43
36,112,2025-04-03,shopping,-1213.68
37,145,2025-06-09,dining ,-2390.38
38,236,2024-04-18,dining ,-1416.87
39,315,2024-07-21,ATM Withdrawal,-1374.11
40,237,2024-05-26,Entertainment,-1489.46
41,237,2024-06-15,dining ,-675.47
42,273,2024-11-20,Transfer,-2250.91
43,402,2024-08-12,Transfer,-6268.26
44,185,2024-12-23,Transfer,1920.58
45,390,2025-01-02,shopping,-8.15
46,369,2024-04-20,Utilities,-260.28
47,450,2024-01-24,Transfer,10451.17
48,428,2025-02-10,Shopping,-651.62
49,374,2024-04-08,dining ,-119.59
50,116,2024-04-18,Travel,-1529.72
51,363,2024-11-23,shopping,-1251.43
52,345,2024-05-23,shopping,-340.87
53,136,2024-04-13,Entertainment,-2472.67
54,318,2024-06-16,Travel,-340.17
55,119,2024-10-11,Utilities,-965.29
56,245,2025-04-06,Healthcare,-1464.71
57,373,2025-06-22,dining ,-1465.21
58,89,2025-02-02,groceries,-720.73
59,158,2025-05-04,Transfer,-9338.67
60,373,2024-10-16,Healthcare,-244.52
61,213,2024-08-10,ATM Withdrawal,-764.01
62,450,2025-03-22,Travel,-1105.37
63,4,2024-06-13,shopping,-1829.87
64,338,2025-03-19,Transfer,-5099.34
65,382,2025-06-28,Entertainment,-1085.55
66,430,2024-07-31,GROCERIES,-194.43
67,74,2024-12-11,Entertainment,-180.25
68,461,2025-03-01,Salary Credit,46541.42
69,184,2025-03-03,Groceries,-737.54
70,165,2024-04-22,GROCERIES,-892.11
71,167,2025-06-08,GROCERIES,-1144.31
72,299,2024-10-01,Healthcare,-3307.51
73,309,2024-01-23,Travel,-752.27
74,222,2024-03-05,ATM Withdrawal,-2448.26
75,34,2025-01-31,Groceries,-2382.45
76,462,2024-08-20,Transfer,-2457.67
77,104,2024-02-28,Shopping,-1323.46
78,44,2024-10-10,Entertainment,-848.56
79,280,2024-11-22,shopping,-3012.97
80,193,2024-02-13,Transfer,6231.96
81,289,2024-07-09,Salary Credit,43294.55
82,410,2024-09-09,Shopping,-2806.43
83,46,2025-03-01,Healthcare,-882.75
84,133,2024-12-21,Shopping,-1696.45
85,242,2024-02-17,Entertainment,-1832.17
86,369,2024-11-30,Groceries,-1512.64
87,282,2025-05-06,ATM Withdrawal,-1104.23
88,180,2024-01-30,Entertainment,-1953.77
89,286,2025-06-21,Entertainment,-633.05
90,459,2024-02-21,shopping,-2202.33
91,225,2024-12-05,Shopping,-946.73
92,414,2024-07-10,Transfer,8138.86
93,366,2025-02-02,Utilities,-1694.39
94,142,2025-04-04,Healthcare,-1118.82
95,117,2025-04-09,Dining,-2192.41
96,361,2025-04-19,Groceries,-1713.99
97,98,2025-03-20,Transfer,-4649.59
98,158,2024-06-17,Travel,-464.06
99,111,2024-09-10,Utilities,-1351.87
100,284,2025-01-26,Utilities,-1451.75
101,138,2024-04-01,Healthcare,-1836.44
102,309,2024-11-10,Shopping,-2593.96
103,438,2024-10-15,Healthcare,-1727.99
104,389,2025-06-19,Utilities,-675.91
105,444,2024-01-28,Travel,-1377.88
106,12,2024-02-21,dining ,-2294.22
107,214,2024-01-17,Travel,-1300.43
108,104,2024-10-25,groceries,-1383.1
109,430,2024-10-27,GROCERIES,-755.18
110,334,2024-11-18,shopping,-2054.3
111,150,2024-05-11,ATM Withdrawal,-882.14
112,264,2024-06-16,Travel,-1733.57
113,284,2024-08-15,Shopping,-1585.69
114,232,2024-01-26,Travel,-1248.8
115,222,2025-02-14,shopping,-1635.68
116,26,2024-01-29,Transfer,-8831.93
117,212,2024-12-29,Transfer,7030.16
118,163,2024-09-04,Transfer,2708.25
119,383,2025-06-28,dining ,-456.04
120,405,2025-01-12,shopping,-1256.44
121,352,2024-09-16,Transfer,7248.37
122,15,2025-01-16,Healthcare,-1678.32
123,394,2024-03-04,Shopping,-523.86
124,186,2024-04-08,Shopping,-1902.51
125,195,2024-09-28,Transfer,-7021.55
126,443,2025-04-12,Healthcare,-1457.9
127,406,2025-03-22,Travel,-997.39
128,24,2024-07-24,dining ,-717.62
129,169,2024-06-03,Transfer,5399.54
130,351,2025-06-09,ATM Withdrawal,-1274.74
131,253,2024-11-04,groceries,-258.09
132,121,2024-03-05,Utilities,-1741.87
133,246,2024-05-02,shopping,-2241.02
134,406,2025-03-31,ATM Withdrawal,-1974.52
135,105,2025-05-04,Transfer,3650.19
136,350,2025-05-10,Dining,-1316.05
137,344,2024-01-04,dining ,-1081.68
138,415,2025-03-24,ATM Withdrawal,-1311.87
139,140,2024-03-02,GROCERIES,-2042.8
140,102,2025-03-16,shopping,-1102.78
141,257,2025-04-25,Shopping,-453.6
142,249,2024-07-15,Utilities,-1919.59
143,192,2024-04-15,Transfer,6191.62
144,365,2025-01-23,groceries,-1334.92
145,374,2024-02-07,Transfer,-2503.05
146,115,2024-11-11,Salary Credit,39276.9
147,373,2024-06-29,shopping,-674.67
148,108,2024-08-19,Entertainment,-758.9
149,191,2025-03-25,Dining,-136.45
150,13,2025-06-25,Transfer,11454.96
151,160,2024-08-07,dining ,-2551.88
152,449,2024-06-07,Healthcare,-1449.45
153,208,2025-03-30,GROCERIES,-1169.71
154,333,2024-08-13,shopping,-2843.88
155,51,2024-04-18,dining ,-2661.39
156,298,2025-05-07,Travel,-534.07
157,174,2025-06-24,GROCERIES,-1422.91
158,349,2024-06-06,Dining,-1035.84
159,435,2024-03-27,GROCERIES,-957.58
160,249,2024-03-24,Groceries,-1051.08
161,49,2024-11-22,ATM Withdrawal,-1122.9
162,223,2024-06-17,shopping,-1389.66
163,58,2024-12-05,groceries,-1394.76
164,211,2025-02-17,Healthcare,-2494.36
165,29,2024-01-04,ATM Withdrawal,-473.8
166,300,2025-04-13,dining ,-2070.23
167,146,2024-01-16,Travel,-232.49
168,95,2024-03-03,Shopping,-1413.16
169,9,2025-01-30,Shopping,-2139.01
170,416,2024-12-04,Entertainment,-1712.13
171,392,2025-06-17,shopping,-915.27
172,380,2024-11-05,Healthcare,-1456.32
173,28,2024-08-15,ATM Withdrawal,-2687.06
174,164,2024-12-30,Healthcare,-667.47
175,455,2025-02-19,shopping,-1709.9
176,271,2024-12-31,ATM Withdrawal,-2068.58
177,61,2024-07-20,ATM Withdrawal,-850.78
178,67,2025-06-06,Transfer,11219.68
179,124,2024-06-13,Groceries,-2184.63
180,456,2024-07-07,groceries,-2186.54
181,80,2024-05-31,Dining,-355.83
182,423,2024-06-12,Utilities,-11.17
183,318,2024-04-26,Entertainment,-1124.0
184,432,2024-11-12,ATM Withdrawal,-608.02
185,387,2025-02-01,groceries,-1763.29
186,156,2024-08-22,Travel,-1362.59
187,388,2025-05-17,Dining,-1757.47
188,80,2024-09-15,Transfer,4472.78
189,137,2024-09-11,Entertainment,-712.38
190,100,2024-02-07,Dining,-2915.94
191,63,2025-05-07,Travel,-922.74
192,43,2024-03-21,Healthcare,-255.09
193,88,2024-03-30,ATM Withdrawal,-1611.26
194,57,2025-05-24,Entertainment,-1543.96
195,179,2024-10-10,Utilities,-1043.46
196,34,2024-02-07,dining ,-3316.16
197,29,2024-08-28,ATM Withdrawal,-1389.09
198,464,2024-11-17,GROCERIES,-2113.31
199,42,2024-01-06,Transfer,8811.7
200,35,2025-02-15,Transfer,-4007.37
201,15,2024-12-30,Utilities,-242.92
202,63,2024-01-07,shopping,-1889.17
203,248,2024-12-03,Transfer,7385.67
204,388,2024-05-01,Healthcare,-644.96
205,344,2025-02-04,Utilities,-1632.17
206,272,2024-07-24,Transfer,217.18
207,40,2024-04-20,dining ,-768.19
208,363,2024-10-03,Entertainment,-565.81
209,18,2024-08-29,ATM Withdrawal,-1646.36
210,296,2024-07-05,dining ,-764.2
211,192,2025-04-23,ATM Withdrawal,-35.54
212,413,2024-12-19,ATM Withdrawal,-688.58
213,144,2024-09-22,ATM Withdrawal,-1738.64
214,299,2024-05-03,Utilities,-1317.97
215,206,2024-11-05,ATM Withdrawal,-529.43
216,245,2024-01-14,Transfer,2564.42
217,440,2025-04-27,Utilities,-1955.29
218,334,2024-01-01,Dining,-2608.87
219,195,2025-01-15,Entertainment,-2017.95
220,210,2024-07-07,Salary Credit,26540.04
221,330,2025-01-26,Shopping,-1413.44
222,162,2024-07-16,Entertainment,-1072.35
223,79,2024-01-15,groceries,-632.17
224,219,2025-05-31,Transfer,1128.76
225,32,2025-02-21,shopping,-1919.16
226,80,2024-01-25,Groceries,-1367.1
227,197,2024-01-18,Healthcare,-1272.57
228,373,2024-10-15,Transfer,-8246.85
229,366,2025-06-05,Dining,-93.18
230,123,2024-11-10,Entertainment,-400.87
231,198,2024-01-06,Healthcare,-914.02
232,72,2025-01-16,Transfer,-422.79
233,354,2024-08-21,Groceries,-406.51
234,116,2024-12-14,Dining,-2155.41
235,375,2024-07-09,Transfer,-7342.63
236,395,2024-01-05,Entertainment,-1771.46
237,323,2024-01-11,Dining,-1048.41
238,155,2024-12-10,Shopping,-77.04
239,446,2024-12-12,Dining,-1257.07
240,322,2024-06-24,Shopping,-699.73
241,303,2024-02-14,Salary Credit,40768.78
242,401,2025-02-25,GROCERIES,-1418.93
243,413,2024-03-23,Salary Credit,51956.34
244,37,2024-04-12,Salary Credit,43786.01
245,413,2024-09-03,shopping,-652.83
246,359,2025-01-25,Entertainment,-580.78
247,97,2025-06-26,groceries,-778.53
248,144,2024-12-06,groceries,-1761.72
249,353,2025-06-07,Shopping,-1515.08
250,102,2024-12-21,Shopping,-1180.18
251,212,2025-04-07,Dining,-1767.03
252,323,2024-04-05,Healthcare,-1200.48
253,305,2024-01-31,dining ,-1.36
254,426,2024-12-30,Utilities,-200.71
255,53,2025-06-15,Transfer,-6805.04
256,139,2025-02-05,Entertainment,-36.59
257,461,2024-07-06,shopping,-857.12
258,267,2024-09-23,groceries,-1097.26
259,117,2024-03-02,Utilities,-269.98
260,136,2024-07-04,dining ,-300.97
261,159,2025-01-07,Shopping,-142.71
262,260,2024-03-31,ATM Withdrawal,-428.76
263,134,2024-09-19,Travel,-1750.47
264,292,2024-06-07,Shopping,-1557.73
265,209,2024-09-24,Transfer,897.94
266,286,2025-02-20,dining ,-2249.66
267,73,2025-04-27,dining ,-1596.31
268,292,2024-08-11,Transfer,-3136.89
269,433,2025-03-26,groceries,-2268.41
270,64,2025-01-17,dining ,-1323.84
271,154,2025-05-17,GROCERIES,-1486.21
272,325,2025-02-07,Shopping,-262.22
273,289,2024-10-27,Salary Credit,32870.09
274,316,2025-01-02,Shopping,-213.06
275,262,2024-06-22,Travel,-3074.73
276,320,2025-01-02,Shopping,-455.18
277,286,2025-01-21,Dining,-1258.66
278,35,2024-11-28,Transfer,4937.53
279,352,2024-02-26,Healthcare,-1061.17
280,210,2024-10-09,Shopping,-1041.11
281,25,2025-01-22,Travel,-1631.95
282,192,2024-04-17,Transfer,-1880.59
283,204,2025-03-05,dining ,-803.52
284,41,2025-04-04,Utilities,-873.36
285,467,2024-10-20,Healthcare,-476.74
286,105,2025-06-09,Dining,-31.76
287,155,2025-04-12,,-1968.37
288,207,2024-09-11,Shopping,-954.57
289,390,2025-04-26,shopping,-1827.67
290,348,2025-05-23,shopping,-1546.4
291,361,2024-02-28,Dining,-1434.09
292,111,2025-06-27,ATM Withdrawal,-350.32
293,396,2024-01-03,Dining,-1267.44
294,389,2024-09-21,Healthcare,-1429.03
295,218,2025-05-26,Dining,-3180.61
296,256,2025-01-29,Groceries,-888.59
297,18,2024-05-25,shopping,-1859.0
298,356,2024-12-16,dining ,-1088.51
299,450,2024-04-26,Salary Credit,39381.99
300,222,2024-05-09,dining ,-1982.58
301,253,2025-05-11,Travel,-2902.43
302,234,2024-01-26,dining ,-1435.8
303,39,2025-06-08,Travel,-585.27
304,291,2024-09-04,GROCERIES,-1620.74
305,338,2024-02-05,Utilities,-1451.48
306,435,2025-03-05,Dining,-3194.85
307,436,2024-01-27,Transfer,-2199.24
308,231,2024-06-26,ATM Withdrawal,-2347.22
309,449,2024-05-11,dining ,-1897.82
310,248,2025-03-03,Groceries,-2041.86
311,301,2024-08-04,groceries,-1600.4
312,282,2024-12-22,dining ,-2107.47
313,468,2024-02-09,shopping,-1596.56
314,346,2025-01-14,Travel,-971.06
315,57,2025-01-22,Healthcare,-1320.8
316,34,2024-06-04,Transfer,-4652.15
317,192,2025-04-25,Groceries,-1507.25
318,242,2024-09-13,Dining,-1271.5
319,313,2024-12-29,groceries,-916.88
320,226,2024-04-09,GROCERIES,-1036.55
321,241,2025-05-23,shopping,-1196.76
322,432,2024-05-14,GROCERIES,-402.97
323,157,2024-12-07,groceries,-2121.99
324,231,2024-02-18,GROCERIES,-1513.14
325,261,2024-01-25,ATM Withdrawal,-649.66
326,220,2024-03-10,GROCERIES,-1732.08
327,454,2025-05-28,Healthcare,-742.7
328,451,2024-04-24,Travel,-742.67
329,241,2025-04-24,Utilities,-1537.17
330,211,2024-11-12,Shopping,-2487.56
331,276,2024-02-18,Shopping,-1451.89
332,85,2024-08-28,Travel,-501.71
333,200,2024-09-18,Shopping,-883.37
334,102,2024-05-25,Utilities,-1964.14
335,68,2024-11-25,Utilities,-1563.85
336,45,2025-04-14,GROCERIES,-2063.52
337,275,2025-04-26,ATM Withdrawal,-1554.11
338,1,2024-10-13,Salary Credit,51166.66
339,303,2025-05-01,ATM Withdrawal,-3011.7
340,203,2025-05-18,Healthcare,-17.09
341,172,2024-02-17,shopping,-3366.43
342,361,2024-12-12,Entertainment,-2042.84
343,253,2025-02-25,Travel,-3562.47
344,344,2024-01-09,Shopping,-315.07
345,333,2024-11-24,Salary Credit,48059.61
346,16,2025-05-12,dining ,-1343.44
347,101,2024-05-26,Dining,-1995.19
348,267,2025-04-12,Shopping,-1622.78
349,457,2025-05-23,groceries,-1521.96
350,73,2024-12-12,Dining,-1901.03
351,50,2024-12-09,Transfer,-3452.51
352,441,2024-10-18,shopping,-1607.92
353,453,2024-08-10,GROCERIES,-733.97
354,79,2024-09-03,Groceries,-1087.02
355,188,2024-10-11,Entertainment,-97.0
356,294,2024-09-19,Healthcare,-1250.33
357,92,2025-03-26,Salary Credit,37570.85
358,153,2025-02-23,dining ,-1170.32
359,185,2024-07-08,Utilities,-222.58
360,301,2024-10-06,Utilities,-1182.6
361,145,2024-04-27,Transfer,7699.12
362,193,2024-04-05,shopping,-663.74
363,136,2024-07-20,Transfer,7344.92
364,356,2024-02-01,Utilities,-2021.95
365,72,2025-04-10,Entertainment,-1581.53
366,108,2024-03-09,Travel,-781.09
367,117,2024-06-26,Travel,-633.28
368,424,2024-05-17,shopping,-901.66
369,443,2024-04-22,Shopping,-1146.75
370,235,2024-07-19,Entertainment,-352.88
371,74,2025-01-26,shopping,-315.17
372,354,2025-05-01,Healthcare,-2325.78
373,231,2024-04-12,Travel,-1386.69
374,398,2024-05-10,Utilities,-2304.28
375,169,2024-09-12,Utilities,-2114.11
376,468,2024-06-23,groceries,-918.79
377,378,2025-03-11,Transfer,4107.95
378,105,2024-05-01,,-2069.91
379,340,2024-08-07,Utilities,-1882.78
380,135,2024-10-24,dining ,-2088.67
381,164,2024-07-26,ATM Withdrawal,-1187.82
382,118,2024-12-02,Healthcare,-1328.32
383,320,2025-03-11,Transfer,4839.59
384,124,2024-10-17,Utilities,-582.92
385,299,2024-09-05,shopping,-1132.69
386,273,2025-06-02,Dining,-1055.99
387,352,2025-06-19,Entertainment,-787.13
388,465,2025-06-26,GROCERIES,-1912.03
389,5,2024-01-09,Healthcare,-69.21
390,464,2025-04-01,Transfer,-6012.31
391,52,2025-05-04,ATM Withdrawal,-370.48
392,247,2025-03-14,Transfer,-2713.58
393,160,2025-02-12,Utilities,-1623.75
394,300,2024-07-18,Utilities,-831.87
395,338,2025-01-30,Travel,-1351.83
396,403,2024-11-11,Dining,-1240.91
397,189,2025-03-29,ATM Withdrawal,-326.85
398,437,2024-07-10,Shopping,-1363.99
399,151,2025-02-08,Entertainment,-108.07
400,96,2025-03-03,Entertainment,-1160.61
401,178,2025-03-30,dining ,-74.11
402,248,2024-04-03,Dining,-3045.3
403,313,2025-04-15,Travel,-1975.27
404,390,2024-04-28,GROCERIES,-1421.82
405,106,2025-05-25,ATM Withdrawal,-340.34
406,142,2024-01-22,ATM Withdrawal,-952.02
407,440,2024-05-01,ATM Withdrawal,-989.23
408,206,2024-11-27,Shopping,-1417.71
409,114,2024-10-23,Transfer,-6195.65
410,462,2025-01-10,Salary Credit,46799.01
411,211,2024-08-07,Healthcare,-1508.08
412,462,2024-01-02,Transfer,-6027.39
413,431,2024-12-02,ATM Withdrawal,-625.86
414,425,2024-10-05,Groceries,-242.85
415,273,2024-10-04,Transfer,-10543.64
416,374,2024-07-24,Utilities,-1574.41
417,450,2025-04-30,Travel,-2825.48
418,126,2025-03-07,shopping,-952.73
419,18,2024-04-08,Utilities,-3369.65
420,151,2024-01-22,GROCERIES,-1271.64
421,299,2024-04-08,Dining,-2231.36
422,257,2024-01-27,Transfer,-5494.77
423,38,2025-01-21,ATM Withdrawal,-1096.32
424,263,2024-12-04,Healthcare,-756.48
425,82,2024-09-09,Transfer,7940.73
426,237,2024-11-18,Travel,-1192.02
427,270,2025-03-16,Transfer,-7711.38
428,298,2025-03-28,shopping,-2472.9
429,194,2024-08-24,Utilities,-1579.05
430,192,2024-11-18,Healthcare,-159.87
431,318,2024-11-10,Entertainment,-911.81
432,351,2025-06-01,GROCERIES,-1177.32
433,379,2025-02-19,Transfer,-5037.25
434,157,2024-06-20,groceries,-2386.56
435,199,2025-04-28,Entertainment,-2222.6
436,155,2024-08-04,Salary Credit,43840.69
437,247,2025-02-16,Dining,-3387.09
438,60,2025-06-16,Transfer,-4196.93
439,202,2025-03-16,shopping,-216.84
440,89,2024-02-28,groceries,-203.25
441,250,2024-04-22,Transfer,-1459.78
442,399,2025-03-09,Transfer,-7224.51
443,462,2024-03-08,Shopping,-404.8
444,209,2024-01-07,ATM Withdrawal,-1289.89
445,27,2024-05-20,Groceries,-1925.82
446,107,2024-09-22,Utilities,-630.03
447,50,2024-03-10,ATM Withdrawal,-2794.99
448,356,2024-03-24,Dining,-2147.28
449,461,2024-07-03,Shopping,-1929.46
450,260,2024-11-22,Healthcare,-2281.87
451,83,2024-10-23,Transfer,-1124.61
452,10,2025-03-11,shopping,-1003.29
453,457,2025-06-18,Shopping,-2332.53
454,149,2024-01-19,Entertainment,-1193.67
455,53,2025-01-10,Entertainment,-1868.41
456,83,2024-03-30,Groceries,-2503.36
457,120,2024-07-15,shopping,-1833.26
458,307,2024-07-05,Dining,-968.06
459,418,2025-01-16,Groceries,-1718.14
460,129,2024-05-19,Utilities,-303.9
461,322,2025-05-02,Salary Credit,48922.81
462,31,2024-07-27,Transfer,5452.85
463,5,2025-03-20,Entertainment,-2245.38
464,26,2025-06-02,Travel,-1450.77
465,433,2024-10-05,Travel,-1332.26
466,273,2024-02-25,dining ,-2849.1
467,377,2025-01-17,Dining,-337.95
468,11,2024-08-18,groceries,-2452.92
469,11,2024-07-03,Healthcare,-2381.67
470,398,2024-09-06,GROCERIES,-1960.77
471,49,2024-06-12,Transfer,3786.46
472,73,2024-06-01,Utilities,-1508.43
473,243,2025-06-23,Shopping,-476.14
474,284,2024-05-31,Entertainment,-694.1
475,108,2024-09-06,Healthcare,-1318.3
476,209,2025-01-24,dining ,-404.74
477,316,2024-04-30,Entertainment,-990.0
478,208,2024-12-02,Dining,-208.2
479,180,2025-05-03,Transfer,9904.58
480,34,2025-03-18,GROCERIES,-3177.23
481,212,2024-01-16,Shopping,-269.83
482,376,2024-08-08,ATM Withdrawal,-427.96
483,294,2024-01-01,Transfer,-4850.08
484,418,2024-11-26,Transfer,4724.01
485,60,2024-06-26,Utilities,-2169.79
486,6,2025-05-02,Entertainment,-1781.5
487,257,2024-04-05,Utilities,-288.44
488,84,2025-04-08,dining ,-1352.49
489,278,2024-07-05,Groceries,-187.43
490,424,2025-05-16,dining ,-793.77
491,158,2024-04-18,Groceries,-931.54
492,258,2024-05-26,ATM Withdrawal,-1969.27
493,320,2024-07-10,groceries,-1275.47
494,71,2025-06-21,Shopping,-882.42
495,420,2025-02-03,groceries,-3188.07
496,95,2025-03-20,ATM Withdrawal,-497.24
497,379,2024-10-28,Utilities,-1560.35
498,309,2025-03-09,Utilities,-1901.61
499,66,2024-12-07,Salary Credit,47239.38
500,340,2024-12-29,Healthcare,-492.01
501,92,2025-04-01,Healthcare,-446.07
502,281,2025-06-19,Utilities,-1858.69
503,450,2024-11-09,Healthcare,-2240.76
504,447,2024-08-28,Salary Credit,45469.72
505,408,2024-12-21,Entertainment,-114.16
506,232,2025-02-08,GROCERIES,-1309.06
507,262,2025-06-21,Groceries,-2663.17
508,141,2025-01-15,groceries,-394.3
509,432,2025-06-04,Transfer,-4379.64
510,224,2025-02-02,Groceries,-1351.92
511,362,2025-06-02,Dining,-2279.12
512,169,2025-02-13,shopping,-823.06
513,347,2025-04-27,Healthcare,-1735.41
514,106,2024-04-13,Shopping,-2551.59
515,344,2025-06-24,ATM Withdrawal,-33.92
516,22,2024-07-09,dining ,-119.66
517,50,2025-03-10,Entertainment,-1215.25
518,165,2024-08-01,GROCERIES,-2181.91
519,226,2024-09-06,Utilities,-1599.12
520,333,2025-02-11,shopping,-2262.32
521,169,2024-10-21,dining ,-232.41
522,9,2025-01-25,ATM Withdrawal,-1610.8
523,153,2024-02-13,ATM Withdrawal,-1262.6
524,206,2025-03-30,Dining,-2493.78
525,255,2024-08-10,,-2369.51
526,302,2025-03-05,GROCERIES,-1003.89
527,116,2024-06-04,groceries,-779.17
528,286,2024-11-20,Entertainment,-1111.48
529,296,2024-11-16,Salary Credit,54815.7
530,364,2024-03-17,groceries,-1671.91
531,245,2024-09-15,Groceries,-2963.47
532,380,2024-12-12,Transfer,11421.47
533,104,2025-03-31,Transfer,-736.64
534,334,2025-04-28,Entertainment,-615.58
535,22,2024-07-28,Dining,-132.88
536,49,2024-12-16,shopping,-1961.2
537,405,2024-04-05,Groceries,-208.22
538,223,2025-05-03,Transfer,-7386.9
539,291,2025-04-18,Travel,-1460.6
540,283,2025-06-28,ATM Withdrawal,-1196.05
541,326,2024-09-22,groceries,-349.81
542,115,2024-07-14,Transfer,7126.94
543,84,2025-02-17,dining ,-837.8
544,20,2025-01-29,Transfer,9800.65
545,405,2024-04-25,Dining,-1013.78
546,105,2024-10-21,Transfer,-9267.37
547,270,2024-12-16,groceries,-1462.69
548,213,2024-09-04,ATM Withdrawal,-1828.79
549,76,2024-07-21,Transfer,3245.33
550,194,2024-05-10,Travel,-663.82
551,39,2024-08-12,Dining,-2502.99
552,83,2024-05-14,Utilities,-975.74
553,66,2024-06-12,Utilities,-1857.12
554,386,2024-04-10,Salary Credit,45205.85
555,266,2024-07-24,groceries,-970.33
556,434,2024-12-10,Groceries,-33.35
557,205,2024-07-24,Utilities,-426.71
558,95,2024-03-18,Utilities,-986.62
559,285,2025-03-12,dining ,-1039.03
560,436,2024-08-23,ATM Withdrawal,-500.6
561,250,2024-11-14,groceries,-1422.08
562,9,2024-10-12,Entertainment,-3058.78
563,143,2024-10-02,Transfer,9783.71
564,433,2024-08-26,Travel,-1276.35
565,243,2025-02-15,Entertainment,-1307.6
566,446,2025-04-10,Salary Credit,50614.43
567,239,2025-05-07,shopping,-1476.62
568,6,2024-08-29,Utilities,-1833.19
569,409,2024-07-04,ATM Withdrawal,-1502.17
570,358,2024-02-15,Groceries,-1338.64
571,335,2024-08-29,Shopping,-667.13
572,455,2025-06-24,groceries,-1568.49
573,92,2024-05-21,Travel,-793.49
574,424,2025-04-05,Salary Credit,47494.88
575,109,2025-02-16,dining ,-618.02
576,455,2024-12-25,dining ,-1481.4
577,90,2024-11-04,Transfer,8975.06
578,258,2025-02-16,Dining,-1322.8
579,370,2024-02-23,Groceries,-1243.97
580,37,2024-03-10,Utilities,-1607.72
581,32,2024-04-16,Healthcare,-464.84
582,398,2025-02-21,ATM Withdrawal,-2252.25
583,29,2024-08-23,Shopping,-1866.75
584,288,2024-04-23,Transfer,-3489.75
585,440,2024-01-25,,-289.95
586,288,2024-09-23,Transfer,-4677.0
587,226,2024-08-05,ATM Withdrawal,-223.75
588,196,2024-04-07,Entertainment,-788.83
589,299,2024-01-13,Salary Credit,40267.57
590,268,2025-02-14,Dining,-1017.98
591,235,2025-02-28,groceries,-1025.17
592,72,2024-05-14,groceries,-1639.29
593,311,2024-09-26,Shopping,-1228.12
594,347,2024-05-17,Healthcare,-1561.86
595,332,2024-08-10,Transfer,-5746.55
596,36,2024-02-29,Transfer,-7051.17
597,329,2025-05-30,ATM Withdrawal,-1269.61
598,342,2025-01-27,Entertainment,-877.09
599,86,2025-05-06,ATM Withdrawal,-686.41
600,398,2024-06-10,Dining,-1307.44
601,246,2025-04-20,shopping,-629.1
602,222,2024-10-09,Travel,-1694.01
603,339,2024-04-17,dining ,-1852.8
604,239,2024-06-30,Dining,-45.6
605,255,2025-03-18,Utilities,-1401.15
606,147,2025-02-26,dining ,-47.19
607,435,2025-01-27,Dining,-1631.7
608,454,2024-05-03,Entertainment,-780.11
609,62,2024-12-19,Utilities,-476.21
610,344,2025-05-27,Transfer,-131.34
611,11,2024-01-27,groceries,-1117.04
612,173,2024-06-24,Healthcare,-157.8
613,454,2024-02-13,Transfer,-5557.89
614,82,2024-02-26,Entertainment,-2072.32
615,177,2025-06-27,Shopping,-1555.03
616,103,2024-05-10,Salary Credit,33552.11
617,341,2024-04-07,Utilities,-1076.9
618,218,2024-02-10,Travel,-1812.51
619,278,2025-06-18,Transfer,-4590.83
620,442,2024-09-12,Groceries,-1492.98
621,244,2025-03-07,GROCERIES,-806.47
622,344,2024-05-16,Entertainment,-853.77
623,46,2024-12-15,groceries,-606.35
624,101,2025-04-27,ATM Withdrawal,-1750.81
625,444,2024-12-31,Dining,-1807.58
626,403,2024-10-08,Utilities,-700.34
627,308,2024-04-24,Utilities,-1879.38
628,177,2024-05-07,Shopping,-84.28
629,94,2024-11-21,Transfer,-938.98
630,399,2024-09-02,Entertainment,-181.33
631,368,2024-01-26,dining ,-29.1
632,114,2024-04-16,Utilities,-609.84
633,277,2024-08-23,Transfer,6859.25
634,290,2024-04-07,groceries,-1129.47
635,224,2024-10-28,groceries,-674.48
636,434,2024-06-12,shopping,-1043.85
637,59,2024-06-07,Transfer,6715.45
638,121,2024-02-29,Utilities,-822.87
639,45,2024-10-01,Groceries,-563.48
640,325,2024-04-12,Healthcare,-1129.01
641,302,2024-12-09,Healthcare,-1600.99
642,463,2025-05-26,ATM Withdrawal,-1415.09
643,254,2025-05-12,ATM Withdrawal,-1155.45
644,71,2024-12-29,Healthcare,-2511.74
645,212,2025-03-16,Salary Credit,61118.85
646,42,2025-05-17,Transfer,-5021.16
647,314,2025-01-06,Shopping,-1109.92
648,316,2024-05-19,Dining,-1056.24
649,402,2024-09-29,Transfer,-6127.57
650,159,2025-04-12,ATM Withdrawal,-2344.39
651,146,2024-12-30,Utilities,-1041.16
652,34,2024-07-16,Salary Credit,43642.71
653,195,2024-04-01,Transfer,-9465.78
654,223,2024-03-19,Utilities,-1553.85
655,354,2024-07-24,Transfer,197.27
656,353,2025-03-14,Groceries,-1831.91
657,66,2024-10-28,Salary Credit,53073.02
658,134,2024-02-02,Healthcare,-1379.94
659,240,2025-05-15,Entertainment,-610.0
660,157,2024-08-08,Entertainment,-1598.54
661,12,2024-07-31,ATM Withdrawal,-265.93
662,396,2025-03-22,shopping,-146.83
663,343,2024-07-24,ATM Withdrawal,-1921.92
664,244,2024-12-02,Utilities,-2186.23
665,149,2025-05-17,shopping,-531.64
666,395,2024-10-09,Shopping,-151.2
667,17,2024-11-30,Shopping,-409.94
668,209,2024-07-11,Travel,-1377.88
669,375,2025-04-30,Utilities,-152.22
670,446,2024-02-10,Utilities,-2355.45
671,118,2024-05-30,Dining,-781.59
672,305,2025-06-24,Travel,-1529.66
673,89,2024-09-20,groceries,-531.12
674,55,2024-04-05,Entertainment,-1725.62
675,166,2024-08-13,Groceries,-1799.3
676,415,2024-05-19,Transfer,-33.43
677,323,2024-10-13,dining ,-588.3
678,229,2024-05-08,Entertainment,-1059.04
679,133,2024-08-05,ATM Withdrawal,-727.34
680,67,2025-05-09,Entertainment,-1984.42
681,127,2024-02-14,Entertainment,-662.53
682,72,2025-02-20,ATM Withdrawal,-1843.37
683,88,2024-02-12,dining ,-1636.2
684,322,2024-09-06,shopping,-1102.85
685,63,2024-12-30,Utilities,-1880.71
686,23,2025-06-04,Entertainment,-184.14
687,254,2024-05-16,Entertainment,-1144.48
688,135,2024-01-29,Utilities,-503.19
689,213,2025-02-13,ATM Withdrawal,-1103.78
690,66,2025-05-02,Utilities,-777.53
691,99,2024-11-03,ATM Withdrawal,-1253.99
692,207,2024-02-02,Salary Credit,45075.89
693,323,2024-09-29,Shopping,-1324.88
694,194,2024-08-01,Entertainment,-1360.55
695,254,2024-09-03,dining ,-1716.02
696,245,2024-01-30,Transfer,-6528.1
697,126,2024-06-21,ATM Withdrawal,-161.37
698,131,2025-06-28,Utilities,-1314.93
699,200,2024-01-25,Travel,-2975.22
700,15,2025-05-13,Groceries,-355.04
701,321,2024-10-09,Shopping,-796.77
702,288,2024-11-14,Entertainment,-477.36
703,144,2025-05-23,GROCERIES,-790.99
704,175,2024-04-28,GROCERIES,-1386.12
705,154,2025-06-20,shopping,-1418.5
706,305,2024-05-30,Utilities,-113.9
707,356,2024-07-09,Utilities,-800.71
708,51,2024-09-02,Salary Credit,47950.04
709,194,2024-11-23,Travel,-1414.69
710,7,2024-06-24,Transfer,-5384.76
711,212,2025-03-08,Travel,-1884.38
712,117,2024-01-12,Salary Credit,44128.08
713,158,2024-12-29,Travel,-2453.02
714,214,2024-12-23,Dining,-936.17
715,152,2024-10-18,Shopping,-1825.07
716,185,2024-11-30,ATM Withdrawal,-1857.11
717,358,2025-02-11,Healthcare,-275.24
718,380,2025-05-07,groceries,-1596.81
719,3,2024-04-29,Shopping,-623.87
720,177,2024-09-16,Salary Credit,36929.2
721,397,2024-11-02,Groceries,-818.02
722,249,2024-07-06,Transfer,-305.31
723,97,2025-06-14,Utilities,-1224.2
724,278,2024-10-05,Entertainment,-1004.18
725,68,2024-11-18,Shopping,-2134.36
726,11,2024-04-16,Dining,-629.81
727,296,2024-08-14,ATM Withdrawal,-2270.84
728,242,2024-12-06,dining ,-1548.12
729,355,2024-08-21,ATM Withdrawal,-1169.86
730,162,2025-02-23,Transfer,8820.98
731,400,2024-03-15,Shopping,-2930.28
732,198,2024-03-24,Utilities,-1010.51
733,346,2024-07-03,Travel,-533.92
734,47,2024-06-22,shopping,-1586.09
735,46,2025-03-20,ATM Withdrawal,-80.73
736,367,2025-04-17,Salary Credit,34591.77
737,391,2024-09-14,Travel,-2376.19
738,442,2024-10-02,Transfer,-2425.49
739,152,2024-06-09,Transfer,14405.14
740,11,2024-10-16,ATM Withdrawal,-43.92
741,459,2025-01-20,Utilities,-1757.75
742,282,2025-01-28,shopping,-483.15
743,116,2025-06-12,Travel,-2802.96
744,358,2024-11-10,Transfer,4146.16
745,424,2024-07-04,Transfer,-426.27
746,134,2024-02-07,Entertainment,-3074.38
747,361,2025-01-09,Dining,-643.84
748,369,2025-03-14,ATM Withdrawal,-1632.17
749,235,2024-10-28,Entertainment,-1204.25
750,296,2025-05-17,Dining,-703.69
751,127,2024-06-21,groceries,-804.92
752,435,2024-01-30,GROCERIES,-994.53
753,461,2024-12-11,Salary Credit,42826.53
754,460,2024-03-07,Travel,-1486.89
755,345,2024-02-15,Dining,-3130.92
756,20,2025-01-17,shopping,-1780.04
757,172,2024-08-24,Transfer,-4084.49
758,209,2024-11-25,Entertainment,-18.05
759,450,2025-02-11,Transfer,-4162.21
760,256,2024-07-27,Entertainment,-538.96
761,251,2024-11-29,Salary Credit,44599.43
762,69,2024-10-20,Transfer,-33.08
763,372,2024-11-12,Travel,-2340.28
764,158,2025-01-18,Entertainment,-1073.29
765,43,2024-07-26,Entertainment,-902.97
766,463,2024-10-01,ATM Withdrawal,-205.7
767,89,2024-11-18,Travel,-772.14
768,8,2024-03-17,Utilities,-423.02
769,37,2024-04-25,Utilities,-125.41
770,212,2024-02-18,Groceries,-1346.45
771,49,2024-04-17,GROCERIES,-778.06
772,395,2024-08-27,Travel,-1873.74
773,240,2025-05-26,GROCERIES,-875.68
774,152,2025-05-17,Entertainment,-1303.31
775,2,2025-02-19,Salary Credit,45690.29
776,225,2024-10-30,Transfer,6154.44
777,71,2024-04-20,Travel,-442.96
778,458,2024-07-14,dining ,-2009.21
779,137,2025-02-21,Utilities,-138.0
780,223,2025-05-10,Entertainment,-1238.19
781,9,2025-06-08,Groceries,-115.57
782,62,2024-07-30,ATM Withdrawal,-1091.34
783,98,2024-09-22,Dining,-2001.76
784,25,2024-10-04,Utilities,-1699.93
785,340,2024-01-31,groceries,-2152.7
786,443,2024-03-04,shopping,-927.1
787,462,2024-01-25,groceries,-2018.03
788,125,2025-02-05,Entertainment,-577.0
789,370,2024-05-02,GROCERIES,-787.4
790,236,2025-01-16,dining ,-1317.03
791,22,2024-07-23,Groceries,-1965.0
792,43,2025-03-08,Healthcare,-707.39
793,257,2024-03-03,Salary Credit,50561.1
794,199,2024-06-26,Salary Credit,46849.5
795,4,2024-04-21,Shopping,-1503.19
796,436,2024-08-25,Entertainment,-430.83
797,342,2024-11-02,GROCERIES,-853.76
798,236,2024-04-01,Transfer,-6012.49
799,462,2024-12-29,Transfer,2577.77
800,455,2025-06-09,groceries,-37.22
801,456,2024-01-24,GROCERIES,-719.49
802,122,2024-02-16,shopping,-1871.23
803,413,2025-06-02,GROCERIES,-2049.68
804,237,2024-12-19,Utilities,-608.72
805,340,2025-05-16,Travel,-1268.1
806,403,2025-01-19,dining ,-860.58
807,77,2025-01-25,ATM Withdrawal,-2295.33
808,210,2024-03-26,shopping,-1010.76
809,61,2024-10-05,Salary Credit,49364.09
810,131,2024-07-18,Shopping,-817.29
811,194,2025-03-30,Travel,-581.62
812,401,2024-01-24,Shopping,-1890.51
813,404,2024-01-10,Entertainment,-2170.53
814,183,2024-10-30,Travel,-57.98
815,155,2025-06-12,Salary Credit,54139.53
816,249,2025-06-26,Transfer,1996.18
817,427,2024-11-19,,45086.55
818,458,2024-08-22,Dining,-1656.45
819,107,2024-05-28,Groceries,-164.16
820,88,2025-06-23,shopping,-584.49
821,331,2024-04-09,ATM Withdrawal,-754.69
822,142,2024-03-09,Transfer,3114.31
823,94,2024-10-04,ATM Withdrawal,-2432.65
824,15,2024-08-01,groceries,-1210.88
825,189,2024-09-27,Transfer,-5629.07
826,184,2025-05-06,Salary Credit,57549.55
827,264,2024-05-27,Healthcare,-397.47
828,94,2025-04-22,Transfer,4736.14
829,335,2024-04-25,Travel,-212.16
830,319,2024-06-25,ATM Withdrawal,-1930.26
831,217,2024-01-03,Salary Credit,53912.19
832,85,2025-01-04,Utilities,-1985.5
833,238,2025-04-12,shopping,-1087.79
834,316,2025-04-27,dining ,-140.49
835,175,2024-04-01,groceries,-1122.24
836,124,2025-02-21,ATM Withdrawal,-590.06
837,238,2024-03-18,Travel,-2030.39
838,167,2024-12-08,Transfer,3655.82
839,188,2025-01-17,Shopping,-3156.58
840,164,2024-03-24,Transfer,7397.96
841,143,2024-03-01,ATM Withdrawal,-2168.34
842,336,2024-02-09,Transfer,1698.92
843,216,2025-01-21,Travel,-2160.12
844,219,2024-11-30,Healthcare,-2542.89
845,306,2024-03-06,Travel,-42.16
846,170,2024-09-29,Transfer,-3447.53
847,48,2025-03-09,shopping,-377.17
848,400,2024-05-09,dining ,-1633.28
849,27,2024-11-26,Salary Credit,53690.76
850,268,2024-06-08,Shopping,-868.52
851,125,2024-05-22,Dining,-865.92
852,101,2024-08-01,Travel,-561.07
853,20,2024-07-10,dining ,-341.18
854,422,2024-09-27,Healthcare,-2556.58
855,201,2024-04-21,Salary Credit,48941.29
856,161,2024-07-31,dining ,-2033.66
857,347,2024-12-05,Transfer,4180.82
858,19,2024-07-30,Salary Credit,45148.94
859,265,2024-12-23,ATM Withdrawal,-1491.82
860,232,2024-03-04,shopping,-2438.44
861,260,2024-03-16,GROCERIES,-594.52
862,59,2025-04-16,dining ,-1075.72
863,446,2024-09-08,Transfer,2620.24
864,112,2024-11-27,Transfer,-7760.42
865,318,2025-02-07,Transfer,10242.36
866,350,2024-03-20,groceries,-1888.91
867,161,2025-06-13,Transfer,-10560.32
868,62,2024-08-19,Travel,-1612.99
869,139,2025-04-29,ATM Withdrawal,-1922.47
870,378,2024-08-15,Utilities,-1326.88
871,425,2024-08-09,Transfer,-5881.1
872,439,2024-11-23,Healthcare,-1080.34
873,106,2024-04-14,dining ,-1949.32
874,284,2024-11-27,Transfer,-6257.78
875,71,2025-06-19,Salary Credit,38175.64
876,333,2024-12-17,Utilities,-1658.87
877,195,2024-02-08,Utilities,-3354.71
878,334,2025-01-15,ATM Withdrawal,-1829.87
879,321,2024-01-19,Utilities,-2256.53
880,465,2024-02-26,groceries,-2012.23
881,229,2024-06-04,Entertainment,-893.19
882,160,2024-06-15,shopping,-1081.48
883,247,2024-01-02,Transfer,6343.62
884,77,2024-01-10,Salary Credit,28288.9
885,53,2025-03-06,shopping,-944.52
886,243,2024-09-04,Transfer,-1305.23
887,387,2024-04-18,Groceries,-327.28
888,250,2024-08-22,Utilities,-2403.62
889,366,2025-01-12,Salary Credit,16353.36
890,84,2025-02-04,Healthcare,-1444.32
891,211,2024-06-06,Travel,-2247.21
892,287,2024-04-01,Healthcare,-1175.58
893,163,2025-06-06,Transfer,9225.88
894,7,2024-12-10,Shopping,-815.36
895,35,2025-06-19,Travel,-385.44
896,435,2024-06-16,Groceries,-1191.51
897,284,2024-03-01,Salary Credit,41947.57
898,124,2024-07-27,Groceries,-685.36
899,122,2024-06-27,Travel,-1037.58
900,19,2025-01-27,Dining,-487.21
901,443,2025-01-25,Healthcare,-445.9
902,51,2024-02-08,Utilities,-190.21
903,356,2024-11-16,Shopping,-1574.88
904,113,2024-07-05,Travel,-300.92
905,158,2024-12-01,GROCERIES,-82.16
906,129,2024-08-01,Utilities,-233.66
907,386,2024-10-19,Transfer,-7008.14
908,16,2025-01-25,Salary Credit,51008.26
909,165,2024-06-08,Travel,-1392.87
910,131,2024-04-18,Transfer,-6606.62
911,128,2025-01-19,groceries,-1150.69
912,91,2025-05-31,Transfer,6320.65
913,428,2024-08-29,GROCERIES,-543.32
914,178,2025-06-27,Entertainment,-231.92
915,196,2024-04-10,Healthcare,-2416.94
916,181,2025-03-22,Transfer,-5376.06
917,459,2025-06-22,Groceries,-2146.61
918,159,2024-06-12,Shopping,-210.01
919,160,2024-03-21,Transfer,-870.12
920,154,2024-12-27,shopping,-1781.7
921,154,2025-04-18,Utilities,-646.96
922,42,2024-02-15,Shopping,-701.15
923,283,2024-12-15,groceries,-2960.22
924,12,2025-04-19,shopping,-1799.65
925,106,2024-01-18,Groceries,-1788.68
926,95,2024-10-08,Salary Credit,35383.11
927,137,2024-02-11,Travel,-471.79
928,355,2024-04-06,dining ,-2073.57
929,281,2024-09-22,groceries,-816.34
930,464,2024-06-27,Entertainment,-748.58
931,165,2024-02-16,shopping,-469.52
932,435,2025-03-12,Salary Credit,37598.87
933,22,2024-04-20,Transfer,-3677.16
934,236,2025-04-19,Salary Credit,36554.23
935,374,2024-04-06,Travel,-105.59
936,249,2024-10-10,Salary Credit,47040.66
937,437,2025-01-31,Dining,-2159.69
938,148,2024-09-18,shopping,-362.64
939,16,2024-08-15,dining ,-1376.0
940,363,2025-02-13,Entertainment,-1687.27
941,32,2024-01-07,Shopping,-1601.86
942,358,2025-03-26,Dining,-1000.9
943,344,2025-01-10,Salary Credit,40223.44
944,396,2025-02-20,groceries,-1882.73
945,225,2024-08-17,Travel,-1501.77
946,420,2024-07-28,Entertainment,-504.87
947,80,2024-11-07,Transfer,5166.46
948,204,2024-12-15,ATM Withdrawal,-215.65
949,58,2025-05-19,Shopping,-980.9
950,359,2025-04-12,Travel,-1642.38
951,335,2024-01-30,Groceries,-455.4
952,378,2024-03-23,Salary Credit,46863.91
953,358,2025-05-30,shopping,-309.42
954,145,2024-07-30,Groceries,-86.99
955,32,2024-11-12,groceries,-1754.03
956,435,2024-01-31,Groceries,-2256.6
957,231,2024-02-27,dining ,-134.65
958,45,2024-08-10,GROCERIES,-2057.72
959,434,2025-01-25,Travel,-1188.28
960,466,2025-02-24,shopping,-792.1
961,209,2025-05-02,Travel,-91.45
962,361,2024-04-17,Dining,-1747.44
963,17,2024-04-20,shopping,-261.55
964,44,2024-10-22,Transfer,-3144.33
965,130,2024-10-25,Utilities,-1126.78
966,308,2024-01-20,Utilities,-1603.22
967,63,2024-08-31,Shopping,-1366.21
968,16,2025-05-04,dining ,-2611.7
969,313,2024-03-30,Utilities,-465.78
970,361,2025-03-22,shopping,-1288.74
971,346,2024-08-31,Travel,-1607.36
972,375,2024-10-12,,8153.81
973,376,2024-12-15,Transfer,-3697.79
974,282,2025-01-19,Travel,-1786.33
975,244,2024-12-13,Travel,-366.73
976,402,2024-02-26,Healthcare,-1130.07
977,163,2024-06-09,shopping,-1651.12
978,46,2025-04-05,Healthcare,-2077.85
979,352,2024-01-22,Transfer,5271.65
980,130,2025-01-24,Dining,-1128.46
981,459,2024-10-10,Dining,-1693.91
982,194,2024-03-06,dining ,-3170.29
983,399,2024-03-07,Transfer,7563.77
984,20,2025-06-18,Utilities,-1543.39
985,309,2024-01-17,ATM Withdrawal,-32.07
986,210,2024-01-13,Shopping,-439.97
987,217,2024-01-10,Transfer,-7730.06
988,125,2024-12-08,Transfer,2189.71
989,455,2025-05-19,GROCERIES,-1778.21
990,184,2024-04-03,Utilities,-1307.73
991,399,2025-03-09,Shopping,-1519.44
992,199,2025-01-26,Transfer,-3210.11
993,23,2024-05-05,ATM Withdrawal,-323.61
994,412,2024-02-08,shopping,-1750.43
995,87,2024-09-22,Transfer,-4769.83
996,127,2024-02-14,Travel,-230.48
997,403,2024-03-02,GROCERIES,-1400.95
998,419,2024-09-11,Entertainment,-4280.97
999,430,2025-03-20,Shopping,-1018.67
1000,200,2025-06-25,Transfer,2755.85
1001,355,2024-12-08,Travel,-956.58
1002,154,2024-05-30,shopping,-2059.31
1003,347,2024-06-27,Utilities,-1214.0
1004,236,2024-11-29,Travel,-621.63
1005,25,2024-04-04,Groceries,-1176.22
1006,196,2024-10-09,ATM Withdrawal,-2086.6
1007,219,2025-02-23,Utilities,-3129.1
1008,121,2025-04-03,Utilities,-2158.96
1009,176,2024-02-02,Utilities,-745.75
1010,236,2024-06-06,Travel,-990.41
1011,24,2024-05-18,Shopping,-997.11
1012,72,2024-10-29,ATM Withdrawal,-419.48
1013,359,2024-04-10,ATM Withdrawal,-1060.44
1014,165,2025-06-02,Travel,-953.58
1015,285,2025-05-14,Shopping,-119.5
1016,265,2024-06-30,Groceries,-1954.32
1017,258,2024-08-09,,-1578.83
1018,194,2024-08-27,Entertainment,-623.15
1019,227,2024-01-24,shopping,-1333.02
1020,386,2025-04-29,Healthcare,-331.9
1021,452,2025-02-28,Dining,-702.97
1022,121,2024-06-30,ATM Withdrawal,-1818.91
1023,314,2024-10-25,ATM Withdrawal,-1623.94
1024,454,2024-07-26,ATM Withdrawal,-738.13
1025,4,2024-05-04,ATM Withdrawal,-1480.32
1026,368,2024-06-14,GROCERIES,-1133.06
1027,233,2024-02-28,ATM Withdrawal,-302.46
1028,453,2025-03-17,shopping,-1049.48
1029,271,2024-12-22,shopping,-1588.83
1030,393,2025-05-22,GROCERIES,-1475.54
1031,78,2024-01-04,Dining,-323.36
1032,67,2024-12-09,Entertainment,-1349.49
1033,434,2024-11-01,Utilities,-1222.88
1034,247,2024-12-05,Travel,-508.45
1035,262,2025-06-23,dining ,-472.76
1036,80,2024-07-31,Salary Credit,48933.05
1037,107,2024-03-17,ATM Withdrawal,-2446.32
1038,383,2024-01-07,Entertainment,-276.47
1039,142,2024-09-25,Shopping,-2081.37
1040,274,2024-04-04,Utilities,-492.34
1041,149,2024-03-17,groceries,-2457.77
1042,124,2024-03-21,dining ,-985.2
1043,78,2024-05-30,Salary Credit,39282.22
1044,436,2024-03-04,Healthcare,-1519.08
1045,440,2024-09-21,GROCERIES,-333.75
1046,54,2024-12-22,Travel,-1664.33
1047,166,2024-06-06,ATM Withdrawal,-1088.43
1048,264,2024-03-15,Shopping,-2229.02
1049,180,2024-11-07,ATM Withdrawal,-470.36
1050,338,2024-02-16,Shopping,-1371.99
1051,122,2025-02-05,Dining,-2159.82
1052,28,2024-07-27,shopping,-1498.35
1053,158,2024-08-11,Travel,-2145.46
1054,280,2024-05-15,ATM Withdrawal,-395.43
1055,85,2024-06-03,Dining,-1854.88
1056,382,2024-03-20,Shopping,-1869.97
1057,6,2024-10-31,Healthcare,-267.88
1058,32,2024-03-20,shopping,-2189.56
1059,239,2025-01-05,dining ,-1494.64
1060,240,2024-05-19,Healthcare,-946.67
1061,139,2024-11-04,Dining,-931.18
1062,122,2024-10-19,Transfer,-1885.95
1063,33,2024-12-11,Groceries,-1767.73
1064,311,2025-02-17,Entertainment,-1471.84
1065,178,2024-11-01,dining ,-1724.63
1066,56,2025-04-09,Travel,-1271.09
1067,188,2024-05-21,Healthcare,-1385.21
1068,439,2025-02-13,shopping,-933.69
1069,123,2024-07-05,Dining,-2169.11
1070,419,2024-12-08,Groceries,-1745.73
1071,122,2024-09-25,GROCERIES,-1355.56
1072,88,2025-05-09,Utilities,-1078.89
1073,122,2024-05-27,Shopping,-391.16
1074,152,2024-10-10,shopping,-586.17
1075,57,2024-03-30,Entertainment,-868.53
1076,276,2024-12-11,Transfer,-2885.41
1077,157,2024-01-21,Entertainment,-601.02
1078,337,2024-08-12,Shopping,-324.89
1079,230,2024-01-06,Travel,-38.65
1080,208,2024-06-27,Shopping,-377.41
1081,221,2024-09-20,Travel,-1450.77
1082,74,2024-06-29,Dining,-757.34
1083,334,2024-07-29,Transfer,3388.36
1084,49,2024-03-21,ATM Withdrawal,-636.36
1085,338,2025-01-24,Utilities,-1413.3
1086,468,2025-03-10,Travel,-1551.27
1087,358,2024-09-04,dining ,-482.1
1088,214,2024-01-31,Shopping,-515.77
1089,148,2024-02-04,Utilities,-1119.55
1090,409,2025-01-02,Entertainment,-1595.02
1091,121,2025-05-21,,-1314.92
1092,226,2025-04-16,Travel,-1940.57
1093,361,2024-08-08,ATM Withdrawal,-70.66
1094,432,2024-09-28,Entertainment,-1573.66
1095,432,2024-03-29,Transfer,-5143.16
1096,42,2024-02-08,shopping,-1279.63
1097,421,2025-02-21,Utilities,-1667.33
1098,54,2024-08-21,ATM Withdrawal,-709.2
1099,274,2024-09-27,Transfer,-2159.44
1100,436,2024-07-06,Healthcare,-1252.22
1101,307,2024-06-19,shopping,-288.61
1102,444,2025-06-21,ATM Withdrawal,-1556.37
1103,162,2025-03-20,Utilities,-1708.07
1104,148,2025-01-11,Groceries,-243.45
1105,153,2024-07-31,dining ,-1346.7
1106,167,2025-01-28,groceries,-1005.17
1107,320,2024-07-03,shopping,-2530.09
1108,212,2024-10-08,Travel,-2378.86
1109,346,2024-03-20,ATM Withdrawal,-1957.46
1110,195,2025-01-21,Salary Credit,54685.45
1111,145,2024-02-02,Dining,-871.3
1112,89,2025-01-28,ATM Withdrawal,-1433.95
1113,258,2024-11-25,dining ,-972.79
1114,421,2024-02-06,GROCERIES,-302.56
1115,402,2024-10-02,Healthcare,-1274.4
1116,119,2024-05-01,GROCERIES,-1125.08
1117,224,2024-09-16,Utilities,-1017.91
1118,331,2024-01-08,Salary Credit,44526.08
1119,287,2025-01-28,Travel,-1254.72
1120,32,2024-10-04,Travel,-1999.09
1121,277,2024-07-16,ATM Withdrawal,-673.97
1122,19,2025-04-22,Salary Credit,34762.93
1123,55,2024-12-17,shopping,-1810.2
1124,306,2024-11-28,Entertainment,-1970.92
1125,48,2024-03-21,GROCERIES,-1522.16
1126,159,2024-09-29,Shopping,-175.09
1127,276,2025-01-16,dining ,-1081.66
1128,307,2025-05-19,GROCERIES,-1456.54
1129,209,2024-11-25,Healthcare,-238.49
1130,45,2024-04-03,ATM Withdrawal,-511.99
1131,374,2025-01-04,dining ,-1068.08
1132,445,2024-02-10,Travel,-2264.65
1133,416,2024-06-19,dining ,-1402.65
1134,351,2025-05-14,ATM Withdrawal,-684.72
1135,189,2025-03-12,Utilities,-1018.5
1136,411,2025-05-07,Entertainment,-600.35
1137,229,2024-07-11,dining ,-829.19
1138,64,2025-01-07,Utilities,-1850.04
1139,399,2025-01-16,Healthcare,-528.0
1140,150,2024-05-14,Entertainment,-2383.45
1141,440,2025-05-28,Utilities,-3170.26
1142,173,2025-06-12,shopping,-1346.31
1143,407,2024-03-01,Entertainment,-452.03
1144,252,2025-02-21,ATM Withdrawal,-2246.91
1145,219,2024-08-31,Salary Credit,47223.56
1146,139,2025-01-02,ATM Withdrawal,-726.63
1147,392,2024-10-29,Entertainment,-325.3
1148,29,2024-05-01,Shopping,-834.75
1149,220,2024-02-22,Dining,-1373.32
1150,173,2024-10-06,Shopping,-2005.96
1151,255,2025-04-01,ATM Withdrawal,-1455.78
1152,120,2025-03-24,shopping,-1608.71
1153,312,2024-05-29,Utilities,-899.63
1154,181,2025-04-13,ATM Withdrawal,-1969.44
1155,89,2024-07-12,Shopping,-1013.95
1156,93,2024-11-01,Healthcare,-2854.19
1157,326,2024-06-25,Utilities,-612.5
1158,123,2024-10-11,ATM Withdrawal,-1555.5
1159,144,2024-10-15,shopping,-3170.45
1160,294,2025-01-15,groceries,-2137.76
1161,155,2024-09-14,Shopping,-1870.87
1162,182,2024-10-14,Groceries,-1467.15
1163,115,2024-12-20,Transfer,4478.4
1164,162,2024-08-15,ATM Withdrawal,-694.37
1165,325,2024-10-12,Groceries,-182.15
1166,250,2024-02-16,shopping,-1776.56
1167,467,2025-04-19,Healthcare,-184.23
1168,362,2024-03-09,Utilities,-1786.25
1169,8,2025-04-20,Entertainment,-921.68
1170,178,2025-02-18,Dining,-340.07
1171,136,2025-05-31,Groceries,-2465.12
1172,275,2024-01-14,Shopping,-104.19
1173,125,2024-04-28,dining ,-600.48
1174,453,2024-01-29,Entertainment,-684.61
1175,141,2024-08-15,ATM Withdrawal,-1334.62
1176,245,2025-05-08,ATM Withdrawal,-648.59
1177,58,2025-02-21,ATM Withdrawal,-2515.54
1178,426,2025-01-18,ATM Withdrawal,-34.17
1179,427,2025-04-07,ATM Withdrawal,-4876.88
1180,372,2024-01-03,ATM Withdrawal,-247.1
1181,165,2025-03-05,Transfer,-13867.61
1182,28,2024-06-19,Shopping,-2183.74
1183,333,2025-01-11,Utilities,-1100.74
1184,201,2025-02-20,shopping,-1403.97
1185,464,2025-01-08,Travel,-859.11
1186,327,2024-08-15,Utilities,-1512.35
1187,253,2024-11-29,Travel,-536.69
1188,462,2024-09-12,Travel,-1838.09
1189,375,2024-12-08,GROCERIES,-1363.8
1190,215,2024-09-07,Transfer,-6281.44
1191,9,2024-08-02,Transfer,-6096.26
1192,44,2024-04-20,Utilities,-554.58
1193,208,2024-07-30,Healthcare,-815.06
1194,264,2025-01-28,Healthcare,-1661.24
1195,15,2025-04-19,Entertainment,-2181.66
1196,60,2024-02-26,Groceries,-1071.97
1197,330,2024-04-09,Travel,-2037.59
1198,352,2024-10-03,shopping,-2250.36
1199,14,2025-01-17,ATM Withdrawal,-2372.94
1200,238,2024-04-02,Salary Credit,48335.87
1201,38,2024-06-26,ATM Withdrawal,-388.43
1202,339,2024-01-26,Transfer,4425.8
1203,391,2024-01-29,Healthcare,-1655.85
1204,407,2024-03-19,Shopping,-633.9
1205,280,2025-02-01,Entertainment,-659.85
1206,295,2025-04-18,Transfer,-2895.82
1207,434,2024-09-28,Utilities,-7.52
1208,287,2024-04-06,Transfer,1901.12
1209,209,2025-05-17,groceries,-1709.64
1210,354,2024-05-31,dining ,-241.61
1211,277,2024-03-25,Healthcare,-597.51
1212,395,2024-03-16,Travel,-1202.86
1213,246,2024-07-11,Shopping,-2831.18
1214,407,2025-02-04,Healthcare,-577.11
1215,21,2024-08-04,Utilities,-44.0
1216,18,2024-08-30,dining ,-19.33
1217,47,2024-07-04,groceries,-425.42
1218,261,2025-05-29,shopping,-608.85
1219,332,2025-01-07,dining ,-3274.14
1220,102,2024-12-28,GROCERIES,-2070.07
1221,73,2024-08-26,Transfer,-4054.95
1222,403,2024-10-16,Utilities,-2867.57
1223,352,2025-04-27,shopping,-648.68
1224,304,2024-12-23,groceries,-829.87
1225,229,2025-03-19,shopping,-775.89
1226,197,2024-01-23,Salary Credit,53214.78
1227,10,2025-04-13,Travel,-1137.02
1228,89,2025-06-02,Utilities,-2556.59
1229,420,2024-12-30,Utilities,-1590.6
1230,159,2025-06-05,,-2018.08
1231,330,2024-11-05,GROCERIES,-434.52
1232,330,2024-05-30,Shopping,-329.23
1233,145,2024-11-26,groceries,-299.61
1234,96,2024-12-08,dining ,-814.7
1235,324,2024-03-19,Dining,-184.96
1236,44,2024-04-20,Transfer,-4402.43
1237,232,2024-06-07,Travel,-1753.81
1238,416,2024-10-25,shopping,-756.96
1239,333,2024-03-21,shopping,-1942.32
1240,358,2025-02-24,Travel,-568.58
1241,39,2024-02-29,Utilities,-1156.0
1242,94,2025-05-27,Travel,-1650.65
1243,129,2025-01-03,Shopping,-1726.5
1244,137,2024-07-03,Utilities,-914.09
1245,91,2024-07-22,groceries,-339.9
1246,455,2025-01-12,Entertainment,-2110.17
1247,78,2024-02-18,ATM Withdrawal,-846.95
1248,332,2025-01-25,Groceries,-925.15
1249,275,2024-10-27,Entertainment,-3197.29
1250,286,2024-04-30,dining ,-1286.94
1251,101,2025-05-04,Groceries,-732.98
1252,144,2024-12-08,,-679.06
1253,284,2024-03-30,Healthcare,-1780.65
1254,140,2024-12-23,dining ,-461.21
1255,325,2024-08-12,Transfer,-6535.12
1256,19,2025-02-20,Salary Credit,53810.74
1257,35,2024-09-25,Shopping,-1120.53
1258,341,2025-06-28,Utilities,-2089.04
1259,289,2025-05-20,GROCERIES,-1138.04
1260,21,2024-01-22,,-581.29
1261,421,2024-08-11,Travel,-298.12
1262,3,2024-04-20,Shopping,-1447.6
1263,448,2024-09-02,groceries,-1466.48
1264,342,2024-03-20,Transfer,-7654.87
1265,463,2024-10-18,ATM Withdrawal,-3060.63
1266,445,2024-03-25,shopping,-677.07
1267,147,2024-12-05,Shopping,-1520.32
1268,355,2024-09-04,Utilities,-581.15
1269,99,2025-06-25,Utilities,-2037.06
1270,221,2025-04-23,groceries,-365.78
1271,113,2024-11-23,ATM Withdrawal,-2022.34
1272,228,2024-09-01,groceries,-537.12
1273,409,2025-01-25,Groceries,-1889.86
1274,205,2024-12-30,groceries,-2285.82
1275,44,2024-03-16,dining ,-198.69
1276,152,2024-07-24,shopping,-12.47
1277,369,2025-06-24,ATM Withdrawal,-1411.42
1278,245,2024-06-23,Travel,-1315.61
1279,263,2024-01-08,Travel,-937.05
1280,202,2025-03-30,Shopping,-771.37
1281,138,2025-05-23,shopping,-430.32
1282,280,2024-12-23,Transfer,5993.2
1283,297,2024-12-12,Transfer,-6098.3
1284,421,2024-07-10,Transfer,-3276.86
1285,290,2024-07-14,Transfer,8647.34
1286,466,2025-05-13,Entertainment,-2059.04
1287,387,2025-04-12,shopping,-302.79
1288,37,2024-09-28,shopping,-414.37
1289,184,2024-06-19,ATM Withdrawal,-1900.05
1290,181,2024-04-12,dining ,-90.47
1291,2,2024-01-06,Utilities,-2508.6
1292,85,2024-09-20,Entertainment,-1321.64
1293,357,2024-10-28,shopping,-679.61
1294,165,2025-01-02,groceries,-1209.45
1295,70,2025-03-14,Travel,-2424.98
1296,135,2024-07-19,Dining,-718.01
1297,129,2024-03-31,Utilities,-2123.67
1298,82,2025-04-04,shopping,-2275.09
1299,48,2025-02-19,shopping,-911.19
1300,358,2024-10-17,Shopping,-1135.58
1301,386,2024-01-22,groceries,-1322.8
1302,233,2024-09-11,Travel,-1860.18
1303,289,2024-12-03,GROCERIES,-543.24
1304,431,2025-04-12,Travel,-1186.94
1305,395,2024-10-03,Salary Credit,44200.93
1306,16,2024-09-09,GROCERIES,-1810.96
1307,446,2024-07-26,Entertainment,-3607.88
1308,32,2024-08-13,Salary Credit,39129.0
1309,13,2024-01-09,dining ,-1270.95
1310,189,2024-02-26,Travel,-515.28
1311,350,2025-02-16,groceries,-760.05
1312,38,2024-07-16,GROCERIES,-231.64
1313,138,2025-04-08,Entertainment,-177.43
1314,123,2024-08-04,ATM Withdrawal,-2264.57
1315,186,2025-06-27,Transfer,6068.23
1316,462,2024-04-08,Salary Credit,45743.01
1317,156,2024-04-12,Entertainment,-413.44
1318,98,2024-11-16,Entertainment,-1132.53
1319,58,2025-03-13,Groceries,-159.28
1320,93,2024-03-19,dining ,-1175.47
1321,63,2024-10-01,Travel,-1500.36
1322,269,2024-05-01,Utilities,-711.75
1323,197,2025-02-05,shopping,-518.87
1324,234,2024-11-01,Dining,-756.93
1325,390,2024-12-22,Transfer,5604.87
1326,272,2024-05-26,GROCERIES,-246.22
1327,73,2024-06-06,Transfer,7170.38
1328,177,2024-12-14,Travel,-1688.93
1329,147,2024-07-11,groceries,-1368.39
1330,387,2025-01-11,Transfer,-5071.5
1331,144,2024-03-24,Travel,-1587.67
1332,65,2024-06-13,ATM Withdrawal,-1622.47
1333,345,2024-02-25,Entertainment,-1989.67
1334,201,2024-02-17,groceries,-999.42
1335,45,2024-05-23,Dining,-619.64
1336,323,2024-09-23,Groceries,-2075.76
1337,99,2024-03-19,GROCERIES,-2029.21
1338,407,2024-02-20,Healthcare,-2347.35
1339,390,2025-04-23,Transfer,6246.71
1340,173,2024-10-07,Utilities,-283.88
1341,261,2025-01-24,ATM Withdrawal,-1347.67
1342,266,2025-01-30,Entertainment,-1230.32
1343,306,2024-02-25,dining ,-2306.51
1344,33,2024-12-04,Groceries,-2152.59
1345,153,2025-04-14,Transfer,-1218.99
1346,80,2024-09-01,ATM Withdrawal,-457.66
1347,327,2025-04-14,Dining,-872.15
1348,33,2025-05-30,Shopping,-892.77
1349,242,2024-10-24,Dining,-1350.19
1350,341,2024-02-25,Salary Credit,56841.64
1351,444,2024-12-02,Salary Credit,51234.06
1352,135,2025-04-24,Utilities,-372.9
1353,4,2024-11-11,Transfer,2513.99
1354,339,2025-03-12,shopping,-372.91
1355,1,2024-10-18,ATM Withdrawal,-1094.84
1356,32,2024-08-16,Salary Credit,51444.4
1357,464,2025-05-30,shopping,-2067.62
1358,404,2024-03-24,Utilities,-861.41
1359,332,2024-08-31,dining ,-1172.87
1360,392,2024-03-25,ATM Withdrawal,-2706.76
1361,36,2024-12-22,Salary Credit,33121.16
1362,42,2025-05-17,Utilities,-1774.17
1363,141,2025-06-27,Healthcare,-1676.96
1364,12,2024-05-07,Transfer,4944.66
1365,416,2025-01-31,Groceries,-1578.2
1366,27,2025-04-21,dining ,-934.9
1367,255,2025-03-30,Shopping,-626.15
1368,400,2024-10-01,groceries,-558.38
1369,344,2024-04-05,Healthcare,-2875.95
1370,110,2024-09-08,Salary Credit,41477.65
1371,221,2025-02-26,GROCERIES,-1381.22
1372,257,2024-12-03,Travel,-1906.73
1373,360,2024-07-30,dining ,-1009.65
1374,200,2024-04-27,shopping,-1232.21
1375,134,2024-12-21,dining ,-1652.47
1376,373,2024-08-21,Transfer,2456.2
1377,415,2024-09-14,ATM Withdrawal,-182.81
1378,229,2025-05-26,Entertainment,-542.46
1379,14,2024-01-05,Dining,-2755.62
1380,235,2024-05-09,Travel,-682.36
1381,417,2025-05-16,Transfer,-1022.57
1382,463,2025-05-17,Travel,-2407.93
1383,188,2024-06-13,Travel,-929.02
1384,71,2025-06-25,Healthcare,-790.55
1385,268,2024-04-25,Transfer,4599.7
1386,389,2024-01-29,Entertainment,-3461.73
1387,443,2024-06-16,Travel,-1597.38
1388,25,2024-10-16,Shopping,-1058.89
1389,136,2024-01-04,shopping,-1394.54
1390,224,2024-04-03,Shopping,-2417.7
1391,46,2025-03-07,Groceries,-574.6
1392,415,2024-12-04,Transfer,-2710.26
1393,53,2024-11-25,Travel,-2518.52
1394,312,2025-06-23,shopping,-1162.05
1395,430,2024-05-04,Entertainment,-169.86
1396,321,2025-05-03,Transfer,-4387.6
1397,358,2024-07-12,dining ,-451.62
1398,124,2025-05-19,Salary Credit,47876.33
1399,388,2025-03-02,Shopping,-852.22
1400,196,2024-04-26,dining ,-212.37
1401,29,2024-04-24,GROCERIES,-1125.76
1402,172,2024-10-22,Salary Credit,44545.64
1403,164,2024-10-01,Transfer,-880.22
1404,245,2024-05-07,Healthcare,-1454.35
1405,124,2024-05-21,Utilities,-947.42
1406,217,2025-05-05,Travel,-1006.34
1407,201,2025-02-14,Dining,-1871.25
1408,153,2024-04-14,Healthcare,-544.81
1409,326,2025-01-30,Transfer,-5180.91
1410,143,2024-03-24,Healthcare,-1796.32
1411,359,2024-08-30,shopping,-1035.62
1412,118,2024-01-07,Dining,-74.54
1413,405,2024-12-19,shopping,-605.25
1414,171,2024-04-09,Travel,-793.68
1415,20,2024-05-08,Utilities,-221.08
1416,71,2024-04-13,Groceries,-1534.24
1417,378,2024-04-09,Groceries,-1202.88
1418,409,2024-02-12,Travel,-621.36
1419,100,2024-10-29,Entertainment,-2086.97
1420,282,2025-04-17,ATM Withdrawal,-730.21
1421,269,2024-06-13,Transfer,4193.21
1422,63,2025-03-01,dining ,-340.91
1423,212,2024-10-23,ATM Withdrawal,-368.08
1424,325,2024-05-18,Travel,-1281.97
1425,453,2024-02-03,GROCERIES,-236.56
1426,397,2025-03-02,Travel,-1329.96
1427,46,2024-01-13,Groceries,-839.53
1428,112,2024-08-18,Entertainment,-818.89
1429,205,2024-01-19,Transfer,-4875.11
1430,71,2025-02-26,Utilities,-2104.22
1431,268,2025-06-23,Salary Credit,40656.05
1432,5,2024-06-25,Utilities,-1365.72
1433,54,2024-06-19,dining ,-1599.87
1434,23,2024-11-03,Salary Credit,35321.25
1435,139,2024-09-30,Transfer,-4506.23
1436,357,2024-07-26,Transfer,-6568.29
1437,83,2024-07-18,groceries,-1933.84
1438,463,2024-04-12,shopping,-2069.53
1439,127,2024-05-16,groceries,-202.12
1440,22,2024-11-15,groceries,-265.02
1441,158,2025-02-04,Groceries,-1151.09
1442,351,2025-02-13,GROCERIES,-1099.88
1443,50,2024-10-08,Utilities,-1217.38
1444,34,2025-02-14,Utilities,-879.05
1445,398,2024-11-18,ATM Withdrawal,-1367.25
1446,278,2024-07-13,Utilities,-1098.67
1447,161,2024-07-11,groceries,-1792.27
1448,354,2024-10-09,Healthcare,-2524.7
1449,396,2024-06-16,Entertainment,-702.25
1450,169,2025-02-20,Groceries,-1382.12
1451,263,2024-04-10,Utilities,-2712.6
1452,6,2024-01-30,Dining,-1230.12
1453,144,2024-09-24,Healthcare,-1474.88
1454,279,2024-02-09,Utilities,-2857.53
1455,93,2024-04-14,Groceries,-3032.79
1456,464,2024-07-24,ATM Withdrawal,-245.31
1457,455,2024-01-03,ATM Withdrawal,-829.66
1458,121,2024-05-01,dining ,-2004.23
1459,186,2024-10-23,Utilities,-1647.4
1460,89,2024-07-23,Travel,-1835.44
1461,236,2025-05-03,dining ,-1159.41
1462,58,2024-02-21,Utilities,-558.49
1463,183,2025-01-27,Transfer,-7321.62
1464,260,2024-11-18,Transfer,6060.93
1465,287,2024-12-17,ATM Withdrawal,-81.94
1466,280,2025-01-01,ATM Withdrawal,-826.51
1467,104,2024-01-29,shopping,-1712.69
1468,371,2025-03-07,Utilities,-44.77
1469,324,2024-06-29,ATM Withdrawal,-565.27
1470,353,2024-12-20,Groceries,-1537.86
1471,219,2024-06-09,Groceries,-1730.77
1472,418,2024-08-04,Groceries,-729.26
1473,183,2025-01-16,ATM Withdrawal,-2084.04
1474,378,2025-05-24,Shopping,-2054.8
1475,96,2025-04-23,Shopping,-413.48
1476,116,2025-01-30,Shopping,-2674.17
1477,247,2024-10-20,Transfer,-5619.71
1478,261,2024-10-14,GROCERIES,-1076.43
1479,350,2025-06-10,Travel,-1910.41
1480,140,2024-04-22,Transfer,6601.16
1481,409,2025-06-03,ATM Withdrawal,-955.6
1482,155,2024-12-19,Travel,-2645.64
1483,250,2024-12-01,dining ,-694.23
1484,437,2024-11-18,Healthcare,-601.6
1485,253,2025-03-18,Travel,-1603.0
1486,320,2025-01-07,Entertainment,-1153.11
1487,426,2024-02-21,Transfer,-816.08
1488,457,2025-03-01,Entertainment,-971.0
1489,234,2025-02-01,GROCERIES,-2235.33
1490,196,2025-05-13,Shopping,-144.34
1491,93,2025-05-25,dining ,-983.58
1492,252,2025-06-01,Utilities,-722.26
1493,430,2024-01-24,Dining,-1527.03
1494,228,2024-12-09,Travel,-1553.78
1495,164,2025-05-24,Travel,-1287.39
1496,51,2025-06-10,Salary Credit,42681.17
1497,183,2024-10-26,Utilities,-1256.94
1498,111,2025-05-11,Utilities,-1051.81
1499,458,2025-04-24,Utilities,-1170.78
1500,247,2024-01-02,ATM Withdrawal,-2511.27
1501,65,2025-04-27,Groceries,-117.97
1502,32,2024-12-13,ATM Withdrawal,-1507.49
1503,399,2024-11-08,Utilities,-352.1
1504,436,2024-04-07,Shopping,-2959.49
1505,358,2025-05-15,Transfer,5267.24
1506,58,2024-06-09,Shopping,-58.91
1507,46,2024-08-15,Salary Credit,43144.69
1508,93,2024-06-11,Entertainment,-113.03
1509,352,2025-06-12,Groceries,-630.09
1510,359,2024-09-20,Utilities,-1754.18
1511,393,2024-03-03,Entertainment,-2425.11
1512,46,2024-01-06,Transfer,-4685.37
1513,72,2025-06-18,Salary Credit,49560.44
1514,422,2024-05-08,Dining,-1927.66
1515,435,2025-02-24,Utilities,-3224.75
1516,340,2024-01-16,Entertainment,-656.42
1517,50,2025-05-03,ATM Withdrawal,-2558.45
1518,33,2024-12-20,Utilities,-217.17
1519,27,2024-05-02,groceries,-2261.94
1520,324,2025-04-29,Transfer,3138.04
1521,396,2024-06-11,shopping,-584.64
1522,296,2025-06-27,Healthcare,-943.82
1523,123,2024-11-22,Travel,-501.61
1524,355,2024-09-01,Utilities,-1583.45
1525,28,2024-02-01,Utilities,-2303.89
1526,388,2024-05-21,Shopping,-700.41
1527,418,2024-02-01,Utilities,-1042.86
1528,337,2025-04-09,groceries,-222.09
1529,412,2024-02-24,Utilities,-2014.57
1530,275,2024-03-02,Dining,-2478.36
1531,220,2024-03-08,Transfer,2890.09
1532,151,2025-06-14,Dining,-253.68
1533,432,2025-06-12,shopping,-2953.91
1534,327,2025-01-24,ATM Withdrawal,-2387.04
1535,90,2024-02-10,Groceries,-580.66
1536,448,2024-10-01,Shopping,-1789.93
1537,28,2025-05-31,Transfer,1663.59
1538,275,2024-02-22,Shopping,-742.33
1539,90,2025-03-08,Shopping,-76.37
1540,311,2024-01-10,Transfer,-4863.24
1541,194,2025-03-14,Healthcare,-2905.87
1542,205,2024-10-23,Transfer,-2221.89
1543,315,2025-04-28,Travel,-2002.19
1544,354,2024-08-13,Salary Credit,53386.35
1545,178,2025-03-04,shopping,-1849.57
1546,467,2025-04-04,Utilities,-2996.81
1547,234,2024-06-26,Travel,-2059.69
1548,76,2024-12-16,Transfer,1558.8
1549,3,2024-09-08,Utilities,-1870.82
1550,95,2024-08-23,Entertainment,-2559.81
1551,324,2025-03-11,Healthcare,-505.2
1552,253,2024-05-03,Utilities,-1937.55
1553,159,2024-03-06,Groceries,-59.4
1554,226,2024-09-18,Healthcare,-547.71
1555,393,2025-03-23,dining ,-1705.06
1556,268,2024-03-29,Transfer,-3300.7
1557,28,2024-07-04,GROCERIES,-1202.81
1558,23,2024-12-29,dining ,-656.1
1559,226,2024-09-16,,-1084.31
1560,190,2024-11-26,Utilities,-1140.4
1561,399,2024-10-14,Entertainment,-630.86
1562,273,2025-03-17,Dining,-1939.13
1563,355,2025-04-22,Dining,-2442.28
1564,274,2024-09-01,ATM Withdrawal,-166.02
1565,162,2024-08-23,Healthcare,-1395.58
1566,308,2024-05-31,Travel,-86.58
1567,291,2024-08-29,Transfer,8109.63
1568,338,2025-03-31,Groceries,-3006.67
1569,89,2024-09-30,Transfer,-4014.9
1570,301,2025-01-11,ATM Withdrawal,-2849.97
1571,134,2024-08-16,Entertainment,-616.62
1572,370,2025-01-20,Salary Credit,43124.13
1573,374,2025-01-23,Healthcare,-2700.96
1574,293,2024-10-14,Travel,-378.6
1575,444,2025-05-24,ATM Withdrawal,-2025.01
1576,252,2025-04-22,ATM Withdrawal,-886.55
1577,12,2024-03-27,dining ,-551.37
1578,284,2024-05-04,Entertainment,-742.08
1579,364,2025-06-04,Transfer,-8783.27
1580,48,2024-08-06,Entertainment,-1403.67
1581,49,2024-06-18,Utilities,-1066.8
1582,128,2025-03-09,Transfer,-2921.17
1583,396,2024-11-24,,-1480.6
1584,247,2024-03-13,Healthcare,-1995.11
1585,457,2024-02-20,GROCERIES,-952.91
1586,409,2025-03-16,Salary Credit,52708.72
1587,260,2025-02-20,groceries,-1447.59
1588,318,2024-07-11,ATM Withdrawal,-1115.96
1589,155,2025-04-15,Utilities,-2021.13
1590,43,2024-03-09,Entertainment,-742.88
1591,187,2025-04-18,Entertainment,-73.62
1592,278,2024-02-13,Utilities,-1152.22
1593,86,2024-12-12,Transfer,-4333.03
1594,104,2025-04-04,ATM Withdrawal,-2270.91
1595,8,2024-12-03,Travel,-1650.44
1596,344,2025-02-28,Utilities,-1096.44
1597,421,2024-07-06,dining ,-1195.04
1598,388,2024-06-05,groceries,-1272.57
1599,178,2024-05-24,Shopping,-1673.45
1600,278,2024-03-04,Shopping,-1247.28
1601,450,2024-05-31,Travel,-1060.98
1602,277,2024-05-14,,-0.78
1603,139,2025-02-16,groceries,-561.18
1604,159,2024-04-26,,-1449.3
1605,341,2024-03-31,Transfer,-5564.01
1606,209,2025-02-03,Transfer,3314.25
1607,392,2024-10-20,Shopping,-363.22
1608,405,2024-04-27,dining ,-2428.17
1609,17,2025-01-19,Entertainment,-1426.02
1610,339,2024-04-27,ATM Withdrawal,-1587.31
1611,174,2025-03-04,Transfer,-4799.84
1612,244,2024-01-18,Dining,-636.31
1613,124,2024-11-17,shopping,-799.1
1614,173,2024-11-21,Travel,-1643.45
1615,155,2024-07-22,Salary Credit,42919.22
1616,24,2025-01-10,Transfer,5428.92
1617,367,2024-07-25,dining ,-1465.99
1618,67,2024-12-22,dining ,-1511.9
1619,176,2024-05-01,groceries,-726.46
1620,91,2024-11-05,dining ,-920.17
1621,76,2025-02-16,Dining,-2017.96
1622,175,2025-06-10,Groceries,-2843.72
1623,430,2024-07-15,Utilities,-2026.19
1624,442,2024-09-14,ATM Withdrawal,-1310.04
1625,179,2024-09-16,Transfer,-2726.01
1626,237,2025-04-13,Utilities,-1303.25
1627,462,2025-06-08,Groceries,-211.6
1628,110,2024-12-18,Transfer,-3743.85
1629,443,2025-03-24,Travel,-1510.79
1630,50,2024-02-15,Dining,-1755.78
1631,106,2025-02-17,Shopping,-869.39
1632,159,2025-03-17,Healthcare,-800.29
1633,18,2025-01-24,Travel,-440.69
1634,382,2024-11-14,Healthcare,-1656.39
1635,401,2025-05-05,Dining,-1595.9
1636,180,2024-12-22,Groceries,-2016.34
1637,392,2025-04-06,Dining,-1316.78
1638,362,2024-04-08,Transfer,1066.39
1639,376,2024-12-28,Shopping,-886.0
1640,376,2024-08-26,shopping,-1971.23
1641,269,2025-04-18,Healthcare,-361.93
1642,52,2025-04-24,Shopping,-1123.65
1643,433,2025-04-04,GROCERIES,-1456.64
1644,285,2024-04-27,ATM Withdrawal,-3003.32
1645,422,2024-09-25,dining ,-659.0
1646,449,2024-01-01,Shopping,-1090.49
1647,88,2025-06-17,Entertainment,-2718.84
1648,189,2024-05-20,Shopping,-670.51
1649,91,2024-12-06,Utilities,-2167.24
1650,24,2024-09-22,shopping,-1553.39
1651,453,2025-05-08,groceries,-1001.09
1652,433,2025-03-23,Utilities,-1606.46
1653,437,2025-02-27,shopping,-1067.24
1654,414,2024-12-16,dining ,-3232.03
1655,304,2024-03-06,Groceries,-659.0
1656,245,2025-05-15,shopping,-945.78
1657,465,2024-02-04,Travel,-972.16
1658,259,2024-09-05,Travel,-1079.41
1659,301,2024-07-25,Healthcare,-2172.38
1660,100,2024-07-31,groceries,-797.67
1661,350,2025-06-16,Dining,-1642.84
1662,384,2024-05-06,Entertainment,-1408.32
1663,318,2024-11-12,Groceries,-1954.63
1664,234,2024-04-28,Entertainment,-1076.54
1665,93,2025-05-11,ATM Withdrawal,-1489.99
1666,16,2025-02-05,Shopping,-1088.9
1667,294,2024-08-14,Utilities,-312.55
1668,320,2024-02-13,Utilities,-2639.13
1669,362,2024-03-24,Transfer,-3564.54
1670,445,2024-05-12,GROCERIES,-428.86
1671,233,2024-08-09,Transfer,6206.06
1672,389,2025-04-27,Transfer,9545.73
1673,336,2024-03-06,ATM Withdrawal,-1680.56
1674,130,2024-11-10,Groceries,-950.84
1675,396,2024-07-08,ATM Withdrawal,-381.22
1676,25,2024-01-26,ATM Withdrawal,-1100.36
1677,281,2024-12-03,groceries,-1668.03
1678,441,2025-01-18,Entertainment,-1158.7
1679,309,2025-06-06,Groceries,-1073.68
1680,439,2024-10-03,Healthcare,-281.58
1681,27,2024-06-26,GROCERIES,-3218.83
1682,250,2025-04-10,dining ,-1019.0
1683,366,2024-05-14,ATM Withdrawal,-37.07
1684,301,2025-01-06,GROCERIES,-232.46
1685,413,2025-05-29,dining ,-890.31
1686,217,2024-01-03,GROCERIES,-2950.3
1687,320,2025-05-19,Transfer,4488.79
1688,197,2024-04-22,groceries,-862.68
1689,409,2024-09-19,Salary Credit,51757.54
1690,56,2024-05-20,shopping,-2025.92
1691,119,2024-03-19,Shopping,-1793.18
1692,46,2025-01-17,Travel,-1379.89
1693,329,2024-09-19,Utilities,-206.1
1694,109,2024-10-04,Healthcare,-524.08
1695,149,2024-09-20,Transfer,4328.11
1696,392,2025-02-11,Entertainment,-817.81
1697,169,2025-06-10,ATM Withdrawal,-724.4
1698,69,2024-10-06,Transfer,5837.79
1699,10,2024-03-25,Healthcare,-608.53
1700,107,2024-06-27,,-893.58
1701,429,2024-09-27,Entertainment,-762.3
1702,257,2024-02-26,Groceries,-1171.34
1703,466,2024-05-04,Groceries,-1528.17
1704,101,2024-04-20,Shopping,-10.08
1705,165,2025-06-14,Shopping,-1607.89
1706,77,2024-08-06,Travel,-1437.83
1707,187,2025-04-24,shopping,-1576.76
1708,264,2024-10-27,shopping,-1319.91
1709,379,2024-10-02,Entertainment,-1525.41
1710,173,2025-05-26,Utilities,-825.9
1711,362,2025-01-12,Utilities,-1599.03
1712,294,2024-05-10,ATM Withdrawal,-2230.11
1713,137,2024-06-02,Salary Credit,41036.95
1714,427,2024-12-29,Transfer,6891.52
1715,204,2024-01-02,Utilities,-701.39
1716,71,2024-03-24,groceries,-552.69
1717,451,2024-02-10,Healthcare,-1579.95
1718,428,2025-01-23,Groceries,-812.58
1719,24,2024-08-28,ATM Withdrawal,-2299.57
1720,423,2024-01-07,Utilities,-780.41
1721,444,2025-02-08,Travel,-462.8
1722,389,2024-12-23,Transfer,-4985.64
1723,120,2025-01-26,Travel,-1591.89
1724,296,2024-03-29,Groceries,-1488.29
1725,252,2025-04-21,Transfer,3340.53
1726,291,2024-04-08,groceries,-2221.94
1727,289,2024-11-07,Utilities,-289.81
1728,300,2024-10-31,shopping,-497.23
1729,241,2024-04-29,Travel,-1234.53
1730,324,2024-07-23,Salary Credit,39423.05
1731,247,2024-01-29,Travel,-921.27
1732,8,2024-09-13,Travel,-316.51
1733,17,2025-01-04,Utilities,-1012.66
1734,449,2024-06-17,Entertainment,-1616.77
1735,426,2024-10-20,GROCERIES,-718.0
1736,275,2025-06-03,Healthcare,-408.93
1737,82,2024-05-07,Utilities,-785.17
1738,366,2024-06-07,Utilities,-2193.48
1739,68,2024-03-06,ATM Withdrawal,-2186.02
1740,177,2024-10-22,Travel,-769.7
1741,155,2024-04-21,Salary Credit,49066.3
1742,6,2025-04-10,Entertainment,-1183.5
1743,378,2024-06-07,Transfer,-8852.15
1744,239,2024-12-27,Shopping,-1372.41
1745,149,2024-04-13,ATM Withdrawal,-1018.6
1746,238,2024-06-24,Travel,-2639.89
1747,1,2024-04-03,Transfer,-5957.61
1748,205,2024-10-28,Dining,-2429.47
1749,244,2024-01-16,Groceries,-1799.54
1750,159,2024-02-15,shopping,-513.44
1751,389,2024-09-30,dining ,-465.0
1752,117,2024-10-24,ATM Withdrawal,-67.64
1753,65,2024-06-28,Groceries,-2534.63
1754,247,2024-08-23,Groceries,-180.4
1755,416,2024-08-14,ATM Withdrawal,-1842.06
1756,176,2025-02-17,Shopping,-83.86
1757,22,2024-08-31,Healthcare,-3501.38
1758,454,2025-04-07,dining ,-17.61
1759,208,2024-04-28,Groceries,-1238.27
1760,81,2024-04-18,GROCERIES,-2290.85
1761,289,2024-08-08,Travel,-567.23
1762,150,2024-02-14,GROCERIES,-1707.39
1763,439,2024-12-31,Transfer,-4154.5
1764,138,2024-07-31,groceries,-1549.37
1765,258,2024-07-18,Entertainment,-2172.69
1766,255,2024-10-18,Shopping,-814.47
1767,114,2024-02-14,ATM Withdrawal,-2547.22
1768,234,2024-07-24,groceries,-1517.19
1769,52,2025-06-13,groceries,-2953.62
1770,302,2024-12-08,Utilities,-451.25
1771,355,2024-11-08,shopping,-622.13
1772,445,2024-10-02,shopping,-990.96
1773,153,2024-09-12,Utilities,-108.61
1774,134,2025-05-25,Utilities,-2033.3
1775,257,2025-05-22,Healthcare,-1131.74
1776,325,2024-08-11,Utilities,-168.49
1777,465,2025-05-18,GROCERIES,-459.49
1778,12,2024-02-14,Utilities,-417.03
1779,112,2024-06-23,,-2031.29
1780,123,2024-06-13,Travel,-1611.46
1781,120,2025-01-15,Salary Credit,43939.47
1782,218,2024-11-26,Salary Credit,42077.61
1783,409,2024-09-14,ATM Withdrawal,-985.14
1784,15,2024-05-19,Dining,-2803.0
1785,382,2024-10-03,Groceries,-989.49
1786,290,2024-05-26,Transfer,-4012.07
1787,288,2024-09-28,Dining,-2714.25
1788,318,2024-07-04,Utilities,-102.73
1789,55,2025-04-29,shopping,-1926.33
1790,350,2025-02-10,ATM Withdrawal,-516.55
1791,117,2024-04-05,dining ,-3191.97
1792,242,2025-05-27,Entertainment,-1827.61
1793,317,2024-12-25,Utilities,-333.41
1794,283,2024-07-09,Healthcare,-361.68
1795,152,2024-10-16,Utilities,-1816.64
1796,186,2024-04-16,ATM Withdrawal,-1792.01
1797,224,2024-01-26,Travel,-1724.81
1798,20,2024-08-17,Transfer,-5469.75
1799,340,2025-03-02,Shopping,-912.97
1800,47,2024-07-10,Entertainment,-2178.07
1801,215,2024-07-28,Transfer,-5160.3
1802,307,2025-06-23,shopping,-641.87
1803,38,2025-06-22,Dining,-570.07
1804,466,2024-09-09,dining ,-786.9
1805,177,2024-01-25,Healthcare,-538.26
1806,8,2025-01-05,Entertainment,-1694.74
1807,309,2025-01-24,groceries,-128.49
1808,261,2025-05-13,Dining,-1587.92
1809,300,2025-05-31,groceries,-629.16
1810,352,2024-12-08,dining ,-1227.35
1811,223,2024-02-28,Utilities,-1049.84
1812,387,2024-05-15,Transfer,-3502.34
1813,174,2025-01-25,GROCERIES,-2291.81
1814,256,2024-11-27,Entertainment,-866.21
1815,75,2024-08-25,Healthcare,-1833.15
1816,291,2024-08-07,Utilities,-1844.75
1817,123,2025-01-21,shopping,-954.67
1818,327,2024-08-18,Shopping,-67.9
1819,375,2024-03-25,Dining,-406.07
1820,402,2025-06-17,ATM Withdrawal,-2350.92
1821,435,2024-07-09,shopping,-1643.3
1822,58,2024-05-31,groceries,-1324.97
1823,65,2024-02-07,Entertainment,-689.68
1824,434,2024-09-12,Utilities,-2758.64
1825,179,2025-06-21,Dining,-418.7
1826,13,2024-03-28,Healthcare,-1325.74
1827,135,2024-05-13,GROCERIES,-1651.63
1828,392,2024-04-07,groceries,-24.86
1829,167,2024-02-21,dining ,-517.37
1830,36,2024-11-24,Utilities,-788.21
1831,338,2024-06-11,Travel,-1975.72
1832,92,2025-02-13,ATM Withdrawal,-805.94
1833,166,2024-08-06,Utilities,-92.57
1834,2,2024-12-12,Shopping,-179.05
1835,282,2024-02-18,groceries,-509.7
1836,209,2024-06-28,Travel,-141.1
1837,406,2024-08-13,Healthcare,-1891.78
1838,157,2024-02-02,Transfer,-5021.16
1839,96,2024-08-16,ATM Withdrawal,-963.2
1840,78,2024-09-13,Utilities,-1867.44
1841,94,2024-08-08,Shopping,-1830.16
1842,212,2024-10-01,Transfer,2039.96
1843,41,2025-03-10,Entertainment,-436.34
1844,189,2025-02-24,ATM Withdrawal,-1835.89
1845,400,2024-01-08,Shopping,-1443.5
1846,360,2024-12-14,groceries,-1747.41
1847,299,2025-05-07,groceries,-395.47
1848,418,2025-04-19,Groceries,-523.51
1849,366,2024-06-25,Utilities,-1617.5
1850,306,2025-03-02,groceries,-586.24
1851,404,2025-03-12,Travel,-167.95
1852,59,2024-07-18,Shopping,-599.87
1853,383,2025-04-18,Shopping,-1015.38
1854,139,2024-12-10,shopping,-2731.21
1855,344,2025-02-13,dining ,-445.4
1856,428,2025-02-11,Shopping,-1144.48
1857,233,2025-03-01,Healthcare,-3038.64
1858,42,2025-06-05,Travel,-215.93
1859,174,2025-04-12,Entertainment,-1794.44
1860,191,2024-08-18,Travel,-560.12
1861,439,2024-11-02,Salary Credit,48213.55
1862,442,2024-12-19,shopping,-3301.18
1863,267,2025-04-11,ATM Withdrawal,-1912.39
1864,445,2024-08-02,Entertainment,-1336.67
1865,205,2024-06-19,Travel,-343.99
1866,193,2025-02-06,Transfer,3303.93
1867,392,2025-06-04,Entertainment,-105.5
1868,313,2025-05-12,Transfer,-1386.76
1869,245,2024-03-21,Groceries,-452.58
1870,214,2025-05-15,GROCERIES,-1171.61
1871,331,2025-03-06,Entertainment,-2207.39
1872,353,2024-03-26,ATM Withdrawal,-535.63
1873,230,2024-01-04,Healthcare,-1372.45
1874,15,2024-04-21,Utilities,-331.07
1875,48,2025-05-21,Transfer,-2341.99
1876,68,2025-02-15,Transfer,11702.37
1877,217,2024-11-09,Entertainment,-1378.19
1878,288,2024-12-09,ATM Withdrawal,-1349.77
1879,377,2024-08-13,groceries,-1681.7
1880,109,2025-05-08,ATM Withdrawal,-3479.12
1881,369,2024-03-26,Salary Credit,41517.81
1882,312,2024-06-20,Utilities,-317.3
1883,25,2024-04-19,dining ,-3000.16
1884,165,2025-04-07,Entertainment,-92.2
1885,142,2024-10-21,Groceries,-2368.31
1886,415,2025-01-07,Travel,-1133.56
1887,432,2025-05-16,Salary Credit,48466.78
1888,384,2024-04-16,Healthcare,-93.04
1889,248,2025-06-09,ATM Withdrawal,-3534.22
1890,231,2024-03-09,Utilities,-855.99
1891,146,2025-02-15,groceries,-568.78
1892,362,2025-01-17,Utilities,-1693.53
1893,41,2025-03-25,Utilities,-619.53
1894,127,2024-03-27,Transfer,-1217.06
1895,64,2025-06-07,Travel,-1331.05
1896,232,2025-03-08,groceries,-657.15
1897,141,2024-03-01,Entertainment,-495.02
1898,93,2024-10-30,Groceries,-352.81
1899,177,2025-03-21,groceries,-1997.28
1900,403,2024-09-16,shopping,-884.64
1901,262,2024-07-26,Groceries,-1034.5
1902,386,2024-05-30,Dining,-1584.36
1903,428,2024-10-08,Healthcare,-2226.14
1904,423,2025-06-20,Transfer,2230.24
1905,165,2024-11-27,Transfer,-2271.04
1906,411,2025-01-28,ATM Withdrawal,-1012.34
1907,426,2025-02-28,groceries,-2158.58
1908,450,2025-02-28,Transfer,-2038.16
1909,165,2024-08-06,Shopping,-369.41
1910,107,2025-02-22,groceries,-991.81
1911,274,2024-06-27,Utilities,-1542.56
1912,437,2024-11-14,Shopping,-2297.78
1913,422,2024-06-13,Groceries,-327.55
1914,268,2025-05-27,dining ,-2473.93
1915,70,2025-02-01,Utilities,-1668.71
1916,198,2024-11-14,Shopping,-983.43
1917,335,2024-09-03,Groceries,-122.13
1918,263,2024-10-10,shopping,-684.81
1919,162,2025-03-01,dining ,-2122.67
1920,161,2024-05-29,shopping,-1223.78
1921,28,2025-03-27,dining ,-1037.27
1922,136,2024-06-02,Travel,-325.67
1923,314,2024-03-18,Salary Credit,50877.1
1924,113,2025-02-05,ATM Withdrawal,-1065.26
1925,465,2025-01-21,Groceries,-987.04
1926,39,2024-07-01,Shopping,-1114.29
1927,276,2024-12-19,Transfer,2554.1
1928,233,2025-02-01,dining ,-167.57
1929,390,2025-03-05,shopping,-642.48
1930,416,2025-06-03,Travel,-420.14
1931,255,2025-04-10,Transfer,-6457.1
1932,295,2024-08-27,Travel,-599.13
1933,328,2024-05-05,Healthcare,-846.93
1934,244,2024-02-23,ATM Withdrawal,-1166.58
1935,87,2024-11-08,shopping,-478.03
1936,201,2024-12-29,Utilities,-142.5
1937,114,2025-01-11,shopping,-1399.64
1938,218,2024-01-06,groceries,-2900.11
1939,288,2025-01-17,Travel,-2019.12
1940,98,2025-03-04,Utilities,-2351.88
1941,117,2025-01-28,ATM Withdrawal,-31.41
1942,386,2024-10-13,Transfer,4405.99
1943,177,2024-01-09,Entertainment,-2485.58
1944,93,2024-09-23,Dining,-2025.14
1945,334,2024-12-17,Entertainment,-1052.28
1946,336,2024-11-06,Transfer,-1865.09
1947,387,2024-11-09,Entertainment,-157.07
1948,356,2024-10-08,ATM Withdrawal,-1769.65
1949,465,2024-10-27,Dining,-911.33
1950,270,2024-06-25,Entertainment,-1100.81
1951,135,2024-11-25,Shopping,-1752.27
1952,404,2024-06-02,ATM Withdrawal,-2218.63
1953,124,2024-09-24,Dining,-499.06
1954,137,2024-08-14,dining ,-1732.49
1955,388,2025-01-24,Utilities,-2650.31
1956,413,2025-05-02,shopping,-2485.18
1957,159,2024-12-11,Travel,-722.26
1958,342,2024-03-14,Entertainment,-1465.39
1959,432,2024-12-29,Groceries,-1875.68
1960,374,2024-06-25,GROCERIES,-1218.14
1961,3,2024-01-27,Utilities,-975.73
1962,312,2024-04-14,Dining,-357.41
1963,80,2025-06-28,Travel,-421.43
1964,397,2024-08-20,ATM Withdrawal,-574.21
1965,32,2024-04-19,Healthcare,-64.76
1966,465,2024-03-13,dining ,-1298.55
1967,83,2024-12-20,dining ,-1979.9
1968,197,2025-02-18,Transfer,1611.11
1969,110,2024-07-11,Utilities,-1093.46
1970,381,2024-02-26,ATM Withdrawal,-1446.59
1971,185,2024-07-12,Shopping,-1385.73
1972,349,2024-12-28,Entertainment,-550.97
1973,32,2024-03-03,Groceries,-115.51
1974,212,2024-05-25,Healthcare,-1997.76
1975,427,2024-01-02,Healthcare,-1516.56
1976,434,2024-09-14,GROCERIES,-586.89
1977,98,2024-04-02,Shopping,-151.07
1978,185,2024-04-18,Travel,-1400.35
1979,192,2024-03-02,Dining,-392.21
1980,265,2025-02-01,Healthcare,-1544.42
1981,252,2024-09-23,Dining,-1342.05
1982,50,2025-05-31,Dining,-3069.22
1983,357,2024-08-03,groceries,-1129.89
1984,106,2024-04-30,shopping,-3000.68
1985,148,2024-04-21,Entertainment,-1273.72
1986,394,2025-06-03,Salary Credit,39664.59
1987,323,2024-11-17,ATM Withdrawal,-250.07
1988,186,2024-06-26,groceries,-410.67
1989,428,2024-12-22,ATM Withdrawal,-1586.17
1990,185,2024-10-31,Travel,-1316.24
1991,265,2024-03-03,Shopping,-454.78
1992,116,2025-01-17,Shopping,-2118.15
1993,86,2024-03-05,Healthcare,-2529.22
1994,231,2024-04-18,ATM Withdrawal,-463.91
1995,264,2025-01-23,ATM Withdrawal,-2110.82
1996,378,2024-08-30,Travel,-2714.78
1997,183,2024-05-01,GROCERIES,-416.46
1998,419,2024-02-06,shopping,-779.46
1999,285,2024-11-19,ATM Withdrawal,-435.41
2000,33,2025-01-14,ATM Withdrawal,-2076.51
2001,346,2024-04-20,Salary Credit,41682.49
2002,270,2024-08-15,Utilities,-790.89
2003,183,2024-07-06,dining ,-1579.14
2004,219,2025-04-30,GROCERIES,-2603.66
2005,142,2025-03-07,ATM Withdrawal,-1144.52
2006,288,2024-05-29,Healthcare,-776.34
2007,266,2024-10-06,Shopping,-944.08
2008,210,2025-05-18,ATM Withdrawal,-1792.33
2009,134,2024-07-07,ATM Withdrawal,-1.76
2010,187,2024-03-17,dining ,-1185.21
2011,233,2024-06-11,dining ,-356.04
2012,221,2024-11-26,dining ,-117.3
2013,145,2025-06-24,Healthcare,-550.21
2014,273,2024-06-16,Groceries,-736.51
2015,107,2024-02-01,Shopping,-2170.86
2016,235,2024-04-09,Travel,-585.04
2017,57,2024-08-12,ATM Withdrawal,-1688.45
2018,221,2024-02-21,dining ,-616.05
2019,367,2024-01-20,Healthcare,-242.94
2020,383,2024-12-23,Utilities,-1509.49
2021,326,2025-03-25,Entertainment,-2379.51
2022,349,2024-05-07,shopping,-2548.19
2023,31,2024-10-11,Travel,-1455.33
2024,160,2024-11-08,ATM Withdrawal,-1136.74
2025,307,2024-12-29,Shopping,-1552.4
2026,375,2025-06-17,GROCERIES,-3429.27
2027,273,2025-04-27,ATM Withdrawal,-936.59
2028,400,2024-06-21,Shopping,-2221.44
2029,128,2025-06-15,shopping,-666.86
2030,72,2024-01-20,ATM Withdrawal,-452.43
2031,41,2025-06-08,ATM Withdrawal,-2792.01
2032,273,2024-03-18,Utilities,-1202.39
2033,312,2024-03-03,Utilities,-1402.11
2034,134,2024-03-06,Dining,-1692.25
2035,367,2024-03-07,shopping,-396.62
2036,346,2024-09-09,Utilities,-805.55
2037,169,2024-12-14,groceries,-622.16
2038,112,2025-02-09,Transfer,5996.53
2039,348,2024-01-09,dining ,-1529.97
2040,315,2024-06-10,dining ,-659.54
2041,80,2024-03-13,Transfer,-4917.86
2042,120,2024-03-20,ATM Withdrawal,-1292.5
2043,228,2025-02-10,Transfer,-9030.48
2044,240,2024-12-15,Utilities,-412.56
2045,78,2024-04-24,Salary Credit,40833.03
2046,444,2024-06-13,Healthcare,-1456.95
2047,182,2025-05-19,Utilities,-128.09
2048,179,2024-11-09,GROCERIES,-986.29
2049,29,2024-05-10,dining ,-3045.79
2050,410,2025-05-23,Entertainment,-2846.09
2051,111,2024-04-18,Utilities,-2007.49
2052,462,2024-06-07,Shopping,-2264.48
2053,233,2025-01-12,shopping,-1644.04
2054,410,2024-10-06,Healthcare,-811.64
2055,84,2024-02-07,Utilities,-2679.22
2056,78,2025-03-15,Shopping,-346.06
2057,375,2024-05-04,Healthcare,-2071.62
2058,384,2025-01-11,dining ,-741.73
2059,255,2024-07-01,Shopping,-795.92
2060,16,2025-02-13,groceries,-1684.79
2061,442,2025-05-04,dining ,-3030.58
2062,185,2025-02-25,Groceries,-2485.8
2063,439,2025-05-17,Utilities,-1504.88
2064,408,2024-10-21,Dining,-1256.59
2065,399,2024-02-05,Transfer,9095.49
2066,323,2024-10-19,shopping,-384.5
2067,316,2024-09-08,Travel,-1085.69
2068,250,2025-01-26,ATM Withdrawal,-252.81
2069,12,2024-05-15,Healthcare,-1003.19
2070,182,2025-01-15,Utilities,-67.89
2071,342,2024-08-28,Groceries,-425.46
2072,381,2024-12-31,groceries,-12.67
2073,262,2024-08-16,Entertainment,-701.84
2074,333,2024-07-27,Transfer,6759.64
2075,11,2024-04-26,shopping,-467.49
2076,220,2025-03-27,GROCERIES,-420.87
2077,238,2024-02-07,shopping,-1556.14
2078,418,2024-05-08,ATM Withdrawal,-1458.11
2079,146,2024-08-20,Utilities,-2731.97
2080,108,2024-03-25,Groceries,-2041.22
2081,165,2025-05-14,Utilities,-276.69
2082,80,2024-07-07,ATM Withdrawal,-596.49
2083,262,2024-05-12,Healthcare,-1871.83
2084,301,2024-05-18,Dining,-402.1
2085,375,2024-04-14,Entertainment,-908.09
2086,455,2024-12-27,shopping,-339.41
2087,35,2024-09-19,ATM Withdrawal,-24.04
2088,116,2024-05-05,Entertainment,-2333.44
2089,141,2025-04-20,Shopping,-1350.47
2090,117,2024-12-23,groceries,-633.89
2091,388,2024-08-07,dining ,-760.35
2092,66,2024-10-06,Transfer,3029.56
2093,14,2024-12-23,Shopping,-1626.03
2094,403,2024-03-24,Utilities,-1984.31
2095,450,2025-03-16,shopping,-2500.47
2096,106,2024-05-20,dining ,-434.04
2097,156,2024-01-17,dining ,-59.5
2098,236,2024-10-11,Transfer,1688.98
2099,247,2025-04-22,Travel,-1857.93
2100,464,2025-02-03,Utilities,-2992.71
2101,190,2024-06-17,Travel,-1889.21
2102,6,2024-08-05,Entertainment,-606.45
2103,198,2024-11-20,Dining,-2269.04
2104,261,2024-05-06,Dining,-777.81
2105,242,2025-03-22,Utilities,-451.46
2106,240,2024-06-09,GROCERIES,-901.71
2107,432,2024-04-28,groceries,-676.99
2108,378,2024-02-21,GROCERIES,-568.29
2109,118,2025-01-12,groceries,-2299.58
2110,167,2024-01-14,Salary Credit,40873.81
2111,313,2025-03-14,Dining,-228.56
2112,193,2025-06-14,Travel,-1727.28
2113,201,2024-03-01,ATM Withdrawal,-340.83
2114,79,2024-02-22,GROCERIES,-369.84
2115,120,2025-05-24,dining ,-1831.12
2116,347,2024-03-09,Healthcare,-547.12
2117,395,2024-08-10,shopping,-792.44
2118,368,2025-04-19,ATM Withdrawal,-1237.96
2119,145,2024-03-16,Shopping,-942.29
2120,64,2024-12-27,Healthcare,-813.7
2121,75,2024-07-27,GROCERIES,-908.65
2122,185,2024-08-25,GROCERIES,-1044.42
2123,243,2025-05-22,Transfer,-6888.93
2124,418,2024-12-19,groceries,-862.05
2125,421,2024-06-23,shopping,-1623.16
2126,2,2025-05-24,Groceries,-1764.62
2127,332,2024-11-12,Utilities,-442.15
2128,140,2024-02-24,ATM Withdrawal,-2331.46
2129,93,2024-08-01,shopping,-1346.77
2130,260,2024-05-12,shopping,-918.9
2131,16,2024-12-16,Dining,-2631.39
2132,157,2025-04-13,Utilities,-661.5
2133,259,2024-01-22,ATM Withdrawal,-141.77
2134,128,2025-03-01,groceries,-1777.44
2135,278,2025-05-14,Shopping,-1806.68
2136,216,2025-06-25,Shopping,-2682.11
2137,375,2024-12-26,Utilities,-830.38
2138,85,2024-06-20,Utilities,-1972.83
2139,27,2024-03-20,Transfer,-1263.95
2140,248,2025-05-29,Travel,-1577.01
2141,121,2024-08-12,Groceries,-1141.48
2142,331,2024-07-06,,-1964.91
2143,44,2025-02-04,,-988.16
2144,270,2025-01-24,Transfer,-2515.75
2145,464,2025-03-17,Groceries,-1126.7
2146,44,2025-04-26,Utilities,-1373.51
2147,142,2025-04-22,Shopping,-2709.03
2148,396,2024-04-03,GROCERIES,-1949.65
2149,250,2024-04-02,ATM Withdrawal,-1383.92
2150,82,2024-04-22,dining ,-1775.83
2151,100,2024-12-07,Shopping,-2177.54
2152,358,2024-11-12,Transfer,-6123.61
2153,403,2025-04-12,,-277.28
2154,169,2025-04-04,Shopping,-1765.54
2155,222,2025-03-19,Utilities,-1174.52
2156,367,2024-02-13,Groceries,-882.31
2157,83,2025-01-14,Entertainment,-493.29
2158,97,2025-04-08,Shopping,-1721.4
2159,363,2025-06-19,Salary Credit,49096.01
2160,88,2024-07-06,Travel,-339.99
2161,361,2025-02-27,Travel,-204.5
2162,233,2024-08-09,GROCERIES,-2902.46
2163,464,2024-03-28,dining ,-1974.56
2164,16,2024-07-04,Travel,-1278.05
2165,443,2024-05-16,Dining,-1745.62
2166,106,2025-05-11,GROCERIES,-779.04
2167,17,2024-04-05,shopping,-1044.84
2168,339,2024-03-12,Shopping,-1219.32
2169,250,2024-11-11,Travel,-2067.87
2170,392,2024-11-08,Transfer,-1939.23
2171,51,2024-11-01,shopping,-97.73
2172,38,2024-03-21,Groceries,-1967.81
2173,266,2024-09-28,Transfer,4697.26
2174,413,2025-05-21,shopping,-375.26
2175,190,2024-02-18,Shopping,-1000.63
2176,374,2025-03-10,Entertainment,-631.38
2177,425,2024-03-09,groceries,-91.08
2178,408,2024-05-07,Shopping,-2334.32
2179,239,2025-05-04,Utilities,-1065.59
2180,327,2024-06-11,GROCERIES,-2355.1
2181,247,2024-10-11,Travel,-103.9
2182,316,2024-07-26,Utilities,-1653.85
2183,266,2024-11-30,Groceries,-98.25
2184,246,2024-08-08,shopping,-3400.84
2185,205,2024-08-29,Utilities,-356.51
2186,306,2025-03-21,Travel,-2816.41
2187,352,2024-10-28,Groceries,-1182.16
2188,431,2024-11-03,Travel,-1035.53
2189,287,2025-03-15,shopping,-1730.41
2190,48,2024-08-21,Shopping,-355.78
2191,275,2025-03-24,ATM Withdrawal,-1906.6
2192,148,2025-01-27,Healthcare,-1972.51
2193,13,2025-04-26,Groceries,-1210.72
2194,34,2024-09-06,Travel,-1425.05
2195,277,2024-10-31,Entertainment,-2936.68
2196,443,2024-03-10,Salary Credit,50209.42
2197,237,2024-03-01,Healthcare,-496.01
2198,209,2024-02-28,ATM Withdrawal,-1875.48
2199,42,2024-12-10,ATM Withdrawal,-715.86
2200,317,2024-06-26,Groceries,-541.6
2201,26,2024-06-06,Utilities,-1661.38
2202,394,2024-11-24,Shopping,-291.58
2203,383,2024-08-05,shopping,-1241.75
2204,464,2024-03-14,Transfer,10729.13
2205,134,2024-10-30,Healthcare,-1774.5
2206,76,2024-10-26,Dining,-122.97
2207,141,2024-03-17,Travel,-17.59
2208,375,2024-05-26,Entertainment,-2753.71
2209,103,2024-05-09,Transfer,3097.24
2210,416,2025-01-14,Transfer,-1985.69
2211,73,2024-05-15,Salary Credit,51353.04
2212,23,2024-01-16,Healthcare,-1301.56
2213,103,2024-05-25,Utilities,-1782.6
2214,353,2024-09-12,groceries,-1170.29
2215,282,2025-02-23,GROCERIES,-207.43
2216,167,2024-01-29,Travel,-408.52
2217,308,2025-04-25,Transfer,2496.24
2218,304,2024-06-29,shopping,-1309.59
2219,260,2024-07-05,Salary Credit,35531.59
2220,241,2024-01-09,Utilities,-2084.61
2221,48,2024-05-30,ATM Withdrawal,-299.94
2222,122,2024-09-12,dining ,-286.77
2223,247,2024-12-07,shopping,-1200.6
2224,64,2025-02-22,Dining,-1884.65
2225,223,2024-10-11,Shopping,-2543.3
2226,55,2024-02-24,Travel,-250.62
2227,369,2024-08-01,Salary Credit,56389.52
2228,49,2025-02-04,shopping,-1366.8
2229,44,2024-12-14,Healthcare,-641.1
2230,299,2024-11-14,Entertainment,-1812.73
2231,104,2024-10-04,Utilities,-2419.85
2232,165,2024-10-02,GROCERIES,-311.16
2233,148,2025-06-25,groceries,-812.16
2234,102,2024-11-22,Dining,-709.79
2235,357,2024-11-21,Dining,-1763.39
2236,324,2024-07-02,Entertainment,-2514.03
2237,112,2024-09-24,Entertainment,-1266.06
2238,322,2025-01-22,dining ,-937.03
2239,334,2025-04-12,Transfer,4296.57
2240,253,2025-02-28,Transfer,1508.65
2241,271,2024-12-26,Travel,-1665.32
2242,438,2025-02-28,Entertainment,-2087.11
2243,213,2024-01-18,Healthcare,-2166.33
2244,181,2024-05-26,Healthcare,-159.61
2245,253,2024-05-12,ATM Withdrawal,-1746.44
2246,392,2024-12-22,Travel,-2579.49
2247,333,2025-02-14,Dining,-3477.56
2248,36,2024-03-21,Healthcare,-1631.04
2249,215,2024-04-15,Utilities,-2085.47
2250,347,2024-09-27,Travel,-306.64
2251,105,2025-06-11,dining ,-188.94
2252,463,2024-01-02,shopping,-2088.6
2253,379,2025-04-24,GROCERIES,-632.3
2254,397,2024-04-15,Transfer,9291.8
2255,39,2024-05-26,Shopping,-1841.33
2256,272,2024-12-10,Travel,-1835.46
2257,248,2025-02-01,Utilities,-1155.48
2258,294,2025-04-21,Shopping,-831.1
2259,398,2024-01-03,Transfer,-11464.33
2260,166,2024-01-27,Entertainment,-2310.28
2261,250,2024-09-17,Transfer,-5083.54
2262,318,2024-10-31,Travel,-674.29
2263,353,2024-05-22,Transfer,-8238.91
2264,361,2024-12-13,shopping,-923.81
2265,158,2024-05-24,Salary Credit,45629.65
2266,468,2025-05-23,ATM Withdrawal,-1754.12
2267,5,2024-04-06,Travel,-1388.52
2268,231,2024-12-23,shopping,-2595.0
2269,285,2024-10-16,ATM Withdrawal,-12.04
2270,29,2024-02-26,Utilities,-1260.6
2271,212,2024-11-25,ATM Withdrawal,-3124.26
2272,279,2024-03-20,Utilities,-2007.35
2273,285,2024-10-21,shopping,-1022.66
2274,56,2024-12-12,Transfer,-4856.79
2275,130,2024-02-09,Groceries,-2519.73
2276,115,2024-04-27,Dining,-1939.13
2277,300,2024-06-10,Shopping,-420.14
2278,154,2025-05-20,groceries,-1414.53
2279,268,2024-04-30,Dining,-1576.76
2280,343,2025-05-16,ATM Withdrawal,-1621.3
2281,374,2024-10-18,GROCERIES,-1486.87
2282,87,2025-06-01,Salary Credit,49517.96
2283,423,2025-03-29,groceries,-1577.12
2284,78,2024-06-08,GROCERIES,-550.93
2285,11,2024-11-01,Travel,-789.17
2286,22,2025-01-25,Healthcare,-971.25
2287,95,2024-02-12,Shopping,-1285.98
2288,409,2024-12-27,Utilities,-974.19
2289,98,2024-09-07,Travel,-2192.59
2290,325,2024-01-20,Shopping,-335.88
2291,196,2025-04-17,Salary Credit,31122.97
2292,19,2024-05-24,Dining,-2970.16
2293,208,2025-04-21,Dining,-464.25
2294,14,2024-04-22,shopping,-2190.34
2295,223,2024-10-22,Salary Credit,49868.72
2296,262,2024-07-21,Transfer,2653.21
2297,244,2025-05-01,shopping,-1080.33
2298,133,2025-06-03,ATM Withdrawal,-946.24
2299,359,2025-02-23,shopping,-1520.74
2300,280,2025-04-05,Shopping,-509.32
2301,120,2025-02-23,Salary Credit,43587.87
2302,204,2024-06-08,Dining,-1166.47
2303,51,2025-05-16,Healthcare,-2191.64
2304,433,2024-10-15,Utilities,-830.0
2305,353,2024-07-06,Salary Credit,37194.78
2306,135,2024-04-14,shopping,-709.76
2307,316,2025-01-21,Entertainment,-1530.33
2308,318,2024-05-31,GROCERIES,-394.43
2309,286,2024-12-21,Entertainment,-2277.58
2310,26,2024-02-05,Groceries,-1217.69
2311,412,2024-12-11,Groceries,-1589.89
2312,448,2024-12-16,Entertainment,-1397.27
2313,456,2024-10-12,dining ,-599.37
2314,459,2024-12-24,Salary Credit,36342.41
2315,435,2025-06-25,Shopping,-569.57
2316,346,2025-04-01,Healthcare,-155.43
2317,27,2024-08-27,Transfer,-4511.74
2318,218,2025-04-19,Utilities,-180.89
2319,115,2025-06-04,Transfer,3150.48
2320,103,2024-03-28,Dining,-1786.92
2321,389,2024-07-14,Salary Credit,55344.18
2322,381,2025-02-08,Transfer,-11484.17
2323,245,2024-10-07,ATM Withdrawal,-336.53
2324,345,2024-03-14,ATM Withdrawal,-334.29
2325,61,2024-09-14,Transfer,10272.37
2326,104,2024-07-22,Shopping,-263.25
2327,403,2025-02-06,Entertainment,-2571.45
2328,212,2024-10-07,groceries,-601.59
2329,256,2024-03-17,Utilities,-936.21
2330,217,2024-01-27,,8832.32
2331,95,2024-06-05,Utilities,-2226.07
2332,387,2024-03-26,Travel,-605.56
2333,355,2025-04-22,Transfer,-4775.34
2334,321,2024-05-27,Shopping,-1795.88
2335,166,2024-12-11,dining ,-775.73
2336,302,2024-03-10,dining ,-2427.8
2337,447,2024-08-28,Utilities,-1104.73
2338,305,2025-05-24,Utilities,-732.47
2339,232,2024-12-16,Groceries,-224.55
2340,127,2024-06-06,Transfer,-6765.65
2341,245,2025-02-11,Utilities,-1411.9
2342,174,2024-09-30,Transfer,7447.13
2343,287,2024-05-08,Healthcare,-693.44
2344,22,2025-06-27,Utilities,-277.17
2345,89,2025-05-25,Healthcare,-753.32
2346,369,2024-11-04,Dining,-3034.13
2347,179,2024-01-19,Salary Credit,37281.41
2348,203,2024-08-12,Healthcare,-1167.21
2349,255,2024-10-07,Transfer,3440.38
2350,206,2025-05-21,dining ,-827.46
2351,356,2025-02-03,dining ,-1498.66
2352,115,2024-05-01,dining ,-913.85
2353,355,2024-10-04,Healthcare,-166.72
2354,99,2024-04-07,dining ,-602.48
2355,174,2024-09-15,shopping,-1016.42
2356,276,2024-10-18,Utilities,-303.45
2357,415,2024-10-04,Utilities,-434.22
2358,109,2024-08-20,Travel,-2104.66
2359,275,2024-08-26,Utilities,-637.61
2360,31,2025-03-10,Shopping,-1595.96
2361,36,2024-10-02,Travel,-1040.74
2362,360,2024-01-23,Travel,-93.03
2363,337,2025-02-07,Shopping,-900.33
2364,177,2024-12-02,Utilities,-1461.89
2365,292,2025-01-14,Transfer,10210.34
2366,178,2025-01-22,shopping,-504.98
2367,130,2024-04-04,shopping,-1123.28
2368,202,2025-06-13,Dining,-2018.17
2369,146,2025-06-23,Groceries,-2334.47
2370,382,2024-03-20,Transfer,-4532.62
2371,193,2024-04-29,Entertainment,-2201.43
2372,151,2024-05-14,dining ,-1660.31
2373,251,2025-06-10,Utilities,-2130.1
2374,355,2025-05-23,Utilities,-2254.28
2375,129,2024-05-24,ATM Withdrawal,-1698.35
2376,440,2024-12-09,Dining,-1329.19
2377,217,2024-05-12,Healthcare,-596.12
2378,310,2024-01-21,groceries,-980.21
2379,448,2024-05-05,Healthcare,-1039.93
2380,203,2024-02-12,Groceries,-2279.1
2381,94,2025-04-07,Utilities,-1358.71
2382,350,2025-03-04,Dining,-1367.23
2383,4,2024-04-10,dining ,-305.37
2384,215,2024-11-05,Healthcare,-2284.03
2385,459,2024-04-21,shopping,-509.4
2386,194,2024-11-04,Groceries,-943.75
2387,321,2025-05-03,Healthcare,-2378.47
2388,246,2025-04-24,dining ,-1997.95
2389,101,2025-03-30,Groceries,-435.2
2390,149,2024-05-11,GROCERIES,-229.06
2391,246,2024-04-13,Shopping,-1016.64
2392,49,2024-03-28,Entertainment,-681.23
2393,195,2024-03-10,GROCERIES,-120.67
2394,195,2024-11-30,ATM Withdrawal,-522.04
2395,391,2024-12-24,Dining,-1273.24
2396,58,2025-04-25,Dining,-2013.58
2397,395,2024-02-19,ATM Withdrawal,-1956.93
2398,193,2024-05-24,ATM Withdrawal,-2468.72
2399,305,2025-01-31,shopping,-1517.92
2400,261,2025-01-06,Dining,-796.53
2401,141,2024-08-20,groceries,-2121.06
2402,436,2024-03-24,ATM Withdrawal,-568.68
2403,106,2024-09-20,Shopping,-6.13
2404,17,2024-04-03,Travel,-1067.5
2405,352,2024-10-18,dining ,-1569.94
2406,291,2025-05-06,Transfer,2564.12
2407,417,2024-04-16,Groceries,-257.24
2408,215,2024-03-05,Salary Credit,41665.25
2409,8,2025-02-06,ATM Withdrawal,-1570.72
2410,10,2024-01-14,Dining,-1069.11
2411,203,2025-06-19,shopping,-3572.85
2412,117,2025-02-26,shopping,-1077.54
2413,432,2024-08-07,Shopping,-1875.58
2414,56,2024-07-16,Entertainment,-103.88
2415,413,2024-07-29,Shopping,-1728.2
2416,102,2024-08-04,GROCERIES,-783.89
2417,56,2025-04-02,Utilities,-1191.7
2418,129,2025-03-11,Salary Credit,58494.43
2419,68,2024-04-21,Utilities,-864.96
2420,188,2024-04-08,Transfer,1543.69
2421,155,2024-10-21,Dining,-1355.6
2422,248,2024-12-20,Groceries,-1306.8
2423,252,2025-01-31,Dining,-1269.39
2424,1,2024-06-19,Entertainment,-43.03
2425,59,2024-09-19,ATM Withdrawal,-3023.72
2426,76,2024-02-26,shopping,-2518.06
2427,92,2024-09-05,Utilities,-1317.29
2428,44,2025-01-09,Entertainment,-169.02
2429,148,2024-06-14,Entertainment,-2626.01
2430,258,2024-06-22,,-2223.14
2431,145,2024-09-08,Transfer,-5308.44
2432,155,2025-04-17,Entertainment,-2278.89
2433,220,2024-11-25,Utilities,-755.11
2434,257,2025-05-15,Utilities,-335.77
2435,155,2024-02-03,shopping,-1341.63
2436,104,2025-04-07,Travel,-197.47
2437,192,2024-01-24,Transfer,6631.62
2438,12,2024-06-24,shopping,-1415.98
2439,231,2024-08-20,dining ,-43.5
2440,441,2024-05-08,Utilities,-831.9
2441,187,2025-06-23,ATM Withdrawal,-4.26
2442,51,2025-05-01,GROCERIES,-760.29
2443,331,2024-11-07,Utilities,-661.91
2444,60,2024-09-03,Groceries,-2093.01
2445,91,2025-02-19,Transfer,4529.61
2446,69,2025-01-20,groceries,-981.07
2447,414,2024-09-18,Groceries,-846.81
2448,460,2025-03-26,Transfer,4704.08
2449,267,2024-04-15,groceries,-1634.55
2450,290,2024-05-31,ATM Withdrawal,-1408.44
2451,303,2024-01-10,Travel,-1823.35
2452,286,2024-03-05,Transfer,7223.87
2453,255,2024-04-18,Dining,-3178.28
2454,462,2024-12-06,GROCERIES,-184.14
2455,344,2025-04-11,Dining,-1411.25
2456,42,2024-11-17,Healthcare,-1512.11
2457,184,2024-08-30,Transfer,-3102.51
2458,457,2024-05-27,Utilities,-1648.89
2459,189,2024-02-25,dining ,-1562.52
2460,96,2024-11-14,dining ,-252.23
2461,407,2024-03-17,Dining,-417.84
2462,292,2025-03-06,Dining,-757.56
2463,264,2024-08-10,Entertainment,-593.91
2464,197,2024-07-09,Groceries,-1742.46
2465,59,2024-01-15,Entertainment,-368.42
2466,180,2024-05-12,groceries,-1040.15
2467,205,2024-01-08,Transfer,-120.73
2468,436,2025-01-30,Travel,-196.34
2469,144,2024-09-23,Groceries,-507.46
2470,70,2025-03-04,Transfer,-2540.55
2471,201,2024-11-04,dining ,-1328.46
2472,467,2025-06-04,Entertainment,-331.14
2473,226,2025-03-03,Transfer,-4354.91
2474,178,2024-03-21,Healthcare,-1016.89
2475,313,2024-03-04,Transfer,-5685.16
2476,304,2025-04-29,dining ,-752.12
2477,141,2024-05-26,Travel,-583.32
2478,453,2025-02-20,ATM Withdrawal,-1908.74
2479,278,2024-12-08,Utilities,-802.55
2480,27,2025-01-17,shopping,-1803.91
2481,191,2024-05-25,dining ,-150.65
2482,432,2024-06-19,ATM Withdrawal,-668.6
2483,185,2024-10-29,Utilities,-2465.9
2484,266,2024-01-13,Groceries,-635.76
2485,287,2024-06-18,Healthcare,-2652.39
2486,330,2024-10-03,Transfer,-4084.2
2487,409,2024-04-21,Utilities,-1123.85
2488,70,2024-06-04,GROCERIES,-1958.03
2489,242,2025-06-20,ATM Withdrawal,-1689.66
2490,250,2024-06-06,Dining,-1338.68
2491,72,2025-05-06,Salary Credit,41293.41
2492,316,2025-05-20,Transfer,493.45
2493,56,2025-01-02,Utilities,-2381.85
2494,214,2024-03-24,Utilities,-2729.49
2495,155,2024-04-22,GROCERIES,-1316.62
2496,73,2025-05-24,Utilities,-396.32
2497,385,2024-01-01,shopping,-504.95
2498,115,2024-10-01,Dining,-460.3
2499,120,2024-11-20,Healthcare,-699.8
2500,400,2025-04-01,ATM Withdrawal,-403.77
2501,411,2025-05-02,dining ,-1668.54
2502,17,2024-06-03,shopping,-1422.65
2503,131,2024-09-30,Travel,-2622.06
2504,332,2024-12-11,Travel,-849.76
2505,365,2025-06-10,shopping,-1380.16
2506,468,2024-10-30,Groceries,-1867.02
2507,260,2024-03-07,dining ,-2119.5
2508,4,2025-05-18,Groceries,-88.59
2509,409,2024-10-06,Dining,-1564.36
2510,76,2024-04-07,ATM Withdrawal,-1331.99
2511,57,2024-04-13,Healthcare,-1472.52
2512,316,2024-04-21,ATM Withdrawal,-1253.67
2513,283,2025-01-28,Healthcare,-2741.58
2514,29,2025-06-01,shopping,-398.25
2515,80,2024-08-28,Utilities,-345.0
2516,277,2024-02-23,Entertainment,-461.12
2517,120,2025-04-29,Groceries,-938.82
2518,321,2024-12-11,groceries,-1463.99
2519,193,2024-11-07,Healthcare,-789.47
2520,276,2024-02-03,ATM Withdrawal,-2105.68
2521,223,2025-06-12,Entertainment,-1196.85
2522,171,2024-02-11,Groceries,-1113.26
2523,161,2024-11-28,Transfer,1009.27
2524,327,2024-11-21,dining ,-2838.98
2525,241,2024-10-07,Utilities,-1157.29
2526,279,2024-10-27,Entertainment,-2673.39
2527,271,2024-08-04,Travel,-639.96
2528,98,2024-11-08,ATM Withdrawal,-1947.56
2529,428,2024-07-17,Entertainment,-693.64
2530,264,2024-09-15,Entertainment,-2837.14
2531,337,2025-01-04,Groceries,-2208.69
2532,413,2025-02-08,dining ,-1964.58
2533,433,2024-03-24,Entertainment,-547.76
2534,313,2025-06-24,shopping,-2915.99
2535,369,2024-02-22,Shopping,-3034.18
2536,221,2024-05-30,Groceries,-858.32
2537,346,2024-07-08,GROCERIES,-1345.5
2538,151,2024-06-25,Healthcare,-2034.13
2539,334,2024-07-10,Shopping,-574.96
2540,41,2024-06-25,Transfer,-8071.02
2541,428,2024-08-25,dining ,-693.17
2542,115,2025-02-19,Dining,-773.08
2543,308,2025-03-26,Shopping,-1499.86
2544,6,2024-07-08,Entertainment,-179.7
2545,73,2024-05-20,Utilities,-229.38
2546,462,2025-01-03,Utilities,-1533.64
2547,391,2024-02-02,shopping,-2386.16
2548,105,2024-08-31,GROCERIES,-1002.96
2549,62,2024-04-29,Travel,-2266.63
2550,382,2024-11-27,shopping,-1797.72
2551,464,2024-02-12,Groceries,-35.87
2552,79,2025-03-27,Salary Credit,40567.02
2553,311,2024-05-27,GROCERIES,-2171.34
2554,133,2024-10-07,ATM Withdrawal,-693.96
2555,349,2024-11-07,Transfer,-7457.32
2556,196,2024-09-15,Transfer,7163.77
2557,59,2024-09-01,ATM Withdrawal,-1586.19
2558,152,2024-05-25,Shopping,-976.54
2559,253,2025-02-25,Utilities,-1823.75
2560,374,2024-10-08,Travel,-743.89
2561,10,2024-04-27,groceries,-222.9
2562,449,2024-05-23,ATM Withdrawal,-782.73
2563,305,2024-08-27,Groceries,-2255.43
2564,410,2025-04-04,Travel,-101.56
2565,436,2025-06-07,shopping,-1168.78
2566,72,2024-07-30,ATM Withdrawal,-1485.69
2567,44,2024-08-03,Utilities,-1422.79
2568,364,2024-03-11,Travel,-1111.27
2569,88,2024-10-24,Shopping,-641.47
2570,70,2024-05-10,Entertainment,-978.0
2571,220,2025-03-22,ATM Withdrawal,-2077.29
2572,428,2024-10-18,dining ,-580.53
2573,373,2024-04-30,Transfer,1478.02
2574,243,2025-05-14,GROCERIES,-1619.56
2575,92,2025-03-20,Utilities,-2546.26
2576,158,2024-06-12,groceries,-253.9
2577,323,2024-03-06,Travel,-2424.68
2578,74,2024-05-24,Salary Credit,49165.34
2579,246,2024-07-24,Shopping,-159.27
2580,6,2024-08-09,Transfer,-2757.39
2581,153,2025-03-24,shopping,-1352.13
2582,117,2025-06-11,Dining,-1036.85
2583,319,2025-02-11,Shopping,-2195.01
2584,428,2025-04-05,ATM Withdrawal,-1964.43
2585,69,2024-03-09,Shopping,-190.76
2586,374,2024-03-22,Travel,-77.06
2587,307,2025-05-09,shopping,-1752.85
2588,454,2024-11-30,Shopping,-736.11
2589,427,2024-05-08,Utilities,-1042.61
2590,48,2025-03-07,Entertainment,-1691.9
2591,348,2024-04-05,dining ,-1972.63
2592,278,2025-02-22,GROCERIES,-89.95
2593,53,2025-04-26,ATM Withdrawal,-799.45
2594,121,2024-09-23,Transfer,4660.56
2595,434,2024-12-23,Salary Credit,38161.27
2596,255,2025-02-02,Shopping,-1259.63
2597,159,2025-04-24,Healthcare,-1120.25
2598,150,2024-11-14,Travel,-322.13
2599,393,2024-06-08,Travel,-3078.18
2600,133,2024-04-19,shopping,-1215.3
2601,75,2024-07-12,Travel,-683.62
2602,269,2024-01-31,Shopping,-1291.29
2603,465,2025-01-15,Healthcare,-1676.89
2604,86,2024-07-20,Dining,-630.72
2605,120,2025-01-22,Groceries,-3288.23
2606,220,2024-02-03,Travel,-170.33
2607,94,2024-06-24,shopping,-107.75
2608,305,2024-08-03,ATM Withdrawal,-239.4
2609,119,2024-02-17,Healthcare,-1203.5
2610,60,2025-03-27,ATM Withdrawal,-1625.66
2611,123,2024-11-21,Healthcare,-902.59
2612,436,2025-04-05,dining ,-1622.98
2613,438,2025-03-13,dining ,-1610.9
2614,237,2024-01-19,Utilities,-875.31
2615,188,2025-04-16,Transfer,4410.66
2616,384,2024-02-07,dining ,-831.88
2617,91,2025-04-19,Dining,-751.34
2618,307,2024-12-31,Travel,-1409.74
2619,319,2025-03-22,Utilities,-2296.01
2620,333,2024-09-29,Salary Credit,35359.75
2621,102,2024-03-28,Entertainment,-767.73
2622,336,2024-03-22,GROCERIES,-1346.4
2623,287,2024-03-05,Shopping,-2781.17
2624,410,2025-03-15,groceries,-1588.52
2625,82,2024-10-17,Dining,-468.57
2626,288,2024-04-27,Utilities,-368.49
2627,389,2024-03-09,Shopping,-2086.59
2628,131,2024-02-12,Shopping,-917.73
2629,349,2024-05-20,Salary Credit,35152.72
2630,47,2025-02-12,Transfer,-8041.41
2631,337,2025-05-01,dining ,-1477.37
2632,284,2024-11-27,ATM Withdrawal,-125.27
2633,91,2025-06-26,ATM Withdrawal,-6.29
2634,32,2024-08-02,groceries,-750.87
2635,349,2024-06-30,Utilities,-639.86
2636,113,2025-01-12,Groceries,-1474.12
2637,233,2024-03-14,groceries,-2064.5
2638,29,2025-05-11,Utilities,-1582.45
2639,451,2025-03-01,Dining,-25.66
2640,257,2024-01-19,Entertainment,-944.66
2641,436,2024-04-12,Entertainment,-2486.44
2642,76,2024-12-08,shopping,-739.1
2643,97,2025-02-06,ATM Withdrawal,-1891.98
2644,286,2024-04-28,Healthcare,-1780.81
2645,283,2025-02-11,Travel,-1883.84
2646,371,2024-09-15,Shopping,-1588.08
2647,435,2025-01-03,ATM Withdrawal,-1881.06
2648,385,2024-08-19,Entertainment,-133.4
2649,66,2024-09-04,Transfer,-419.74
2650,145,2024-07-31,Groceries,-1480.63
2651,428,2024-03-26,ATM Withdrawal,-1156.39
2652,257,2024-04-13,dining ,-636.93
2653,406,2024-04-01,dining ,-322.36
2654,264,2025-03-13,Shopping,-1694.77
2655,24,2024-08-18,ATM Withdrawal,-1921.2
2656,222,2024-07-25,dining ,-1107.23
2657,386,2025-04-11,Utilities,-939.68
2658,307,2025-04-28,ATM Withdrawal,-2353.29
2659,63,2024-05-07,Dining,-820.46
2660,99,2024-07-12,Transfer,-4873.45
2661,400,2024-08-12,Shopping,-1016.75
2662,459,2025-04-02,shopping,-3423.71
2663,353,2025-01-01,GROCERIES,-444.02
2664,46,2024-10-23,Healthcare,-1948.29
2665,290,2024-05-08,Entertainment,-329.42
2666,389,2024-07-29,Dining,-337.87
2667,300,2024-01-16,ATM Withdrawal,-921.71
2668,279,2025-01-18,Transfer,-4176.73
2669,219,2025-05-15,groceries,-1110.53
2670,115,2025-03-04,shopping,-579.88
2671,132,2024-06-17,Entertainment,-2358.81
2672,349,2024-09-20,shopping,-299.62
2673,33,2025-06-05,Entertainment,-1870.01
2674,40,2024-08-19,groceries,-1809.86
2675,186,2025-04-02,Entertainment,-346.95
2676,363,2024-11-10,Healthcare,-869.71
2677,308,2024-09-28,dining ,-1197.76
2678,277,2024-11-14,Travel,-2707.87
2679,250,2024-05-01,Salary Credit,42046.6
2680,52,2024-08-19,Entertainment,-4461.27
2681,156,2024-06-14,dining ,-1891.09
2682,38,2025-02-16,Utilities,-1509.15
2683,355,2024-11-29,Transfer,7652.64
2684,352,2024-08-05,Travel,-346.72
2685,121,2025-03-24,Salary Credit,54375.02
2686,138,2024-09-03,shopping,-9.47
2687,149,2025-06-03,Healthcare,-1982.69
2688,417,2024-11-25,Groceries,-666.72
2689,229,2025-04-27,Healthcare,-480.66
2690,357,2025-06-21,shopping,-2795.26
2691,211,2024-06-27,Entertainment,-1110.31
2692,327,2024-05-22,Groceries,-177.95
2693,248,2025-03-31,Salary Credit,52798.29
2694,131,2024-05-06,Transfer,-9082.24
2695,411,2025-02-13,Transfer,4951.38
2696,332,2024-04-06,Groceries,-53.56
2697,361,2025-04-19,shopping,-1939.2
2698,444,2025-01-10,GROCERIES,-1669.07
2699,117,2024-10-10,dining ,-711.03
2700,43,2024-09-01,ATM Withdrawal,-1142.93
2701,273,2024-12-13,Healthcare,-1468.97
2702,153,2024-07-30,Salary Credit,46924.22
2703,204,2024-08-04,GROCERIES,-1033.74
2704,110,2024-04-21,dining ,-1870.48
2705,187,2024-03-27,Travel,-1712.05
2706,185,2025-04-30,groceries,-1228.03
2707,165,2025-02-12,Transfer,5444.35
2708,348,2024-08-29,Dining,-656.67
2709,278,2025-03-29,GROCERIES,-279.75
2710,222,2024-11-27,ATM Withdrawal,-188.58
2711,53,2024-11-22,GROCERIES,-1109.99
2712,268,2024-03-02,Travel,-428.04
2713,82,2024-10-20,Shopping,-1057.08
2714,148,2024-02-28,GROCERIES,-2397.09
2715,195,2025-01-07,Shopping,-1013.64
2716,67,2024-02-06,shopping,-1324.35
2717,183,2024-10-07,ATM Withdrawal,-994.16
2718,125,2024-07-19,Dining,-2375.86
2719,398,2024-03-12,Utilities,-2692.01
2720,403,2024-09-14,ATM Withdrawal,-777.42
2721,3,2024-04-19,Groceries,-1855.02
2722,282,2024-05-13,groceries,-3082.03
2723,300,2025-04-29,Utilities,-155.43
2724,177,2024-07-09,groceries,-2082.29
2725,220,2024-08-08,Groceries,-366.65
2726,370,2024-01-04,Healthcare,-1226.66
2727,177,2024-06-12,shopping,-1073.93
2728,31,2024-07-10,shopping,-336.31
2729,175,2025-01-26,Dining,-2180.31
2730,119,2024-03-05,groceries,-1332.87
2731,180,2025-05-21,Transfer,2218.25
2732,108,2024-03-10,ATM Withdrawal,-1495.72
2733,71,2024-12-21,Healthcare,-2013.45
2734,462,2024-01-03,Groceries,-391.9
2735,61,2025-03-22,GROCERIES,-1633.48
2736,331,2025-01-14,,-1162.21
2737,336,2025-04-01,Utilities,-508.54
2738,290,2025-05-22,GROCERIES,-2404.64
2739,427,2025-03-30,Utilities,-866.62
2740,3,2024-12-04,GROCERIES,-1478.49
2741,142,2025-04-01,Transfer,-362.14
2742,87,2024-02-22,Entertainment,-1227.47
2743,271,2024-12-17,Salary Credit,34390.46
2744,298,2025-06-23,Travel,-37.61
2745,421,2024-07-24,Transfer,1707.27
2746,178,2025-06-15,Salary Credit,35517.39
2747,111,2024-10-03,Transfer,-3824.02
2748,433,2024-09-12,shopping,-1455.73
2749,315,2024-06-12,Healthcare,-216.77
2750,358,2024-02-28,Utilities,-973.48
2751,209,2025-04-22,Salary Credit,41149.33
2752,210,2025-01-27,Transfer,-5604.21
2753,183,2024-08-06,Entertainment,-1424.42
2754,351,2025-06-08,Healthcare,-1340.65
2755,99,2024-04-10,Travel,-308.76
2756,457,2025-02-28,ATM Withdrawal,-1222.22
2757,83,2024-09-03,Utilities,-738.12
2758,216,2024-12-06,Salary Credit,55513.6
2759,148,2024-01-21,Dining,-1299.29
2760,301,2024-11-28,Travel,-1271.44
2761,319,2025-01-05,Entertainment,-47.19
2762,430,2025-06-16,Transfer,5776.38
2763,370,2024-07-07,Shopping,-1129.14
2764,117,2024-02-09,GROCERIES,-1119.43
2765,97,2024-02-03,Travel,-378.33
2766,415,2024-03-22,groceries,-467.33
2767,229,2024-06-12,groceries,-952.57
2768,46,2025-03-28,Entertainment,-2281.51
2769,387,2024-04-16,shopping,-501.97
2770,304,2024-03-20,groceries,-260.32
2771,12,2024-01-18,ATM Withdrawal,-508.39
2772,367,2024-07-27,GROCERIES,-1492.87
2773,285,2024-11-24,Travel,-2267.54
2774,288,2024-06-02,dining ,-1524.47
2775,405,2024-09-27,Dining,-1719.5
2776,232,2024-05-12,shopping,-271.17
2777,216,2025-03-12,ATM Withdrawal,-1532.49
2778,289,2024-01-15,shopping,-504.78
2779,93,2024-04-19,Transfer,5179.24
2780,71,2024-11-04,Entertainment,-1652.18
2781,395,2025-04-04,Transfer,7460.49
2782,101,2024-08-06,Healthcare,-1052.77
2783,237,2024-02-07,Entertainment,-1446.26
2784,127,2024-10-27,Transfer,10672.92
2785,108,2024-05-27,Utilities,-1647.74
2786,280,2024-06-14,dining ,-525.55
2787,376,2025-05-17,ATM Withdrawal,-767.57
2788,207,2025-05-28,Transfer,8128.12
2789,65,2024-05-21,Transfer,-4890.63
2790,115,2024-11-18,Salary Credit,32783.35
2791,78,2024-10-21,Transfer,-5542.24
2792,414,2025-06-07,ATM Withdrawal,-1722.34
2793,150,2025-05-30,ATM Withdrawal,-2104.29
2794,175,2024-07-09,groceries,-628.97
2795,34,2024-01-14,shopping,-1984.32
2796,209,2024-01-02,Groceries,-2484.31
2797,428,2024-01-03,Groceries,-954.2
2798,192,2025-03-01,Shopping,-1195.22
2799,305,2025-02-07,Groceries,-1882.0
2800,86,2025-03-26,Entertainment,-70.28
2801,67,2024-03-17,shopping,-750.53
2802,343,2024-02-01,ATM Withdrawal,-1704.19
2803,31,2024-04-02,Groceries,-729.55
2804,210,2024-12-06,Transfer,-3909.11
2805,149,2024-01-05,Shopping,-1398.73
2806,8,2024-12-26,shopping,-147.18
2807,249,2025-04-29,Salary Credit,36464.85
2808,452,2024-03-20,Shopping,-1621.56
2809,33,2025-02-06,shopping,-2054.05
2810,382,2024-10-28,ATM Withdrawal,-1558.67
2811,253,2025-05-29,Transfer,6259.03
2812,339,2024-05-12,Utilities,-2862.33
2813,46,2024-05-03,Entertainment,-1259.21
2814,407,2024-01-09,Utilities,-1427.42
2815,6,2025-01-19,Utilities,-1562.88
2816,425,2025-04-17,Utilities,-634.77
2817,308,2024-01-11,Utilities,-501.54
2818,158,2024-09-24,Utilities,-389.92
2819,4,2025-01-29,Transfer,3332.81
2820,286,2025-03-02,shopping,-3063.68
2821,41,2025-05-22,Healthcare,-2839.33
2822,285,2025-01-28,groceries,-904.86
2823,362,2025-05-16,Salary Credit,41635.74
2824,126,2025-06-25,GROCERIES,-732.17
2825,112,2025-05-20,Shopping,-305.17
2826,104,2024-08-26,Travel,-471.6
2827,106,2024-08-09,ATM Withdrawal,-804.28
2828,54,2024-08-21,ATM Withdrawal,-687.29
2829,117,2025-06-02,Dining,-1393.28
2830,309,2024-06-02,Dining,-1897.45
2831,142,2025-02-14,Travel,-544.98
2832,366,2024-12-06,dining ,-2493.23
2833,384,2024-02-03,ATM Withdrawal,-1511.1
2834,357,2024-09-21,shopping,-1999.45
2835,253,2024-04-16,Transfer,-6639.38
2836,149,2025-02-01,Healthcare,-1608.16
2837,436,2024-08-31,Travel,-2520.83
2838,97,2024-07-13,Entertainment,-1787.42
2839,218,2024-02-05,Transfer,-7561.13
2840,213,2024-03-12,GROCERIES,-723.89
2841,349,2025-02-20,Transfer,1171.54
2842,256,2025-04-15,shopping,-684.26
2843,375,2024-06-07,ATM Withdrawal,-1453.17
2844,431,2025-03-27,ATM Withdrawal,-162.56
2845,183,2024-10-27,Entertainment,-369.14
2846,410,2024-07-10,Transfer,-2231.96
2847,80,2024-09-03,Transfer,4523.14
2848,429,2025-01-11,Utilities,-2067.36
2849,84,2025-05-10,Healthcare,-2892.53
2850,398,2024-09-25,ATM Withdrawal,-1443.39
2851,183,2024-07-07,Transfer,-3465.57
2852,452,2025-02-18,Entertainment,-1531.5
2853,61,2024-10-13,GROCERIES,-393.87
2854,218,2024-07-31,Utilities,-1142.7
2855,423,2024-09-07,Transfer,4390.71
2856,23,2024-10-18,Entertainment,-1472.39
2857,125,2024-03-17,Transfer,4515.42
2858,40,2024-02-01,shopping,-831.38
2859,151,2024-12-28,dining ,-1632.81
2860,183,2024-04-05,shopping,-56.18
2861,290,2024-10-16,Travel,-1050.43
2862,121,2025-03-02,Entertainment,-21.7
2863,75,2024-04-27,Shopping,-2590.03
2864,80,2024-07-26,Travel,-2088.49
2865,440,2025-06-17,Shopping,-508.65
2866,447,2024-01-20,Healthcare,-470.25
2867,104,2025-02-15,Salary Credit,48922.95
2868,92,2024-04-01,dining ,-1160.65
2869,26,2025-05-08,Shopping,-3219.39
2870,449,2024-08-12,shopping,-2461.56
2871,331,2024-01-04,Utilities,-1771.63
2872,357,2025-01-26,ATM Withdrawal,-724.59
2873,136,2024-03-21,dining ,-964.56
2874,300,2024-07-17,Shopping,-1471.9
2875,28,2024-09-30,Travel,-1519.53
2876,317,2025-02-10,Shopping,-563.1
2877,272,2024-08-16,Shopping,-27.65
2878,156,2025-04-12,ATM Withdrawal,-2935.4
2879,333,2024-09-19,groceries,-1230.47
2880,303,2024-07-04,Utilities,-1581.77
2881,206,2024-07-02,Transfer,-9098.59
2882,88,2025-03-12,Entertainment,-2136.07
2883,12,2024-12-28,groceries,-1254.43
2884,439,2024-03-10,GROCERIES,-1389.1
2885,132,2025-02-12,Healthcare,-1456.49
2886,142,2024-08-14,Groceries,-1288.37
2887,319,2024-07-09,Healthcare,-1702.12
2888,120,2024-02-23,Transfer,-6129.76
2889,176,2025-06-28,groceries,-1041.69
2890,333,2024-01-29,groceries,-148.28
2891,279,2025-06-27,Healthcare,-1177.19
2892,308,2024-02-05,dining ,-1875.23
2893,3,2024-10-02,Shopping,-1804.94
2894,212,2024-02-27,dining ,-2381.17
2895,223,2024-09-25,Salary Credit,56345.87
2896,296,2025-03-31,Transfer,-5562.33
2897,71,2024-11-17,ATM Withdrawal,-1509.15
2898,75,2024-10-23,GROCERIES,-683.06
2899,357,2024-03-05,shopping,-1919.35
2900,316,2025-05-31,ATM Withdrawal,-2391.31
2901,380,2024-07-23,Dining,-2137.46
2902,127,2024-10-20,Transfer,-6669.08
2903,467,2025-05-04,Salary Credit,43074.77
2904,128,2024-12-08,Groceries,-879.63
2905,305,2025-02-04,Healthcare,-1056.19
2906,76,2024-04-10,Travel,-542.85
2907,430,2024-09-07,dining ,-1447.21
2908,156,2024-10-21,groceries,-1316.86
2909,376,2024-04-05,Travel,-715.09
2910,156,2024-07-28,Utilities,-1261.33
2911,371,2025-03-29,Utilities,-3451.49
2912,213,2025-05-22,Transfer,-5123.83
2913,30,2025-03-24,Salary Credit,38331.76
2914,90,2025-05-23,groceries,-2747.58
2915,320,2025-06-28,ATM Withdrawal,-467.95
2916,91,2024-04-18,ATM Withdrawal,-3029.52
2917,129,2025-04-11,shopping,-534.05
2918,254,2024-12-03,Healthcare,-2047.47
2919,119,2025-04-13,Utilities,-1148.97
2920,61,2024-12-13,groceries,-693.86
2921,293,2024-03-09,Groceries,-2108.63
2922,323,2024-11-02,Utilities,-2395.65
2923,344,2025-02-18,shopping,-1033.02
2924,442,2024-03-08,GROCERIES,-1178.23
2925,59,2024-10-01,shopping,-828.65
2926,200,2024-12-22,Entertainment,-1401.65
2927,110,2024-09-10,Transfer,1716.01
2928,422,2025-03-11,ATM Withdrawal,-1224.05
2929,253,2024-03-10,ATM Withdrawal,-483.21
2930,47,2024-07-07,ATM Withdrawal,-1001.04
2931,324,2025-06-02,shopping,-237.11
2932,21,2024-10-07,Travel,-1094.17
2933,129,2024-04-08,Utilities,-738.77
2934,338,2024-03-04,GROCERIES,-564.27
2935,237,2024-11-19,Shopping,-616.04
2936,357,2025-05-22,Shopping,-2070.48
2937,268,2024-01-27,Groceries,-1411.75
2938,395,2024-02-29,dining ,-2608.45
2939,264,2024-07-23,Transfer,729.85
2940,27,2024-04-23,dining ,-260.58
2941,34,2024-03-06,Travel,-1303.61
2942,364,2024-06-11,dining ,-1417.78
2943,19,2024-12-16,Dining,-672.61
2944,177,2025-03-26,Transfer,2612.78
2945,8,2024-06-15,groceries,-652.82
2946,142,2025-01-16,Utilities,-1069.99
2947,279,2025-03-24,Healthcare,-1155.89
2948,81,2024-01-04,Shopping,-211.91
2949,219,2025-04-09,Salary Credit,46970.03
2950,467,2024-04-10,Salary Credit,46896.22
2951,33,2025-01-08,dining ,-1101.05
2952,30,2025-02-12,Utilities,-578.11
2953,127,2025-04-05,Travel,-1804.42
2954,388,2024-08-08,Dining,-2391.26
2955,190,2024-12-25,Dining,-796.59
2956,300,2024-01-15,Salary Credit,39972.04
2957,16,2024-08-31,groceries,-1619.33
2958,345,2025-06-09,GROCERIES,-146.47
2959,32,2024-03-27,Shopping,-51.09
2960,334,2024-03-23,Travel,-616.04
2961,70,2025-01-16,Salary Credit,47475.87
2962,402,2024-10-05,groceries,-407.6
2963,139,2024-09-04,ATM Withdrawal,-1183.12
2964,87,2024-05-15,Transfer,6850.38
2965,158,2024-04-03,Shopping,-2496.41
2966,1,2025-02-05,Transfer,-2270.39
2967,78,2024-07-13,Travel,-1599.69
2968,281,2025-02-27,Groceries,-1012.75
2969,141,2024-08-29,Travel,-1295.55
2970,166,2024-08-04,Travel,-978.7
2971,378,2024-05-05,Entertainment,-926.85
2972,58,2024-12-24,Utilities,-450.18
2973,186,2024-06-04,Utilities,-216.42
2974,88,2025-05-10,Entertainment,-2189.45
2975,226,2024-08-10,Dining,-311.15
2976,156,2025-03-20,Salary Credit,44850.52
2977,22,2024-09-13,Utilities,-1142.29
2978,33,2024-08-14,Healthcare,-1157.77
2979,399,2024-09-03,dining ,-1798.38
2980,27,2024-08-28,ATM Withdrawal,-866.34
2981,367,2024-09-18,shopping,-1787.7
2982,429,2025-04-28,Healthcare,-2987.29
2983,218,2025-01-18,Healthcare,-1063.01
2984,147,2024-01-19,Transfer,4572.36
2985,364,2024-02-01,Groceries,-983.32
2986,460,2024-01-13,shopping,-1561.82
2987,57,2025-01-11,Entertainment,-594.66
2988,452,2024-04-22,Salary Credit,47595.98
2989,442,2024-07-28,Entertainment,-820.72
2990,67,2025-03-27,Transfer,-7408.21
2991,26,2024-03-12,Utilities,-733.39
2992,335,2024-03-24,dining ,-1981.19
2993,37,2024-02-13,Utilities,-159.66
2994,282,2024-06-04,ATM Withdrawal,-1216.0
2995,31,2024-02-18,shopping,-325.35
2996,324,2024-12-08,GROCERIES,-760.7
2997,109,2025-02-05,ATM Withdrawal,-3648.08
2998,46,2024-04-10,GROCERIES,-345.39
2999,32,2024-10-12,Travel,-864.66
3000,89,2024-06-14,shopping,-170.63
3001,254,2024-02-13,Shopping,-923.7
3002,36,2024-09-11,Groceries,-1065.04
3003,376,2025-01-15,ATM Withdrawal,-538.88
3004,283,2024-05-04,Transfer,8465.51
3005,140,2025-03-05,ATM Withdrawal,-347.87
3006,462,2025-06-24,Healthcare,-1935.04
3007,309,2024-01-31,Dining,-767.92
3008,315,2024-03-30,dining ,-93.62
3009,82,2024-06-06,Groceries,-553.93
3010,333,2025-04-08,ATM Withdrawal,-69.63
3011,262,2024-03-18,dining ,-2047.07
3012,461,2024-09-13,Healthcare,-411.25
3013,224,2024-10-19,shopping,-2359.32
3014,318,2024-03-11,Transfer,-5422.62
3015,160,2024-01-23,Travel,-836.78
3016,19,2024-03-05,ATM Withdrawal,-748.11
3017,60,2024-01-31,Travel,-2777.38
3018,406,2024-09-29,shopping,-1209.28
3019,346,2025-05-25,,-7560.33
3020,171,2024-07-11,Dining,-1726.99
3021,327,2024-05-19,Entertainment,-310.72
3022,3,2024-05-07,ATM Withdrawal,-1204.72
3023,18,2025-06-18,ATM Withdrawal,-427.82
3024,238,2025-06-06,Dining,-1169.89
3025,293,2024-12-19,groceries,-1482.78
3026,439,2024-09-09,groceries,-1603.08
3027,356,2024-03-28,Salary Credit,37004.24
3028,121,2025-05-21,dining ,-535.3
3029,382,2024-01-01,Healthcare,-1422.65
3030,231,2024-03-30,Healthcare,-2325.43
3031,387,2025-01-04,groceries,-1282.86
3032,82,2024-04-09,ATM Withdrawal,-697.7
3033,13,2024-02-28,dining ,-2073.2
3034,28,2024-11-20,Utilities,-1316.18
3035,464,2024-01-15,dining ,-1360.86
3036,38,2024-05-27,Transfer,7393.14
3037,440,2024-12-16,Entertainment,-1113.33
3038,341,2024-04-10,groceries,-359.92
3039,69,2025-02-17,Utilities,-1060.87
3040,405,2024-02-21,Travel,-2200.92
3041,68,2024-11-30,Shopping,-2903.41
3042,68,2024-02-11,Groceries,-103.14
3043,270,2025-02-02,Transfer,-3899.29
3044,135,2025-02-14,Healthcare,-1218.41
3045,137,2025-03-09,Travel,-2729.88
3046,92,2024-06-02,Entertainment,-831.27
3047,285,2024-05-08,ATM Withdrawal,-953.04
3048,13,2025-06-17,Shopping,-621.49
3049,115,2025-02-01,Transfer,-5113.62
3050,260,2024-04-09,shopping,-1480.59
3051,228,2024-01-16,Shopping,-581.63
3052,328,2024-07-12,Utilities,-2505.32
3053,102,2024-12-28,ATM Withdrawal,-527.41
3054,304,2024-07-23,dining ,-1648.56
3055,356,2025-03-16,Dining,-1223.89
3056,182,2024-09-29,Shopping,-2319.35
3057,121,2025-06-24,Travel,-476.46
3058,260,2025-04-19,dining ,-1715.28
3059,271,2024-09-13,Dining,-3378.97
3060,45,2025-03-30,Entertainment,-97.45
3061,265,2024-09-01,shopping,-389.47
3062,73,2024-01-06,Travel,-3075.58
3063,267,2024-06-16,Transfer,5340.78
3064,437,2024-08-11,Transfer,-4003.2
3065,252,2025-06-16,groceries,-2688.77
3066,357,2025-03-27,shopping,-252.24
3067,145,2024-03-20,Utilities,-2313.33
3068,432,2024-01-01,shopping,-129.76
3069,381,2024-10-15,ATM Withdrawal,-210.25
3070,430,2024-10-17,Groceries,-221.72
3071,348,2025-02-04,shopping,-1084.95
3072,304,2024-05-21,Utilities,-557.11
3073,246,2025-03-18,Shopping,-503.74
3074,435,2024-08-12,GROCERIES,-365.17
3075,397,2024-07-01,Transfer,-2201.47
3076,196,2024-08-17,Shopping,-1411.38
3077,41,2025-05-29,Dining,-627.69
3078,2,2024-08-01,Transfer,2995.6
3079,110,2024-11-01,GROCERIES,-1166.44
3080,30,2025-05-01,Shopping,-1874.48
3081,99,2024-01-10,shopping,-949.07
3082,52,2024-10-19,Groceries,-65.29
3083,460,2025-01-21,Dining,-1870.53
3084,45,2025-05-07,groceries,-35.29
3085,294,2024-02-03,ATM Withdrawal,-910.94
3086,165,2025-01-31,ATM Withdrawal,-1180.33
3087,82,2025-03-13,Groceries,-2171.24
3088,329,2024-07-10,GROCERIES,-1719.96
3089,455,2025-02-10,Entertainment,-1414.59
3090,371,2024-09-25,dining ,-2037.54
3091,457,2024-12-24,Utilities,-157.8
3092,277,2024-07-31,ATM Withdrawal,-2621.97
3093,316,2024-04-06,groceries,-1558.53
3094,69,2025-03-27,Healthcare,-2484.99
3095,399,2024-04-27,groceries,-442.87
3096,351,2024-04-12,Transfer,9345.39
3097,119,2025-04-27,Utilities,-1704.85
3098,167,2025-05-25,Dining,-1535.18
3099,286,2024-11-28,Travel,-1979.69
3100,7,2024-11-12,Healthcare,-131.95
3101,383,2024-07-15,Shopping,-3.05
3102,132,2024-11-29,groceries,-1444.22
3103,36,2024-11-28,Healthcare,-1022.15
3104,155,2024-10-08,Groceries,-918.47
3105,392,2024-12-23,GROCERIES,-2314.38
3106,129,2024-10-29,Groceries,-2236.33
3107,253,2025-04-24,Transfer,2237.79
3108,380,2024-12-29,Dining,-1598.18
3109,16,2024-07-28,Dining,-207.89
3110,356,2024-12-22,Healthcare,-229.54
3111,136,2024-05-05,Salary Credit,37857.22
3112,326,2024-04-26,Utilities,-1152.33
3113,89,2025-03-26,Shopping,-612.25
3114,66,2024-11-13,dining ,-1606.09
3115,369,2024-01-30,shopping,-1186.2
3116,379,2024-07-12,Utilities,-2202.68
3117,460,2025-06-20,Salary Credit,49365.11
3118,317,2024-12-13,Transfer,7701.87
3119,219,2025-04-18,Utilities,-424.24
3120,92,2024-10-25,GROCERIES,-1570.32
3121,139,2024-01-24,Utilities,-756.94
3122,304,2024-04-07,Transfer,8972.24
3123,162,2024-02-20,Transfer,2922.14
3124,227,2025-02-04,Transfer,-3841.96
3125,79,2025-02-16,Healthcare,-4142.38
3126,206,2024-09-06,Transfer,2840.26
3127,112,2025-01-29,Healthcare,-596.09
3128,53,2024-10-27,Salary Credit,35728.54
3129,62,2025-02-07,dining ,-251.53
3130,243,2025-01-01,Salary Credit,44130.68
3131,172,2024-09-05,Dining,-1628.88
3132,47,2024-12-21,GROCERIES,-233.83
3133,241,2024-06-22,Utilities,-748.7
3134,77,2025-02-12,Utilities,-476.41
3135,8,2025-05-12,ATM Withdrawal,-146.56
3136,63,2024-04-22,Utilities,-2096.21
3137,210,2024-12-29,groceries,-511.49
3138,447,2024-03-01,Entertainment,-32.9
3139,114,2024-07-24,Shopping,-1992.13
3140,134,2024-12-30,Dining,-2326.12
3141,114,2024-05-31,dining ,-1413.89
3142,167,2024-05-08,Groceries,-353.24
3143,336,2024-07-28,Entertainment,-950.1
3144,151,2024-03-03,Dining,-610.47
3145,308,2024-12-06,Healthcare,-1155.55
3146,421,2024-03-12,Dining,-1844.32
3147,443,2024-06-30,Transfer,4924.32
3148,264,2024-06-19,GROCERIES,-1196.83
3149,334,2025-06-11,Shopping,-738.22
3150,431,2025-06-24,Utilities,-1798.38
3151,369,2024-02-13,Utilities,-1531.46
3152,141,2024-03-26,Healthcare,-454.37
3153,62,2025-02-03,ATM Withdrawal,-403.34
3154,54,2024-06-11,Dining,-901.52
3155,413,2024-12-17,Transfer,8499.94
3156,261,2025-05-16,GROCERIES,-1886.65
3157,139,2024-03-29,Entertainment,-1064.4
3158,162,2025-06-09,Travel,-2518.41
3159,132,2024-01-29,Dining,-549.75
3160,376,2024-05-04,Utilities,-893.08
3161,287,2024-10-03,Dining,-78.84
3162,412,2025-04-24,Healthcare,-889.2
3163,142,2024-10-28,Utilities,-424.45
3164,222,2024-03-16,GROCERIES,-2584.08
3165,57,2024-05-15,Transfer,-9023.0
3166,455,2025-02-19,Dining,-1256.95
3167,240,2024-11-02,Groceries,-1620.25
3168,259,2024-01-08,ATM Withdrawal,-656.22
3169,194,2024-09-30,GROCERIES,-1082.99
3170,127,2024-08-09,Transfer,-7243.89
3171,444,2024-01-01,Shopping,-1594.34
3172,229,2024-05-14,Dining,-847.14
3173,316,2025-05-24,Shopping,-1865.55
3174,18,2025-01-18,Dining,-776.26
3175,130,2024-02-08,Shopping,-172.55
3176,377,2024-01-09,Shopping,-1865.63
3177,42,2024-07-07,Transfer,3164.54
3178,48,2024-09-10,shopping,-2123.95
3179,380,2024-09-04,Transfer,3291.37
3180,145,2025-01-14,Groceries,-1737.46
3181,129,2024-04-04,Entertainment,-1644.48
3182,265,2024-01-26,Dining,-1000.97
3183,92,2025-01-01,Transfer,5861.97
3184,21,2025-05-04,Shopping,-1326.14
3185,3,2024-04-01,Groceries,-140.13
3186,38,2024-07-15,Utilities,-872.74
3187,75,2024-12-07,Entertainment,-1404.65
3188,326,2024-03-31,Transfer,-4804.63
3189,140,2025-04-13,ATM Withdrawal,-703.24
3190,34,2024-05-02,Travel,-1.05
3191,7,2024-10-17,shopping,-1877.5
3192,224,2024-07-03,Dining,-1778.56
3193,394,2024-12-29,Salary Credit,52897.87
3194,159,2024-04-18,Dining,-229.47
3195,30,2024-02-23,Transfer,-5366.04
3196,107,2024-10-05,ATM Withdrawal,-576.96
3197,234,2025-04-16,Travel,-1241.8
3198,89,2024-12-10,ATM Withdrawal,-3816.0
3199,458,2025-02-15,Utilities,-2013.28
3200,358,2024-08-24,Dining,-519.93
3201,162,2024-03-17,Dining,-972.63
3202,446,2024-08-20,Utilities,-874.13
3203,153,2025-06-22,dining ,-1311.52
3204,66,2025-03-02,ATM Withdrawal,-171.55
3205,440,2025-01-18,ATM Withdrawal,-1491.33
3206,450,2024-06-13,shopping,-705.85
3207,147,2024-11-22,Healthcare,-305.43
3208,279,2024-12-05,Entertainment,-3001.51
3209,82,2024-12-22,groceries,-875.32
3210,301,2025-05-01,Shopping,-2483.62
3211,323,2025-01-06,Entertainment,-470.85
3212,333,2024-04-30,dining ,-691.36
3213,267,2024-04-30,Travel,-254.39
3214,330,2024-12-03,Healthcare,-3619.2
3215,260,2025-04-17,Transfer,-10329.46
3216,384,2025-05-31,Transfer,-6035.64
3217,85,2024-11-28,Entertainment,-1307.85
3218,227,2024-10-15,Dining,-526.26
3219,195,2025-03-20,ATM Withdrawal,-388.91
3220,250,2025-06-16,Transfer,-8957.83
3221,67,2024-01-16,Dining,-1376.66
3222,152,2024-06-17,Groceries,-1865.61
3223,447,2024-06-30,dining ,-816.97
3224,50,2024-11-03,ATM Withdrawal,-3155.78
3225,298,2024-06-09,ATM Withdrawal,-1414.73
3226,312,2024-06-18,Entertainment,-3029.88
3227,223,2024-01-14,Utilities,-331.32
3228,16,2024-01-03,Salary Credit,44639.91
3229,17,2024-09-02,Groceries,-2164.35
3230,129,2025-06-27,Healthcare,-1327.81
3231,48,2024-06-10,Shopping,-1665.96
3232,45,2024-05-10,ATM Withdrawal,-320.0
3233,75,2024-05-24,Utilities,-835.06
3234,90,2025-06-14,groceries,-412.21
3235,393,2024-12-27,Groceries,-1123.03
3236,299,2024-12-21,Transfer,-4434.8
3237,15,2024-04-13,Dining,-723.86
3238,295,2025-05-07,Transfer,1804.48
3239,64,2024-04-17,dining ,-734.27
3240,198,2025-06-11,Shopping,-685.59
3241,18,2025-06-03,dining ,-3137.16
3242,43,2024-11-05,groceries,-1658.91
3243,63,2025-04-18,shopping,-438.38
3244,203,2025-06-28,Utilities,-1600.53
3245,217,2024-11-12,Travel,-1079.27
3246,166,2025-02-22,Salary Credit,48101.01
3247,291,2024-11-17,Utilities,-1992.66
3248,338,2024-10-12,shopping,-1374.16
3249,342,2024-07-01,ATM Withdrawal,-1308.49
3250,271,2024-12-22,GROCERIES,-2537.85
3251,256,2024-05-25,Utilities,-1685.7
3252,231,2024-04-15,groceries,-1375.35
3253,112,2024-05-30,Groceries,-1237.99
3254,228,2024-01-07,Groceries,-690.69
3255,5,2025-05-23,Shopping,-79.02
3256,453,2024-05-19,Groceries,-1803.36
3257,174,2025-03-11,Entertainment,-2348.93
3258,354,2024-08-25,Transfer,6283.5
3259,448,2024-07-03,GROCERIES,-1709.34
3260,233,2024-05-04,Shopping,-401.61
3261,404,2025-03-23,GROCERIES,-663.42
3262,225,2024-10-07,Groceries,-46.36
3263,62,2024-09-02,Healthcare,-975.43
3264,13,2024-12-24,shopping,-2084.88
3265,64,2025-03-13,groceries,-572.32
3266,442,2024-12-23,Entertainment,-1132.8
3267,223,2024-09-11,Entertainment,-1832.21
3268,150,2025-05-02,shopping,-2287.31
3269,209,2025-05-03,ATM Withdrawal,-282.33
3270,120,2025-06-10,Transfer,-2785.16
3271,408,2024-02-19,ATM Withdrawal,-410.97
3272,468,2025-04-30,shopping,-855.34
3273,40,2024-04-15,Transfer,842.45
3274,337,2024-12-03,Shopping,-869.16
3275,158,2024-12-24,dining ,-1231.51
3276,23,2024-04-22,Groceries,-261.18
3277,432,2024-01-05,Utilities,-766.46
3278,29,2025-05-29,GROCERIES,-1217.6
3279,97,2025-04-30,GROCERIES,-1307.84
3280,12,2024-04-05,Shopping,-270.98
3281,221,2024-11-23,Healthcare,-1830.23
3282,281,2024-03-23,groceries,-1851.87
3283,151,2024-11-04,Utilities,-531.81
3284,34,2024-06-22,Transfer,6367.49
3285,55,2025-02-13,Travel,-1480.15
3286,437,2024-11-08,Transfer,-7049.19
3287,378,2024-09-28,shopping,-270.3
3288,439,2025-01-06,Salary Credit,42172.51
3289,249,2024-09-16,dining ,-1755.84
3290,256,2024-01-08,Utilities,-481.99
3291,368,2024-11-20,Salary Credit,42180.47
3292,289,2025-02-28,groceries,-1740.92
3293,205,2024-09-24,Dining,-1478.87
3294,137,2024-04-05,Travel,-1218.84
3295,228,2024-01-05,ATM Withdrawal,-1256.32
3296,30,2024-06-10,shopping,-1042.6
3297,91,2025-02-22,ATM Withdrawal,-1967.5
3298,346,2024-06-24,ATM Withdrawal,-3081.06
3299,407,2025-06-05,groceries,-1463.4
3300,48,2024-06-30,Entertainment,-2353.82
3301,46,2024-08-21,Transfer,-2955.29
3302,41,2025-02-18,Utilities,-490.63
3303,371,2024-11-30,shopping,-373.49
3304,146,2024-01-23,Utilities,-935.82
3305,153,2024-02-11,Entertainment,-1997.5
3306,6,2024-04-17,Travel,-2102.64
3307,456,2025-04-20,Travel,-741.31
3308,204,2024-01-13,Entertainment,-908.47
3309,374,2024-02-09,Salary Credit,44983.64
3310,332,2025-02-28,Groceries,-1410.69
3311,67,2024-12-05,Salary Credit,49693.67
3312,376,2025-06-20,Transfer,3802.56
3313,258,2024-04-29,Utilities,-1019.62
3314,283,2024-12-25,shopping,-2419.22
3315,94,2024-03-14,Salary Credit,42771.31
3316,397,2024-11-17,Shopping,-682.85
3317,437,2024-02-27,Healthcare,-1123.02
3318,191,2025-05-09,Shopping,-1270.33
3319,44,2024-08-14,Salary Credit,32672.97
3320,398,2024-05-18,Transfer,-6259.89
3321,416,2025-06-20,GROCERIES,-3004.05
3322,238,2024-02-06,GROCERIES,-724.0
3323,272,2025-03-11,Healthcare,-1888.39
3324,105,2024-10-04,ATM Withdrawal,-1361.29
3325,32,2025-01-09,Travel,-2244.01
3326,442,2024-05-21,groceries,-643.03
3327,227,2025-04-25,dining ,-2192.87
3328,129,2024-09-02,GROCERIES,-2461.87
3329,325,2024-08-16,Travel,-2500.15
3330,13,2024-09-05,shopping,-2484.67
3331,38,2024-06-10,Dining,-1371.78
3332,114,2024-06-22,Salary Credit,49679.57
3333,211,2024-03-17,Healthcare,-822.38
3334,172,2024-09-22,Healthcare,-800.64
3335,88,2024-09-15,Transfer,5767.62
3336,165,2024-07-26,Travel,-1055.1
3337,157,2025-06-21,shopping,-2066.76
3338,246,2024-03-02,shopping,-1975.78
3339,264,2025-05-11,Dining,-244.05
3340,414,2025-04-17,Entertainment,-3305.24
3341,378,2024-01-13,ATM Withdrawal,-1549.32
3342,137,2025-01-17,Salary Credit,34726.66
3343,423,2024-04-24,Dining,-170.29
3344,244,2024-01-23,Dining,-759.98
3345,88,2025-04-14,Entertainment,-1887.28
3346,160,2024-03-04,dining ,-725.82
3347,348,2024-06-11,Groceries,-443.65
3348,385,2024-02-22,Salary Credit,39848.26
3349,176,2024-03-18,ATM Withdrawal,-929.45
3350,74,2024-02-03,groceries,-1718.09
3351,90,2025-04-04,Dining,-280.02
3352,49,2024-02-02,Transfer,-6395.1
3353,328,2025-02-17,Entertainment,-665.33
3354,236,2024-03-26,shopping,-1724.06
3355,212,2025-05-13,Transfer,3507.61
3356,315,2025-04-07,Utilities,-2617.33
3357,388,2024-12-09,ATM Withdrawal,-1387.8
3358,373,2025-03-27,Shopping,-2303.64
3359,65,2024-06-11,Transfer,-6734.84
3360,276,2025-03-02,Transfer,-2742.74
3361,414,2024-04-30,Utilities,-2250.64
3362,363,2024-12-01,Groceries,-1394.18
3363,155,2025-05-16,Transfer,1329.97
3364,184,2025-01-29,groceries,-1325.95
3365,417,2024-05-26,ATM Withdrawal,-2557.09
3366,16,2025-02-06,shopping,-383.57
3367,246,2025-04-26,Groceries,-353.27
3368,55,2025-04-29,ATM Withdrawal,-915.37
3369,419,2025-02-06,Shopping,-2191.11
3370,19,2025-02-03,Entertainment,-453.11
3371,11,2025-03-03,Dining,-614.84
3372,154,2025-02-05,,-294.82
3373,94,2024-03-13,groceries,-1705.89
3374,232,2025-03-14,dining ,-1071.56
3375,141,2024-04-08,ATM Withdrawal,-888.08
3376,167,2024-10-30,Utilities,-1037.93
3377,265,2024-07-04,GROCERIES,-1906.34
3378,263,2024-04-26,Healthcare,-2209.44
3379,438,2024-06-02,Groceries,-2122.17
3380,225,2024-02-16,Utilities,-1717.87
3381,265,2024-08-27,Entertainment,-2445.51
3382,318,2024-08-16,ATM Withdrawal,-361.55
3383,82,2024-08-07,Utilities,-1548.91
3384,313,2024-02-19,Healthcare,-3313.73
3385,404,2024-11-26,Shopping,-453.06
3386,149,2024-04-02,Groceries,-719.19
3387,84,2025-04-11,GROCERIES,-267.74
3388,163,2024-01-13,Healthcare,-1459.85
3389,129,2024-01-31,Utilities,-2494.05
3390,274,2024-06-12,Transfer,-6612.52
3391,405,2024-08-10,groceries,-1004.41
3392,280,2025-06-12,groceries,-1691.11
3393,59,2024-10-13,Entertainment,-939.25
3394,148,2024-07-25,Healthcare,-1374.91
3395,323,2025-04-01,Groceries,-1756.75
3396,155,2024-05-11,Dining,-2777.54
3397,275,2025-05-03,ATM Withdrawal,-1604.49
3398,325,2024-08-07,shopping,-1395.93
3399,155,2024-06-19,Travel,-3031.86
3400,303,2024-06-13,Dining,-560.37
3401,187,2024-01-06,Healthcare,-1117.19
3402,64,2025-01-02,Dining,-532.85
3403,175,2024-11-10,Dining,-985.43
3404,207,2024-12-11,Utilities,-1743.58
3405,2,2024-12-21,groceries,-2082.6
3406,418,2024-01-15,shopping,-731.64
3407,248,2025-04-23,Utilities,-1802.22
3408,17,2024-10-05,Salary Credit,37818.84
3409,407,2025-01-11,Utilities,-47.56
3410,401,2024-01-20,Groceries,-1263.77
3411,6,2025-02-18,Entertainment,-1003.31
3412,77,2025-01-04,Shopping,-2541.48
3413,171,2024-07-19,Utilities,-3115.61
3414,238,2025-05-25,Groceries,-652.31
3415,340,2024-12-20,Shopping,-430.38
3416,199,2025-05-09,Transfer,2492.91
3417,287,2025-03-23,ATM Withdrawal,-1386.57
3418,5,2024-04-22,Transfer,4216.42
3419,309,2025-06-27,Dining,-67.34
3420,429,2025-02-08,Healthcare,-2807.52
3421,247,2024-04-13,dining ,-1796.57
3422,213,2025-03-08,dining ,-2783.12
3423,140,2024-08-21,shopping,-420.98
3424,447,2025-04-16,GROCERIES,-2345.41
3425,16,2024-04-04,Travel,-1065.87
3426,135,2024-05-21,dining ,-847.35
3427,65,2024-07-08,ATM Withdrawal,-1221.9
3428,406,2024-09-02,Transfer,-4571.02
3429,226,2024-12-10,Salary Credit,52571.38
3430,432,2024-04-30,Travel,-566.71
3431,312,2025-01-19,Utilities,-2547.58
3432,261,2024-01-14,Transfer,-6177.17
3433,243,2024-06-29,shopping,-1100.8
3434,95,2024-12-25,Shopping,-2042.05
3435,264,2024-05-24,GROCERIES,-1527.43
3436,321,2024-08-23,dining ,-768.08
3437,452,2024-11-26,Utilities,-504.43
3438,257,2024-05-15,ATM Withdrawal,-2549.59
3439,440,2025-06-09,Transfer,4409.28
3440,443,2025-04-06,Healthcare,-69.38
3441,245,2025-06-13,Travel,-1639.01
3442,206,2024-09-27,Shopping,-1112.66
3443,67,2024-07-06,Transfer,-1251.44
3444,126,2025-06-26,Utilities,-417.9
3445,412,2025-02-01,Shopping,-1239.97
3446,65,2025-03-08,ATM Withdrawal,-1456.57
3447,186,2024-04-09,dining ,-543.45
3448,327,2025-04-18,Utilities,-565.12
3449,113,2024-10-14,Utilities,-1344.41
3450,456,2025-02-25,Shopping,-2288.84
3451,304,2025-03-25,Utilities,-1955.33
3452,14,2024-02-27,dining ,-790.54
3453,116,2024-02-23,GROCERIES,-2099.18
3454,347,2024-02-05,Transfer,-4367.17
3455,404,2024-12-16,Entertainment,-2496.79
3456,434,2025-05-13,Entertainment,-1611.89
3457,399,2024-01-17,Transfer,-5564.16
3458,35,2024-03-16,GROCERIES,-1207.4
3459,342,2024-09-21,GROCERIES,-1472.44
3460,52,2024-08-01,shopping,-1206.57
3461,36,2024-02-26,shopping,-939.8
3462,324,2024-11-28,ATM Withdrawal,-612.21
3463,224,2025-05-08,dining ,-1269.26
3464,304,2024-04-25,Healthcare,-406.85
3465,399,2024-01-02,Utilities,-171.78
3466,33,2024-05-02,shopping,-1442.82
3467,247,2024-04-10,Entertainment,-2082.0
3468,391,2024-09-11,Shopping,-483.42
3469,207,2024-02-28,Transfer,-87.57
3470,245,2024-07-15,ATM Withdrawal,-15.44
3471,233,2024-03-06,Transfer,1164.9
3472,425,2025-01-03,Transfer,209.11
3473,24,2024-09-12,,-1613.26
3474,411,2024-02-10,Utilities,-961.32
3475,383,2024-01-24,Transfer,6815.91
3476,381,2024-09-23,shopping,-2249.57
3477,193,2024-11-18,Salary Credit,44760.48
3478,242,2024-04-04,Travel,-2220.36
3479,173,2024-06-25,Dining,-2594.87
3480,118,2024-11-26,Shopping,-2411.71
3481,410,2024-09-13,Healthcare,-595.03
3482,237,2024-03-04,Utilities,-572.5
3483,339,2024-08-01,Utilities,-1087.64
3484,48,2024-04-17,GROCERIES,-1360.55
3485,370,2025-05-20,shopping,-558.06
3486,309,2025-03-14,Utilities,-1254.98
3487,467,2024-06-19,ATM Withdrawal,-1115.46
3488,63,2024-05-08,GROCERIES,-2591.22
3489,253,2024-03-14,dining ,-1629.68
3490,240,2025-02-05,GROCERIES,-463.83
3491,252,2025-05-15,groceries,-1314.03
3492,26,2024-05-28,Transfer,-6448.74
3493,222,2024-12-14,Entertainment,-1262.46
3494,141,2024-05-08,Transfer,7834.95
3495,289,2025-05-14,Entertainment,-58.93
3496,109,2024-06-12,Groceries,-1083.75
3497,204,2024-02-22,Entertainment,-2807.99
3498,291,2025-04-25,Shopping,-883.43
3499,30,2025-05-30,Transfer,-2014.26
3500,369,2024-08-04,Salary Credit,62254.9
3501,335,2025-05-09,Utilities,-1456.75
3502,27,2024-05-12,Dining,-67.16
3503,31,2024-05-27,GROCERIES,-2181.33
3504,398,2024-10-19,Travel,-234.1
3505,133,2024-11-23,Shopping,-1815.42
3506,403,2024-07-29,Healthcare,-2126.98
3507,234,2025-03-11,groceries,-3024.01
3508,161,2025-03-06,shopping,-1401.46
3509,129,2024-03-06,shopping,-1243.96
3510,309,2025-06-23,Groceries,-624.22
3511,52,2024-03-27,Utilities,-789.0
3512,189,2024-10-13,Travel,-557.16
3513,162,2024-08-18,shopping,-1037.32
3514,73,2024-09-03,dining ,-731.92
3515,166,2024-03-11,GROCERIES,-1907.59
3516,248,2024-07-05,Utilities,-696.39
3517,318,2024-01-17,Transfer,6426.6
3518,41,2025-06-14,Transfer,-3131.78
3519,409,2024-03-19,dining ,-557.77
3520,412,2024-09-20,Salary Credit,46863.9
3521,324,2024-04-27,Entertainment,-2433.66
3522,433,2024-04-07,Dining,-542.25
3523,201,2024-07-31,GROCERIES,-1242.78
3524,385,2025-06-12,GROCERIES,-1635.45
3525,341,2024-09-17,dining ,-1182.17
3526,264,2025-06-07,Transfer,-280.6
3527,85,2025-03-26,Transfer,480.78
3528,261,2024-08-25,shopping,-143.32
3529,422,2025-05-06,Utilities,-25.77
3530,461,2024-07-08,Transfer,-4514.61
3531,210,2024-09-30,dining ,-332.75
3532,117,2025-01-05,groceries,-91.9
3533,350,2024-11-17,GROCERIES,-1541.98
3534,36,2025-03-27,Entertainment,-1175.74
3535,71,2024-03-29,ATM Withdrawal,-1881.89
3536,263,2024-09-28,Salary Credit,39163.93
3537,464,2024-12-28,ATM Withdrawal,-1142.78
3538,154,2024-06-29,Groceries,-1920.29
3539,208,2025-04-17,Travel,-17.98
3540,151,2024-06-13,Transfer,7978.37
3541,207,2024-06-13,Entertainment,-1217.6
3542,4,2024-06-26,Shopping,-1064.49
3543,279,2025-01-03,GROCERIES,-1165.27
3544,280,2024-03-05,Healthcare,-2300.72
3545,148,2024-03-18,Travel,-1178.34
3546,124,2025-02-28,Utilities,-1241.01
3547,357,2024-04-22,groceries,-1184.93
3548,88,2024-02-27,Groceries,-254.34
3549,23,2024-05-23,Salary Credit,49020.91
3550,19,2024-08-05,Salary Credit,38430.79
3551,413,2024-01-19,dining ,-64.01
3552,171,2025-03-31,Dining,-371.81
3553,48,2024-03-05,Shopping,-184.89
3554,412,2024-08-08,Travel,-842.4
3555,70,2024-04-20,Utilities,-277.44
3556,158,2024-06-09,Dining,-808.82
3557,10,2024-01-25,Entertainment,-2155.13
3558,318,2025-05-31,Healthcare,-1254.65
3559,328,2025-05-25,Utilities,-1428.15
3560,355,2024-03-09,ATM Withdrawal,-2351.45
3561,124,2024-04-17,Entertainment,-1366.1
3562,154,2025-04-27,GROCERIES,-1552.5
3563,440,2024-08-14,Entertainment,-1483.41
3564,385,2024-02-03,Shopping,-1941.28
3565,18,2024-03-15,shopping,-416.66
3566,324,2024-08-13,shopping,-683.39
3567,381,2024-10-31,Dining,-362.11
3568,262,2024-12-10,Transfer,1136.32
3569,300,2024-03-24,ATM Withdrawal,-3281.38
3570,1,2024-07-20,Groceries,-690.55
3571,15,2024-05-22,Shopping,-2034.51
3572,17,2024-10-18,Healthcare,-1835.13
3573,75,2024-06-24,Entertainment,-96.18
3574,464,2024-04-21,Salary Credit,40798.92
3575,297,2025-03-20,dining ,-1254.24
3576,367,2024-11-06,Utilities,-1555.92
3577,139,2024-09-15,dining ,-1497.63
3578,439,2024-03-14,Transfer,-7731.21
3579,94,2024-02-08,Transfer,-6970.8
3580,423,2025-03-09,Entertainment,-2071.46
3581,15,2025-06-11,GROCERIES,-2417.51
3582,10,2024-11-14,Healthcare,-639.28
3583,37,2024-01-22,Healthcare,-221.58
3584,371,2024-09-19,ATM Withdrawal,-654.02
3585,121,2024-06-01,Entertainment,-36.27
3586,212,2024-01-30,Travel,-315.32
3587,221,2024-03-18,Utilities,-1289.83
3588,370,2024-09-29,Dining,-701.9
3589,164,2024-08-20,groceries,-1783.27
3590,4,2024-11-03,Groceries,-1473.25
3591,181,2025-01-12,ATM Withdrawal,-1528.27
3592,135,2024-05-24,Utilities,-61.54
3593,343,2024-06-05,groceries,-410.17
3594,352,2025-01-04,Groceries,-518.98
3595,44,2024-04-17,ATM Withdrawal,-1711.23
3596,372,2024-02-11,Healthcare,-2929.94
3597,33,2025-04-10,Travel,-1360.92
3598,291,2024-04-23,Transfer,3405.22
3599,183,2024-03-06,Healthcare,-1005.09
3600,141,2025-02-05,ATM Withdrawal,-2347.19
3601,227,2024-10-16,ATM Withdrawal,-1281.68
3602,146,2024-03-21,Salary Credit,50114.41
3603,372,2025-04-08,Healthcare,-2370.73
3604,453,2024-05-13,Utilities,-2190.4
3605,382,2025-01-03,Transfer,-5097.0
3606,206,2024-12-20,Travel,-1295.24
3607,236,2025-03-28,Dining,-852.31
3608,210,2025-02-01,ATM Withdrawal,-1649.03
3609,372,2025-01-18,Transfer,-6050.33
3610,259,2024-01-29,Entertainment,-2134.46
3611,220,2025-05-26,Entertainment,-317.51
3612,192,2024-03-09,ATM Withdrawal,-471.73
3613,176,2024-05-18,Shopping,-1159.81
3614,259,2024-08-31,Healthcare,-1801.96
3615,323,2024-06-06,Dining,-1458.19
3616,203,2024-11-19,Groceries,-110.18
3617,378,2024-01-29,Travel,-2009.74
3618,387,2024-09-04,shopping,-2917.46
3619,201,2024-07-09,ATM Withdrawal,-418.18
3620,426,2024-12-18,Transfer,2824.93
3621,81,2024-10-10,groceries,-1223.06
3622,437,2025-02-16,Transfer,8609.23
3623,138,2024-03-30,Salary Credit,47268.72
3624,265,2025-06-01,Healthcare,-937.56
3625,133,2024-08-01,Utilities,-669.28
3626,207,2024-07-09,Salary Credit,32779.39
3627,160,2024-10-25,Transfer,-9108.52
3628,331,2024-03-29,shopping,-1764.88
3629,38,2025-03-19,dining ,-1118.56
3630,393,2024-05-23,GROCERIES,-1297.86
3631,423,2025-05-20,,-1103.1
3632,264,2024-03-21,Shopping,-388.99
3633,257,2025-04-15,Salary Credit,33630.2
3634,328,2024-08-02,shopping,-1016.18
3635,94,2024-11-27,ATM Withdrawal,-1000.93
3636,351,2025-04-20,Groceries,-1189.09
3637,103,2024-03-11,Groceries,-2727.79
3638,317,2024-07-08,Transfer,-2711.73
3639,144,2025-05-31,Transfer,5159.03
3640,350,2024-03-22,ATM Withdrawal,-57.17
3641,371,2024-02-26,ATM Withdrawal,-1340.01
3642,98,2024-10-11,Healthcare,-547.66
3643,289,2024-01-14,Healthcare,-1402.55
3644,234,2025-06-24,Salary Credit,43557.99
3645,138,2025-05-07,Utilities,-1072.66
3646,276,2024-04-12,GROCERIES,-1763.86
3647,465,2024-04-04,Salary Credit,50875.1
3648,2,2025-02-27,Travel,-3029.82
3649,448,2024-10-10,Groceries,-1824.88
3650,401,2025-03-24,dining ,-979.52
3651,248,2025-06-11,Healthcare,-630.64
3652,286,2024-08-06,GROCERIES,-1512.17
3653,173,2024-05-18,Transfer,7568.87
3654,61,2024-12-03,Entertainment,-558.93
3655,268,2024-12-12,ATM Withdrawal,-1607.33
3656,383,2024-08-23,GROCERIES,-1399.81
3657,109,2024-06-11,Transfer,-8147.33
3658,336,2024-05-22,ATM Withdrawal,-1471.27
3659,351,2024-10-11,Utilities,-1437.62
3660,355,2024-08-20,Salary Credit,35549.94
3661,160,2024-09-06,GROCERIES,-1912.85
3662,184,2024-02-21,ATM Withdrawal,-51.53
3663,195,2025-04-25,Entertainment,-1280.64
3664,400,2025-01-20,shopping,-704.31
3665,422,2025-05-15,,-651.21
3666,194,2025-03-27,Travel,-1724.33
3667,454,2024-12-03,Entertainment,-1197.1
3668,267,2024-06-16,Transfer,4406.46
3669,181,2024-12-22,GROCERIES,-850.51
3670,1,2024-11-04,Entertainment,-2331.69
3671,286,2025-05-18,Entertainment,-81.84
3672,302,2024-05-06,Utilities,-2925.23
3673,454,2024-01-14,Transfer,-7570.16
3674,337,2024-03-10,Dining,-949.77
3675,14,2024-04-05,Groceries,-823.02
3676,266,2024-12-27,dining ,-625.56
3677,348,2024-03-20,Shopping,-1487.43
3678,233,2024-03-14,Groceries,-490.93
3679,201,2024-08-04,Dining,-1094.4
3680,380,2025-03-02,Healthcare,-222.06
3681,287,2024-08-19,Shopping,-1841.49
3682,319,2024-05-28,Transfer,3596.08
3683,218,2024-06-04,dining ,-982.42
3684,131,2025-03-22,GROCERIES,-576.41
3685,243,2024-08-24,Transfer,-5939.88
3686,449,2024-07-19,Utilities,-70.44
3687,283,2025-02-25,Shopping,-2011.76
3688,332,2024-07-20,Healthcare,-1355.97
3689,59,2024-07-13,Utilities,-796.22
3690,463,2025-02-13,Shopping,-1728.92
3691,115,2024-06-27,Salary Credit,48108.93
3692,455,2024-10-05,GROCERIES,-258.93
3693,209,2024-12-28,ATM Withdrawal,-2376.63
3694,431,2024-04-19,Shopping,-1046.9
3695,418,2024-03-10,Dining,-2180.59
3696,354,2025-04-08,Travel,-1053.17
3697,429,2024-06-10,Shopping,-2091.49
3698,286,2024-07-04,Salary Credit,56523.36
3699,398,2024-11-17,Healthcare,-815.28
3700,81,2024-02-26,Transfer,5943.89
3701,33,2024-01-25,Travel,-179.72
3702,255,2024-08-14,Healthcare,-901.49
3703,380,2025-06-11,Transfer,3750.24
3704,359,2024-11-08,groceries,-132.46
3705,248,2024-11-11,Groceries,-777.77
3706,244,2024-11-28,Dining,-1877.74
3707,286,2025-04-14,Groceries,-1812.79
3708,407,2025-03-31,shopping,-1040.51
3709,394,2024-01-14,Utilities,-1256.14
3710,52,2024-10-22,Healthcare,-926.22
3711,279,2024-10-24,shopping,-385.23
3712,179,2024-05-01,dining ,-284.97
3713,375,2025-06-15,Healthcare,-2063.09
3714,237,2024-05-22,Shopping,-2277.51
3715,464,2025-03-30,Groceries,-427.51
3716,203,2024-02-24,groceries,-2207.18
3717,318,2024-11-23,ATM Withdrawal,-119.38
3718,51,2025-02-05,shopping,-734.57
3719,437,2024-10-01,Salary Credit,44049.55
3720,72,2024-02-27,Transfer,-2923.49
3721,178,2024-03-08,ATM Withdrawal,-1314.07
3722,393,2024-11-26,Entertainment,-1898.81
3723,453,2025-04-15,ATM Withdrawal,-108.38
3724,227,2024-11-21,ATM Withdrawal,-1313.6
3725,227,2024-02-24,groceries,-2068.42
3726,23,2025-03-04,Shopping,-828.54
3727,459,2024-09-07,Travel,-707.81
3728,8,2024-02-10,Shopping,-434.26
3729,13,2024-07-19,Travel,-3000.32
3730,222,2024-04-20,Salary Credit,56945.55
3731,2,2025-06-21,Travel,-934.61
3732,77,2025-05-10,Shopping,-2262.25
3733,294,2024-02-27,Travel,-726.51
3734,330,2024-11-07,Entertainment,-1059.95
3735,140,2024-01-04,Travel,-246.04
3736,373,2024-09-06,ATM Withdrawal,-458.8
3737,285,2024-03-25,Salary Credit,40358.58
3738,107,2025-02-11,Travel,-817.48
3739,334,2024-02-09,Transfer,6279.74
3740,278,2025-05-06,Entertainment,-1789.45
3741,381,2024-05-05,Transfer,2026.59
3742,73,2024-05-23,Healthcare,-607.85
3743,109,2025-04-27,Travel,-2631.99
3744,143,2025-05-06,Entertainment,-1766.23
3745,160,2024-02-22,Entertainment,-2480.56
3746,416,2024-02-29,Transfer,-10330.9
3747,343,2025-04-10,Transfer,7460.53
3748,255,2025-06-16,ATM Withdrawal,-388.03
3749,253,2024-09-23,shopping,-2129.97
3750,415,2024-03-30,Shopping,-1945.05
3751,210,2024-03-24,Travel,-702.67
3752,106,2024-05-25,ATM Withdrawal,-1562.5
3753,65,2025-01-08,Utilities,-429.09
3754,155,2024-02-22,ATM Withdrawal,-893.63
3755,306,2024-12-15,Shopping,-606.28
3756,221,2025-03-14,Utilities,-2017.15
3757,198,2024-03-19,groceries,-584.85
3758,225,2025-06-20,dining ,-48.87
3759,457,2025-06-22,Salary Credit,38539.49
3760,467,2024-06-10,Utilities,-1006.93
3761,76,2024-03-02,groceries,-1569.21
3762,54,2024-06-26,Utilities,-2276.28
3763,115,2024-05-20,Utilities,-1662.24
3764,399,2024-06-01,dining ,-1725.41
3765,216,2025-05-19,Utilities,-1864.64
3766,405,2024-03-25,ATM Withdrawal,-1935.61
3767,303,2024-06-21,ATM Withdrawal,-2130.05
3768,259,2025-03-05,Healthcare,-3454.58
3769,132,2024-02-01,groceries,-1920.78
3770,162,2024-02-03,Utilities,-1457.86
3771,70,2024-06-13,GROCERIES,-781.31
3772,243,2025-06-11,Salary Credit,47479.55
3773,132,2025-04-02,Groceries,-2238.49
3774,137,2025-05-20,dining ,-103.56
3775,19,2025-04-15,Shopping,-2332.73
3776,374,2024-03-05,Utilities,-815.93
3777,440,2024-08-06,shopping,-991.27
3778,234,2024-10-15,Salary Credit,49174.3
3779,251,2024-03-31,Transfer,3419.88
3780,434,2025-06-25,,-1612.93
3781,240,2024-11-24,Utilities,-163.05
3782,292,2025-04-09,Shopping,-1988.36
3783,201,2024-05-20,Groceries,-1376.38
3784,241,2025-01-24,Groceries,-1196.69
3785,245,2024-02-27,shopping,-1447.23
3786,333,2024-01-13,dining ,-1181.87
3787,283,2024-12-15,Groceries,-1597.4
3788,236,2024-02-07,ATM Withdrawal,-1013.46
3789,36,2024-05-30,Transfer,-303.89
3790,424,2025-03-08,groceries,-2428.38
3791,416,2024-09-28,shopping,-153.28
3792,87,2024-07-24,Healthcare,-2653.91
3793,138,2024-06-07,dining ,-981.9
3794,456,2024-12-30,ATM Withdrawal,-2295.77
3795,151,2025-06-04,Dining,-2138.0
3796,381,2025-02-06,Healthcare,-2066.01
3797,368,2024-07-14,GROCERIES,-1241.79
3798,403,2024-08-18,Utilities,-124.81
3799,8,2024-02-26,Healthcare,-1036.18
3800,227,2024-03-19,ATM Withdrawal,-916.97
3801,265,2024-05-26,dining ,-1108.05
3802,392,2024-07-29,Transfer,-1316.91
3803,106,2025-06-23,Entertainment,-942.34
3804,144,2025-04-19,shopping,-1430.39
3805,85,2024-03-02,dining ,-929.73
3806,357,2024-06-29,Dining,-1313.22
3807,468,2024-01-31,Healthcare,-496.28
3808,66,2024-02-04,Dining,-956.87
3809,110,2024-07-23,Utilities,-1346.32
3810,144,2025-06-06,GROCERIES,-2111.53
3811,417,2024-04-10,Groceries,-2149.17
3812,209,2025-01-05,shopping,-1474.85
3813,132,2024-08-01,Travel,-1173.55
3814,151,2024-10-21,GROCERIES,-1519.66
3815,280,2025-04-18,groceries,-2819.96
3816,182,2025-03-27,GROCERIES,-1651.34
3817,66,2025-03-27,GROCERIES,-1434.56
3818,384,2024-08-12,Dining,-2165.6
3819,198,2024-01-27,ATM Withdrawal,-1243.24
3820,121,2025-06-20,groceries,-431.97
3821,341,2025-06-25,Utilities,-1613.24
3822,349,2025-04-12,shopping,-1353.31
3823,73,2024-09-17,ATM Withdrawal,-1003.26
3824,35,2024-06-01,ATM Withdrawal,-1689.36
3825,22,2024-04-05,Healthcare,-431.3
3826,359,2024-07-21,Utilities,-713.41
3827,293,2024-07-01,GROCERIES,-409.18
3828,371,2024-05-30,groceries,-502.63
3829,294,2025-06-01,groceries,-1061.42
3830,188,2024-12-25,Healthcare,-380.98
3831,276,2024-05-01,Shopping,-2709.27
3832,339,2024-12-14,Transfer,-2616.89
3833,187,2025-01-19,Healthcare,-366.39
3834,429,2024-10-11,Transfer,-3249.67
3835,422,2025-05-30,Travel,-903.26
3836,375,2025-06-10,Entertainment,-628.54
3837,465,2024-08-23,Travel,-3488.24
3838,183,2024-09-14,groceries,-288.78
3839,54,2024-04-28,Shopping,-1245.93
3840,227,2025-03-03,Entertainment,-1083.06
3841,350,2025-05-22,Transfer,818.17
3842,365,2024-12-24,Travel,-1161.5
3843,182,2024-04-19,Entertainment,-1362.36
3844,137,2024-10-09,shopping,-1838.72
3845,209,2025-03-09,ATM Withdrawal,-1634.89
3846,377,2024-01-23,Utilities,-2296.43
3847,29,2024-11-17,dining ,-641.59
3848,154,2024-12-24,Utilities,-988.52
3849,108,2024-10-19,Entertainment,-3454.06
3850,378,2024-12-16,Healthcare,-2154.08
3851,220,2025-05-03,Dining,-108.09
3852,41,2024-03-09,Dining,-1279.32
3853,123,2024-11-07,groceries,-257.33
3854,21,2025-03-09,Transfer,-3705.39
3855,223,2025-03-23,shopping,-2999.69
3856,467,2024-09-11,shopping,-2062.64
3857,266,2025-06-27,Groceries,-167.95
3858,407,2024-06-25,groceries,-511.3
3859,348,2024-08-28,Entertainment,-1200.73
3860,414,2025-03-25,,-962.1
3861,146,2024-08-27,dining ,-1481.91
3862,446,2024-07-06,Dining,-503.07
3863,112,2024-10-29,dining ,-870.4
3864,206,2024-12-04,GROCERIES,-492.6
3865,319,2025-06-12,GROCERIES,-869.14
3866,135,2024-12-02,ATM Withdrawal,-1833.51
3867,124,2024-04-11,Dining,-1467.07
3868,61,2024-01-29,Travel,-568.83
3869,2,2025-06-11,shopping,-2219.07
3870,235,2024-08-18,Utilities,-2157.36
3871,462,2024-04-19,Shopping,-1199.0
3872,103,2024-05-01,Entertainment,-967.74
3873,206,2024-02-27,dining ,-2786.29
3874,438,2024-04-18,Transfer,455.11
3875,362,2025-03-01,dining ,-2274.86
3876,2,2024-12-22,dining ,-2751.41
3877,235,2024-11-22,groceries,-1790.98
3878,68,2024-01-07,ATM Withdrawal,-779.77
3879,116,2025-01-01,Travel,-888.88
3880,116,2025-06-12,Transfer,-10131.85
3881,287,2025-05-18,Groceries,-1951.88
3882,94,2024-08-03,Salary Credit,49378.02
3883,118,2024-11-23,groceries,-3299.5
3884,106,2024-06-11,dining ,-293.06
3885,168,2025-04-29,Salary Credit,44274.01
3886,308,2025-05-16,Groceries,-1371.0
3887,188,2024-05-01,Travel,-1009.57
3888,154,2024-09-22,Shopping,-456.33
3889,243,2024-05-08,ATM Withdrawal,-2103.48
3890,288,2024-11-30,ATM Withdrawal,-523.91
3891,8,2024-06-08,Groceries,-507.78
3892,417,2025-01-14,groceries,-876.86
3893,429,2025-06-18,Travel,-992.79
3894,282,2025-04-19,Dining,-1090.65
3895,269,2024-04-09,Utilities,-2067.34
3896,326,2024-03-11,Utilities,-2251.96
3897,207,2025-03-19,Travel,-966.59
3898,172,2024-02-14,shopping,-661.67
3899,166,2024-08-06,Groceries,-1084.43
3900,75,2025-06-25,Utilities,-395.7
3901,394,2024-09-01,Dining,-1174.47
3902,151,2024-01-05,Dining,-348.49
3903,134,2025-06-15,Transfer,5383.75
3904,452,2025-01-20,dining ,-715.95
3905,238,2024-06-29,Dining,-1835.28
3906,292,2024-11-29,Entertainment,-91.15
3907,115,2024-11-29,Travel,-559.6
3908,130,2024-10-28,dining ,-1581.41
3909,341,2025-06-07,Transfer,-5406.14
3910,212,2025-03-04,ATM Withdrawal,-2143.88
3911,70,2024-05-21,Healthcare,-1256.63
3912,392,2025-06-24,Entertainment,-1936.31
3913,189,2025-06-08,ATM Withdrawal,-710.97
3914,313,2024-01-26,dining ,-146.77
3915,160,2024-06-10,Shopping,-350.83
3916,263,2024-11-30,Groceries,-699.89
3917,363,2025-04-23,shopping,-2630.98
3918,415,2025-01-25,Entertainment,-2072.2
3919,98,2024-11-08,groceries,-2670.93
3920,315,2024-06-15,Entertainment,-1097.55
3921,429,2024-02-22,shopping,-1296.11
3922,301,2025-05-01,dining ,-221.35
3923,67,2024-10-17,Entertainment,-221.52
3924,89,2024-09-06,Shopping,-1068.1
3925,95,2025-06-18,Travel,-38.56
3926,50,2024-03-30,shopping,-428.51
3927,353,2024-05-18,Groceries,-1238.94
3928,452,2025-04-10,groceries,-2345.11
3929,242,2024-06-03,ATM Withdrawal,-1208.86
3930,281,2025-05-28,Entertainment,-24.29
3931,363,2025-04-12,ATM Withdrawal,-439.62
3932,195,2024-02-24,Transfer,3112.75
3933,222,2024-09-06,Transfer,5348.47
3934,276,2025-02-13,Groceries,-1016.24
3935,143,2024-09-23,Transfer,-8604.73
3936,29,2024-04-27,Transfer,-8160.89
3937,266,2024-01-25,Utilities,-1531.96
3938,385,2024-01-04,Travel,-394.33
3939,35,2024-04-07,ATM Withdrawal,-703.88
3940,102,2024-05-22,,-1886.92
3941,124,2024-06-13,Healthcare,-2371.26
3942,377,2025-04-10,Shopping,-53.65
3943,237,2024-10-04,Transfer,-2660.76
3944,251,2024-03-17,Shopping,-1801.91
3945,302,2024-02-15,Entertainment,-3720.95
3946,130,2024-03-12,Salary Credit,32282.35
3947,334,2024-06-19,Healthcare,-1654.68
3948,15,2025-02-06,Healthcare,-917.44
3949,54,2024-01-27,Utilities,-1602.52
3950,382,2024-08-09,Healthcare,-642.92
3951,309,2024-08-31,ATM Withdrawal,-1031.52
3952,83,2024-03-21,dining ,-521.57
3953,206,2024-02-01,Groceries,-1512.3
3954,25,2024-05-05,ATM Withdrawal,-2414.29
3955,315,2024-03-23,Dining,-1564.99
3956,354,2025-03-09,Dining,-2525.48
3957,131,2025-05-14,shopping,-755.91
3958,164,2024-12-05,groceries,-682.69
3959,111,2025-02-17,Travel,-1508.77
3960,183,2025-02-18,Transfer,3874.98
3961,128,2025-04-23,GROCERIES,-2210.25
3962,116,2024-02-23,Salary Credit,33755.29
3963,202,2025-06-27,Dining,-1976.43
3964,403,2024-09-06,Entertainment,-2287.22
3965,357,2024-10-22,Travel,-1528.58
3966,140,2025-03-10,Transfer,-3052.43
3967,442,2024-09-26,ATM Withdrawal,-451.73
3968,99,2024-05-24,Entertainment,-1516.98
3969,427,2024-01-11,shopping,-550.0
3970,145,2024-04-02,shopping,-1470.46
3971,253,2024-02-15,GROCERIES,-1471.44
3972,96,2024-07-27,Shopping,-1139.33
3973,357,2025-02-28,Shopping,-1454.07
3974,149,2024-06-30,Salary Credit,50077.56
3975,409,2024-11-21,groceries,-1109.98
3976,39,2024-04-11,Shopping,-770.82
3977,235,2024-11-17,Shopping,-1940.39
3978,75,2025-06-03,Shopping,-1445.95
3979,417,2024-06-20,ATM Withdrawal,-1605.97
3980,196,2024-09-20,Utilities,-1724.32
3981,316,2025-06-08,Shopping,-1333.69
3982,412,2024-11-27,Travel,-890.22
3983,251,2024-08-05,Transfer,3149.48
3984,27,2024-03-07,Transfer,-6445.26
3985,104,2025-05-25,Utilities,-1675.57
3986,100,2024-11-28,Dining,-1329.51
3987,428,2024-02-01,ATM Withdrawal,-1516.97
3988,426,2024-10-29,Transfer,-1686.08
3989,224,2025-06-11,GROCERIES,-782.03
3990,417,2025-05-22,Travel,-1803.81
3991,116,2024-04-16,Utilities,-449.9
3992,318,2024-08-12,Transfer,-5154.7
3993,184,2025-06-21,Groceries,-1097.52
3994,113,2025-03-02,Transfer,-7036.38
3995,118,2024-11-01,ATM Withdrawal,-1404.47
3996,197,2024-06-14,Transfer,-6548.47
3997,159,2025-02-19,Healthcare,-743.6
3998,99,2024-11-11,shopping,-27.49
3999,157,2024-10-12,ATM Withdrawal,-1868.03
4000,61,2025-05-20,ATM Withdrawal,-132.74
4001,454,2024-07-24,Transfer,-3935.96
4002,178,2024-12-06,shopping,-1464.15
4003,51,2024-01-24,GROCERIES,-1134.03
4004,270,2025-01-22,Healthcare,-638.14
4005,414,2024-10-25,groceries,-305.65
4006,169,2025-04-22,Healthcare,-515.93
4007,396,2024-06-30,dining ,-230.3
4008,286,2025-05-19,shopping,-1086.16
4009,346,2024-11-09,Healthcare,-709.17
4010,139,2024-04-23,ATM Withdrawal,-40.88
4011,18,2024-03-28,shopping,-939.7
4012,162,2024-04-16,Utilities,-621.1
4013,433,2024-06-13,Utilities,-1441.3
4014,371,2024-10-27,GROCERIES,-1525.9
4015,367,2025-04-18,Shopping,-2407.77
4016,412,2025-06-26,Travel,-1783.0
4017,175,2025-01-04,dining ,-220.58
4018,151,2024-09-24,Travel,-755.76
4019,433,2024-11-30,Healthcare,-166.87
4020,268,2024-06-29,Transfer,176.1
4021,140,2024-05-13,Travel,-645.49
4022,131,2024-10-19,Healthcare,-1229.03
4023,411,2025-03-27,Shopping,-693.14
4024,25,2024-02-05,Utilities,-1450.87
4025,29,2024-03-01,Travel,-652.35
4026,346,2024-04-06,Entertainment,-514.24
4027,1,2024-04-24,dining ,-2737.21
4028,81,2024-03-22,Dining,-1170.27
4029,464,2024-03-11,Healthcare,-1300.82
4030,200,2024-01-16,ATM Withdrawal,-1959.82
4031,341,2024-07-08,Transfer,7631.15
4032,228,2025-01-28,ATM Withdrawal,-870.53
4033,43,2024-03-26,ATM Withdrawal,-2141.36
4034,87,2024-06-26,Groceries,-796.02
4035,357,2025-06-14,Transfer,1298.56
4036,45,2024-04-01,Dining,-923.93
4037,279,2025-06-22,GROCERIES,-1400.34
4038,163,2024-10-06,Healthcare,-1524.71
4039,174,2025-01-29,Groceries,-440.76
4040,446,2024-06-25,GROCERIES,-283.88
4041,284,2024-06-25,Utilities,-1614.28
4042,288,2024-08-02,Transfer,4379.9
4043,164,2024-03-10,Healthcare,-848.33
4044,179,2024-06-20,Groceries,-2688.96
4045,321,2025-05-02,Travel,-936.29
4046,19,2024-01-03,ATM Withdrawal,-734.76
4047,112,2024-11-07,Salary Credit,30598.95
4048,281,2025-01-10,dining ,-225.48
4049,292,2024-03-18,Utilities,-1988.24
4050,44,2024-03-01,shopping,-547.12
4051,369,2024-10-28,groceries,-1765.66
4052,254,2024-04-29,Transfer,2392.41
4053,112,2025-06-17,Utilities,-394.76
4054,352,2024-04-13,Transfer,6430.29
4055,464,2024-03-12,ATM Withdrawal,-1009.28
4056,199,2024-06-29,Salary Credit,36114.92
4057,133,2024-06-29,Transfer,6482.9
4058,141,2024-03-28,Groceries,-1506.39
4059,278,2024-12-28,dining ,-1465.72
4060,23,2024-07-08,shopping,-431.43
4061,227,2024-10-14,Transfer,-8775.74
4062,12,2024-05-12,Transfer,-5804.03
4063,19,2024-02-22,Travel,-1544.63
4064,202,2024-02-03,Transfer,-2165.3
4065,349,2024-01-29,dining ,-2906.75
4066,414,2025-04-19,groceries,-1175.64
4067,42,2024-05-24,Dining,-1230.06
4068,115,2024-06-15,Entertainment,-828.73
4069,198,2024-11-11,shopping,-2234.98
4070,269,2024-02-21,Shopping,-2272.95
4071,462,2024-11-23,ATM Withdrawal,-1342.46
4072,321,2024-10-11,GROCERIES,-119.24
4073,252,2025-03-07,Groceries,-1051.98
4074,29,2024-03-08,Groceries,-1141.51
4075,38,2024-01-10,GROCERIES,-793.52
4076,72,2025-02-25,shopping,-315.0
4077,310,2024-07-20,Utilities,-198.81
4078,156,2024-02-03,Transfer,-7224.79
4079,113,2024-10-30,Transfer,5103.35
4080,314,2024-09-10,Entertainment,-615.2
4081,382,2025-06-02,Dining,-1524.1
4082,206,2025-05-29,shopping,-1383.72
4083,413,2024-10-20,groceries,-838.96
4084,344,2024-03-27,Dining,-1550.72
4085,336,2025-02-11,Salary Credit,49099.08
4086,407,2024-04-19,Travel,-1818.62
4087,87,2025-04-01,ATM Withdrawal,-400.68
4088,355,2024-11-23,Transfer,-8532.71
4089,449,2024-07-12,groceries,-1466.73
4090,465,2025-06-18,Healthcare,-3187.39
4091,271,2024-10-07,groceries,-1037.65
4092,354,2024-07-29,Healthcare,-345.95
4093,416,2024-04-12,Salary Credit,38208.84
4094,399,2024-12-19,GROCERIES,-597.63
4095,421,2024-05-27,Travel,-1702.72
4096,390,2024-03-24,dining ,-1948.65
4097,179,2024-03-05,Transfer,5408.31
4098,342,2024-12-15,dining ,-1463.34
4099,193,2025-05-16,Transfer,-2506.73
4100,376,2024-05-17,Utilities,-1134.41
4101,380,2024-04-28,Healthcare,-792.82
4102,438,2024-11-30,Utilities,-143.52
4103,276,2024-03-18,ATM Withdrawal,-622.43
4104,223,2024-02-18,Transfer,-8889.54
4105,78,2024-12-13,Dining,-512.22
4106,299,2024-10-13,groceries,-974.65
4107,266,2024-01-16,Shopping,-1587.53
4108,241,2024-05-09,ATM Withdrawal,-129.01
4109,317,2024-04-18,Transfer,-4934.76
4110,399,2025-01-06,Utilities,-805.55
4111,70,2024-12-28,Entertainment,-51.69
4112,202,2025-02-11,Entertainment,-1746.47
4113,339,2024-02-24,Transfer,-3607.29
4114,384,2025-04-07,groceries,-1323.08
4115,365,2024-04-24,groceries,-1251.24
4116,375,2025-06-24,Healthcare,-2072.65
4117,401,2025-04-20,ATM Withdrawal,-1517.76
4118,451,2024-09-07,Salary Credit,38099.22
4119,285,2025-03-04,Entertainment,-2245.99
4120,117,2024-12-31,,-774.05
4121,264,2025-02-25,Transfer,-2113.93
4122,333,2024-01-11,ATM Withdrawal,-909.15
4123,48,2024-02-15,Transfer,-3174.57
4124,355,2025-05-08,Transfer,914.4
4125,255,2025-03-01,Shopping,-2737.74
4126,439,2024-12-01,Groceries,-816.61
4127,100,2024-06-19,Entertainment,-495.13
4128,425,2024-08-17,Transfer,-537.38
4129,210,2024-08-02,Utilities,-2026.27
4130,269,2024-08-24,Healthcare,-1787.25
4131,309,2024-12-08,Utilities,-960.56
4132,272,2025-02-17,Travel,-79.6
4133,423,2024-07-28,Healthcare,-121.38
4134,79,2025-03-30,ATM Withdrawal,-1424.99
4135,342,2024-02-19,Entertainment,-591.47
4136,457,2025-03-16,Entertainment,-694.16
4137,104,2025-01-03,shopping,-1133.62
4138,120,2024-10-05,dining ,-828.68
4139,223,2024-07-23,Transfer,-1007.32
4140,340,2024-07-21,shopping,-23.99
4141,449,2024-07-15,shopping,-545.21
4142,373,2025-05-30,Shopping,-1281.08
4143,372,2024-01-15,groceries,-1244.02
4144,207,2024-12-11,Groceries,-2267.94
4145,303,2025-06-23,Salary Credit,33743.79
4146,99,2024-10-23,Transfer,-5919.25
4147,217,2024-12-14,shopping,-492.05
4148,89,2024-11-22,Dining,-2977.97
4149,13,2024-10-02,Travel,-1104.69
4150,401,2024-12-09,Transfer,5822.9
4151,377,2025-05-07,groceries,-1377.36
4152,240,2025-01-23,Shopping,-858.05
4153,7,2025-04-07,ATM Withdrawal,-1734.54
4154,43,2024-10-28,Travel,-2559.34
4155,53,2025-02-25,Salary Credit,52345.37
4156,336,2025-04-22,Entertainment,-1065.99
4157,96,2024-04-25,dining ,-2799.0
4158,118,2025-04-13,groceries,-1633.9
4159,403,2025-01-09,GROCERIES,-212.05
4160,411,2024-08-29,ATM Withdrawal,-1249.42
4161,358,2025-02-25,Entertainment,-1004.92
4162,145,2024-04-01,ATM Withdrawal,-712.75
4163,272,2025-01-15,Healthcare,-1482.93
4164,94,2024-11-10,ATM Withdrawal,-491.11
4165,402,2025-04-29,Utilities,-2642.81
4166,40,2024-12-04,Dining,-1750.74
4167,349,2024-10-13,ATM Withdrawal,-457.25
4168,240,2024-10-12,ATM Withdrawal,-1740.08
4169,355,2024-10-29,shopping,-1598.94
4170,211,2025-04-30,shopping,-2518.77
4171,75,2025-03-03,Travel,-2751.64
4172,352,2024-02-20,Utilities,-2903.28
4173,296,2024-10-17,Salary Credit,42777.68
4174,218,2024-06-05,ATM Withdrawal,-1686.73
4175,175,2024-03-30,Transfer,-3558.86
4176,161,2025-04-16,Utilities,-2080.59
4177,226,2025-04-12,Entertainment,-745.3
4178,123,2025-05-26,Utilities,-52.14
4179,133,2024-08-02,Utilities,-809.51
4180,131,2024-08-20,Transfer,5490.42
4181,6,2025-02-28,Healthcare,-2346.92
4182,435,2024-04-14,Healthcare,-614.93
4183,111,2024-01-30,GROCERIES,-37.06
4184,78,2024-08-17,Utilities,-851.21
4185,71,2024-12-08,Transfer,-3181.83
4186,463,2024-09-05,Transfer,-9575.0
4187,224,2024-04-25,shopping,-2491.51
4188,153,2024-10-10,GROCERIES,-2180.5
4189,190,2025-05-28,Shopping,-687.4
4190,42,2024-05-29,Groceries,-1054.43
4191,147,2024-08-06,Utilities,-1582.15
4192,117,2024-06-19,ATM Withdrawal,-506.44
4193,376,2024-06-08,GROCERIES,-590.28
4194,28,2024-12-23,ATM Withdrawal,-1537.03
4195,200,2024-07-23,Salary Credit,34084.54
4196,370,2024-12-04,Travel,-2183.34
4197,391,2024-01-11,Travel,-838.63
4198,240,2024-12-26,Entertainment,-1686.5
4199,105,2024-02-27,Shopping,-1386.13
4200,158,2024-07-24,Entertainment,-2328.77
4201,105,2025-04-20,Travel,-715.36
4202,310,2024-07-02,shopping,-2334.4
4203,137,2025-01-15,Healthcare,-2314.3
4204,296,2024-07-10,GROCERIES,-1453.1
4205,307,2025-05-06,dining ,-1669.18
4206,440,2025-06-02,Entertainment,-1736.74
4207,174,2025-05-10,Travel,-389.02
4208,450,2024-08-03,Utilities,-1248.73
4209,188,2024-06-22,Healthcare,-2001.01
4210,319,2024-11-26,GROCERIES,-408.86
4211,310,2025-03-21,Salary Credit,48768.25
4212,383,2024-10-11,Transfer,5261.19
4213,220,2025-02-06,Transfer,1184.25
4214,371,2025-04-22,Travel,-530.71
4215,167,2025-02-13,Groceries,-56.52
4216,230,2024-07-20,Transfer,-779.35
4217,234,2024-05-16,Transfer,3233.35
4218,330,2024-08-24,dining ,-603.87
4219,290,2024-11-09,Utilities,-2181.56
4220,37,2025-04-04,shopping,-890.86
4221,379,2024-06-12,Groceries,-2067.35
4222,355,2024-03-28,Transfer,1851.86
4223,49,2024-06-20,Entertainment,-888.36
4224,451,2024-11-19,Utilities,-384.89
4225,310,2024-05-06,Entertainment,-1693.1
4226,40,2024-08-05,Transfer,-7193.37
4227,230,2024-05-19,ATM Withdrawal,-1337.57
4228,392,2025-06-21,Healthcare,-551.37
4229,131,2024-10-06,Utilities,-962.33
4230,437,2025-01-28,Entertainment,-181.88
4231,196,2024-10-10,Groceries,-1511.85
4232,106,2024-01-06,shopping,-1699.66
4233,167,2024-05-23,shopping,-1793.02
4234,246,2025-04-02,groceries,-1089.43
4235,323,2024-10-05,ATM Withdrawal,-268.89
4236,435,2025-01-18,Shopping,-1388.62
4237,92,2025-02-19,Shopping,-1566.43
4238,450,2024-11-01,Shopping,-1035.71
4239,247,2024-11-10,groceries,-1276.94
4240,60,2024-05-08,dining ,-499.13
4241,434,2024-05-15,dining ,-1259.61
4242,164,2024-03-22,Healthcare,-1102.45
4243,291,2024-06-11,Transfer,-1361.81
4244,327,2024-12-08,shopping,-1675.44
4245,7,2025-05-20,ATM Withdrawal,-755.16
4246,104,2024-08-27,Salary Credit,46832.95
4247,322,2024-11-24,dining ,-1639.24
4248,152,2025-04-14,Groceries,-1495.92
4249,5,2025-01-04,Shopping,-6.71
4250,11,2024-05-22,Dining,-854.31
4251,387,2024-06-02,Entertainment,-3116.51
4252,72,2024-12-13,dining ,-2455.98
4253,47,2024-06-05,Shopping,-1951.07
4254,264,2024-05-15,Travel,-1446.89
4255,56,2024-11-18,ATM Withdrawal,-310.75
4256,306,2024-12-12,Healthcare,-1053.94
4257,255,2024-05-18,Travel,-819.8
4258,304,2024-01-27,Groceries,-1123.78
4259,231,2025-02-22,ATM Withdrawal,-101.83
4260,365,2024-08-01,Groceries,-2059.05
4261,302,2024-12-10,GROCERIES,-1217.83
4262,195,2024-04-04,ATM Withdrawal,-1971.4
4263,8,2024-06-20,Groceries,-1988.61
4264,128,2024-11-26,GROCERIES,-3294.15
4265,62,2024-03-08,Travel,-975.19
4266,8,2024-06-21,Shopping,-732.01
4267,128,2025-01-26,Entertainment,-1308.31
4268,97,2025-02-24,Utilities,-1703.84
4269,36,2024-07-11,Travel,-1118.79
4270,147,2024-03-03,ATM Withdrawal,-135.26
4271,238,2024-01-15,Transfer,-4998.03
4272,84,2024-10-30,Utilities,-292.63
4273,128,2025-01-13,Salary Credit,32001.28
4274,10,2024-11-19,Salary Credit,64751.33
4275,24,2024-08-08,Utilities,-1948.84
4276,74,2024-01-13,GROCERIES,-1703.45
4277,212,2024-05-03,ATM Withdrawal,-1096.52
4278,312,2024-01-20,dining ,-1820.99
4279,369,2024-09-08,Utilities,-252.94
4280,295,2024-06-16,shopping,-1379.46
4281,289,2024-02-08,Dining,-1418.7
4282,438,2024-11-27,dining ,-275.22
4283,120,2024-07-20,Travel,-1106.0
4284,374,2025-06-08,Entertainment,-828.51
4285,439,2024-08-15,Transfer,-2708.14
4286,266,2024-02-19,Utilities,-715.03
4287,394,2025-01-19,Utilities,-336.17
4288,65,2025-01-18,Healthcare,-2156.53
4289,412,2025-05-21,ATM Withdrawal,-2606.09
4290,264,2025-01-12,ATM Withdrawal,-366.31
4291,104,2024-07-16,groceries,-2198.99
4292,29,2024-12-30,groceries,-1171.19
4293,337,2025-03-10,Utilities,-1190.82
4294,202,2024-10-08,Transfer,-3326.8
4295,146,2025-03-09,Entertainment,-1679.53
4296,183,2025-06-10,dining ,-322.19
4297,464,2025-02-15,ATM Withdrawal,-532.48
4298,201,2024-09-30,Entertainment,-742.7
4299,37,2024-09-25,Entertainment,-1866.55
4300,131,2025-04-01,shopping,-1495.45
4301,69,2025-04-20,dining ,-1773.27
4302,321,2024-05-23,Healthcare,-1528.13
4303,375,2024-01-06,Utilities,-2048.55
4304,394,2025-03-15,dining ,-800.37
4305,297,2024-05-08,Dining,-2830.07
4306,360,2025-06-27,Shopping,-439.69
4307,196,2024-01-20,GROCERIES,-997.97
4308,294,2025-05-10,Shopping,-909.1
4309,51,2025-01-04,Healthcare,-1367.66
4310,252,2024-06-14,Shopping,-984.38
4311,261,2024-01-19,Healthcare,-1107.36
4312,15,2025-04-06,Entertainment,-589.37
4313,257,2024-03-06,Transfer,3684.52
4314,339,2024-02-21,Salary Credit,27125.8
4315,173,2025-03-06,Entertainment,-1922.19
4316,256,2025-01-04,shopping,-280.22
4317,134,2024-03-10,Dining,-758.41
4318,127,2024-07-05,Entertainment,-246.22
4319,61,2024-12-29,Shopping,-1712.71
4320,154,2024-12-24,Entertainment,-710.97
4321,376,2024-07-16,Travel,-998.9
4322,438,2024-08-12,Utilities,-1452.68
4323,298,2024-02-13,Transfer,-4929.89
4324,293,2024-01-05,,51657.48
4325,288,2025-06-11,Travel,-311.2
4326,223,2024-05-06,Entertainment,-1154.21
4327,198,2025-05-20,shopping,-505.5
4328,291,2024-01-24,Groceries,-2088.01
4329,368,2025-06-23,ATM Withdrawal,-1271.06
4330,194,2024-08-20,Groceries,-1179.22
4331,265,2025-03-15,Shopping,-83.18
4332,221,2025-04-02,dining ,-1875.18
4333,134,2024-07-10,dining ,-1989.38
4334,136,2025-02-06,Healthcare,-510.47
4335,37,2024-07-01,Groceries,-1338.49
4336,206,2025-03-05,Transfer,6764.0
4337,334,2025-06-06,Salary Credit,62743.78
4338,321,2025-03-15,Dining,-1552.02
4339,462,2025-01-31,Healthcare,-1199.63
4340,19,2024-07-21,dining ,-1059.91
4341,356,2024-02-29,shopping,-1113.43
4342,373,2024-10-02,Transfer,-2353.9
4343,205,2024-03-11,Transfer,-7798.05
4344,133,2024-10-04,Utilities,-187.12
4345,168,2025-04-18,Transfer,-7834.42
4346,320,2024-03-02,Healthcare,-1925.56
4347,404,2025-05-06,Shopping,-1443.35
4348,301,2024-11-21,ATM Withdrawal,-1555.4
4349,241,2024-01-26,Utilities,-839.82
4350,306,2025-01-27,Utilities,-187.54
4351,34,2024-01-01,,-1424.75
4352,285,2024-11-28,Dining,-1262.08
4353,20,2024-10-03,ATM Withdrawal,-2031.32
4354,449,2025-02-10,Dining,-1072.85
4355,417,2024-07-24,groceries,-1343.06
4356,238,2024-03-05,Travel,-1458.68
4357,176,2024-07-29,Groceries,-1715.15
4358,343,2025-02-18,shopping,-2053.74
4359,299,2025-06-03,Shopping,-341.64
4360,331,2024-04-23,GROCERIES,-1831.53
4361,242,2024-07-10,Dining,-1037.49
4362,111,2025-04-22,groceries,-1778.35
4363,35,2024-06-19,Shopping,-2530.63
4364,133,2024-05-13,Utilities,-697.54
4365,248,2025-03-29,ATM Withdrawal,-2293.01
4366,199,2024-09-25,Salary Credit,44052.94
4367,237,2024-11-13,Travel,-430.09
4368,130,2024-09-22,groceries,-806.23
4369,439,2024-11-24,Utilities,-271.72
4370,172,2024-05-26,Utilities,-1656.75
4371,397,2025-02-02,Utilities,-268.67
4372,183,2024-07-16,Healthcare,-2283.89
4373,208,2024-10-12,dining ,-1822.72
4374,283,2024-04-11,Utilities,-1404.44
4375,124,2024-01-07,Transfer,-1108.44
4376,103,2024-11-06,Entertainment,-9.7
4377,178,2024-03-16,Shopping,-1127.86
4378,377,2025-05-12,Shopping,-1176.89
4379,68,2025-06-06,Groceries,-2045.83
4380,205,2024-06-21,Transfer,2722.49
4381,315,2024-06-06,Shopping,-1953.38
4382,331,2024-10-03,Shopping,-896.5
4383,204,2024-04-21,Utilities,-779.41
4384,39,2025-04-14,Travel,-251.01
4385,8,2024-02-25,ATM Withdrawal,-2152.67
4386,220,2024-09-03,Groceries,-763.53
4387,380,2024-04-12,Shopping,-2184.33
4388,14,2025-03-29,GROCERIES,-2519.18
4389,416,2024-03-19,Transfer,8951.4
4390,317,2024-08-31,Dining,-1170.82
4391,4,2025-03-30,Entertainment,-764.24
4392,161,2024-08-27,Shopping,-702.94
4393,104,2024-04-10,,-2971.51
4394,445,2024-03-26,Utilities,-1009.29
4395,260,2024-11-25,shopping,-2147.85
4396,152,2024-03-09,Utilities,-1634.16
4397,131,2024-07-12,Utilities,-829.62
4398,264,2024-11-29,Dining,-972.26
4399,3,2024-07-25,Utilities,-2265.06
4400,121,2025-03-26,Transfer,-3638.56
4401,78,2025-01-09,dining ,-473.81
4402,291,2024-03-14,Transfer,5960.2
4403,314,2025-03-21,Entertainment,-735.18
4404,219,2025-05-11,ATM Withdrawal,-1734.5
4405,66,2024-04-20,GROCERIES,-3489.73
4406,174,2024-07-14,Shopping,-1666.28
4407,395,2024-08-03,Transfer,-2855.51
4408,96,2024-08-19,Utilities,-1815.58
4409,77,2024-09-09,Utilities,-2330.07
4410,53,2025-05-02,Utilities,-2441.84
4411,383,2024-12-20,Travel,-2351.35
4412,57,2025-05-03,GROCERIES,-1214.92
4413,273,2024-07-10,Dining,-2000.93
4414,468,2024-10-13,Salary Credit,36859.36
4415,301,2024-02-27,shopping,-2646.41
4416,193,2024-05-30,dining ,-343.06
4417,97,2024-11-14,Healthcare,-2328.72
4418,1,2024-04-03,Utilities,-2139.2
4419,73,2025-06-07,Groceries,-2133.48
4420,446,2024-05-28,dining ,-3059.02
4421,68,2024-03-29,Utilities,-2147.16
4422,10,2025-03-01,shopping,-6.07
4423,382,2024-02-19,GROCERIES,-1730.87
4424,196,2024-06-25,Entertainment,-500.42
4425,168,2024-04-18,Entertainment,-1117.98
4426,336,2025-01-13,Utilities,-819.83
4427,245,2025-04-04,Transfer,-6913.53
4428,429,2024-04-16,Shopping,-459.29
4429,219,2024-08-14,Transfer,6503.58
4430,334,2024-09-17,Utilities,-2257.29
4431,412,2025-01-11,Salary Credit,45020.99
4432,217,2024-07-10,Groceries,-3290.74
4433,134,2024-10-12,groceries,-891.06
4434,457,2024-10-01,Entertainment,-1811.76
4435,107,2024-01-07,Utilities,-1507.13
4436,19,2024-11-06,Travel,-891.52
4437,271,2024-11-05,Dining,-2380.25
4438,462,2025-06-24,Entertainment,-398.71
4439,41,2024-10-04,Travel,-668.25
4440,398,2025-05-05,dining ,-1086.49
4441,389,2024-07-09,Salary Credit,42945.03
4442,435,2025-01-14,Dining,-2156.55
4443,198,2025-05-06,dining ,-75.22
4444,120,2024-03-24,ATM Withdrawal,-1671.34
4445,240,2024-11-05,Healthcare,-1562.39
4446,67,2025-05-15,Transfer,-5968.4
4447,395,2024-10-30,Groceries,-2139.67
4448,311,2025-05-01,Utilities,-1178.89
4449,227,2024-08-16,Transfer,-6350.84
4450,242,2025-04-28,Utilities,-1108.24
4451,334,2024-12-08,ATM Withdrawal,-17.95
4452,245,2024-09-18,Shopping,-830.57
4453,394,2024-04-27,Entertainment,-966.94
4454,433,2024-04-03,Utilities,-693.84
4455,445,2024-06-06,Healthcare,-915.15
4456,291,2025-02-15,Travel,-1361.64
4457,348,2024-09-12,ATM Withdrawal,-953.46
4458,146,2024-07-30,dining ,-1968.58
4459,18,2024-09-11,shopping,-1982.62
4460,188,2024-07-06,Utilities,-940.9
4461,408,2025-03-15,Groceries,-89.84
4462,63,2024-07-31,Travel,-964.27
4463,256,2024-09-14,dining ,-953.57
4464,91,2024-10-31,Healthcare,-897.6
4465,201,2024-12-18,Transfer,5452.93
4466,68,2024-06-30,ATM Withdrawal,-1958.27
4467,344,2024-02-09,Shopping,-1161.53
4468,380,2025-01-11,dining ,-657.4
4469,355,2024-11-01,Utilities,-1196.12
4470,330,2024-12-19,Dining,-755.5
4471,111,2024-10-23,Shopping,-129.61
4472,249,2024-10-04,Transfer,-6273.7
4473,50,2025-06-01,dining ,-2504.03
4474,176,2024-01-30,Groceries,-86.67
4475,237,2024-02-20,groceries,-253.29
4476,313,2025-05-25,Shopping,-357.64
4477,46,2025-04-28,Groceries,-1558.97
4478,381,2024-08-12,Travel,-1973.06
4479,215,2024-10-21,Groceries,-1457.65
4480,413,2024-09-01,groceries,-1329.26
4481,247,2025-06-27,ATM Withdrawal,-1969.08
4482,257,2024-09-05,Healthcare,-786.51
4483,325,2025-02-18,Dining,-2150.8
4484,384,2024-07-17,Dining,-2986.51
4485,74,2024-07-26,Utilities,-243.52
4486,240,2025-01-02,Transfer,-4237.82
4487,15,2024-08-05,shopping,-50.85
4488,223,2024-01-08,Shopping,-331.34
4489,381,2024-04-04,Shopping,-1553.29
4490,406,2025-04-21,Healthcare,-317.06
4491,133,2024-07-18,GROCERIES,-498.37
4492,181,2024-02-25,Dining,-2148.27
4493,259,2025-05-26,Travel,-1401.1
4494,186,2025-06-28,shopping,-1891.2
4495,84,2024-09-29,groceries,-35.8
4496,143,2024-12-08,Entertainment,-1260.95
4497,190,2025-02-15,ATM Withdrawal,-2898.05
4498,243,2024-02-06,Healthcare,-604.29
4499,431,2024-06-10,Healthcare,-760.78
4500,255,2024-11-02,shopping,-1723.53
4501,182,2024-10-26,Entertainment,-390.15
4502,310,2024-06-29,ATM Withdrawal,-1845.53
4503,362,2024-01-01,Utilities,-416.99
4504,202,2025-06-03,ATM Withdrawal,-983.08
4505,229,2024-11-30,Healthcare,-1482.99
4506,102,2025-02-15,Transfer,-3302.75
4507,405,2024-08-26,ATM Withdrawal,-1988.97
4508,406,2024-10-03,dining ,-1761.8
4509,82,2024-08-30,Transfer,-1318.07
4510,162,2024-08-22,Travel,-1667.75
4511,128,2024-12-31,Salary Credit,42598.3
4512,432,2025-06-26,ATM Withdrawal,-1575.38
4513,31,2025-02-27,Shopping,-1181.85
4514,98,2024-12-29,dining ,-153.12
4515,148,2024-01-07,ATM Withdrawal,-558.18
4516,263,2024-10-07,Dining,-970.9
4517,117,2025-06-04,Dining,-1366.66
4518,252,2024-08-04,GROCERIES,-1557.21
4519,350,2024-10-26,Salary Credit,39364.6
4520,388,2024-06-25,groceries,-1095.86
4521,47,2024-04-14,Utilities,-323.34
4522,65,2025-01-19,Entertainment,-2330.76
4523,45,2024-06-19,Shopping,-42.64
4524,426,2024-11-16,Entertainment,-920.07
4525,306,2024-11-19,Shopping,-31.55
4526,249,2025-04-07,dining ,-1411.34
4527,371,2025-05-26,Transfer,-1227.95
4528,275,2024-10-28,Utilities,-1788.62
4529,111,2024-01-28,Healthcare,-2668.39
4530,239,2024-11-13,dining ,-1316.07
4531,330,2025-04-27,Transfer,2975.74
4532,17,2024-09-17,shopping,-1165.73
4533,284,2024-11-03,Transfer,-10892.9
4534,233,2025-02-19,Dining,-1951.5
4535,33,2024-08-27,Salary Credit,52203.69
4536,124,2024-08-14,Groceries,-3139.54
4537,210,2024-09-19,Transfer,9033.63
4538,161,2025-04-09,Dining,-1090.75
4539,136,2024-09-22,Travel,-1222.82
4540,304,2024-06-27,ATM Withdrawal,-3323.8
4541,190,2024-11-21,Shopping,-534.64
4542,233,2025-01-12,Transfer,-1961.27
4543,374,2025-05-12,ATM Withdrawal,-436.43
4544,44,2025-05-01,GROCERIES,-408.22
4545,169,2025-03-02,Transfer,-2419.6
4546,35,2025-02-23,Travel,-637.41
4547,434,2024-09-01,shopping,-1751.04
4548,87,2024-07-05,Dining,-1189.3
4549,384,2024-11-02,Travel,-2109.9
4550,90,2025-01-19,Transfer,-5537.17
4551,152,2024-10-09,Entertainment,-937.78
4552,285,2024-04-22,Healthcare,-2952.27
4553,390,2024-01-09,ATM Withdrawal,-818.95
4554,84,2024-02-01,GROCERIES,-2025.02
4555,100,2024-08-20,Travel,-136.02
4556,413,2025-03-07,dining ,-980.89
4557,151,2025-03-06,ATM Withdrawal,-3006.81
4558,99,2025-03-16,Dining,-1816.54
4559,348,2025-01-21,Healthcare,-59.75
4560,43,2024-01-13,Dining,-271.33
4561,406,2025-04-26,Groceries,-2641.92
4562,410,2025-05-31,Transfer,5265.05
4563,401,2025-04-08,dining ,-952.28
4564,139,2024-08-31,GROCERIES,-498.87
4565,54,2024-04-27,Shopping,-914.34
4566,200,2025-05-08,Healthcare,-2472.5
4567,157,2024-04-10,dining ,-569.98
4568,449,2025-03-05,Travel,-658.2
4569,296,2025-06-10,Dining,-1739.58
4570,442,2025-05-05,Shopping,-264.27
4571,352,2024-10-11,Utilities,-358.53
4572,335,2025-03-30,Shopping,-1205.66
4573,53,2025-03-28,shopping,-1228.23
4574,33,2025-06-14,Entertainment,-471.69
4575,22,2024-07-15,ATM Withdrawal,-1625.86
4576,278,2024-12-08,ATM Withdrawal,-1396.93
4577,95,2025-03-21,Shopping,-576.16
4578,463,2024-05-03,Utilities,-1902.45
4579,63,2024-05-02,Utilities,-687.38
4580,444,2024-07-31,shopping,-1925.45
4581,313,2024-07-15,dining ,-3071.72
4582,50,2025-02-13,Groceries,-1139.62
4583,28,2025-05-25,Travel,-619.63
4584,186,2024-03-26,Groceries,-2440.91
4585,159,2024-06-26,Dining,-444.79
4586,148,2025-05-21,shopping,-2903.2
4587,248,2024-11-20,Transfer,-3119.22
4588,61,2024-04-21,Dining,-3329.3
4589,61,2024-11-24,Transfer,-6089.06
4590,326,2025-04-22,groceries,-2659.77
4591,464,2024-07-22,Healthcare,-1176.39
4592,129,2024-09-20,shopping,-1112.37
4593,437,2024-11-30,Shopping,-1432.68
4594,162,2025-04-03,ATM Withdrawal,-2110.54
4595,158,2024-11-03,shopping,-1546.73
4596,43,2025-06-06,Travel,-1099.38
4597,199,2025-02-15,Travel,-1732.72
4598,234,2024-08-18,Healthcare,-1234.46
4599,311,2024-09-22,Entertainment,-350.95
4600,75,2025-01-14,Shopping,-1526.37
4601,89,2024-02-08,Transfer,7223.17
4602,203,2024-05-03,GROCERIES,-947.75
4603,33,2024-05-09,shopping,-778.2
4604,68,2025-03-12,shopping,-710.22
4605,295,2025-03-24,Utilities,-404.41
4606,447,2025-03-22,Entertainment,-729.7
4607,269,2024-02-27,Transfer,-6295.7
4608,68,2024-06-09,Entertainment,-525.28
4609,464,2024-06-19,Salary Credit,35596.59
4610,245,2024-01-14,Travel,-1910.46
4611,336,2024-05-20,Transfer,7304.03
4612,93,2024-08-23,Groceries,-1001.74
4613,271,2025-04-27,Entertainment,-685.42
4614,36,2024-04-02,GROCERIES,-368.9
4615,293,2025-04-13,Transfer,1610.21
4616,95,2025-03-22,ATM Withdrawal,-414.63
4617,426,2024-03-27,groceries,-1452.85
4618,26,2024-05-22,Groceries,-1101.91
4619,306,2024-09-06,shopping,-277.05
4620,66,2025-05-29,Utilities,-1302.67
4621,322,2025-03-03,Entertainment,-1616.35
4622,231,2025-06-13,Dining,-1989.65
4623,453,2024-06-19,Travel,-2068.22
4624,306,2025-05-10,dining ,-331.68
4625,175,2025-06-05,GROCERIES,-2124.14
4626,41,2024-11-22,dining ,-1709.41
4627,279,2024-03-24,Entertainment,-1705.1
4628,207,2024-05-25,ATM Withdrawal,-651.55
4629,25,2024-03-11,Entertainment,-1080.53
4630,273,2025-03-15,Travel,-2848.37
4631,99,2024-06-19,Dining,-2709.61
4632,110,2025-01-17,GROCERIES,-1156.55
4633,5,2024-05-25,shopping,-1372.53
4634,175,2025-06-16,groceries,-775.49
4635,103,2025-02-25,Groceries,-2283.56
4636,34,2024-07-24,Salary Credit,50965.04
4637,204,2024-09-16,Dining,-1510.56
4638,104,2024-02-02,shopping,-657.85
4639,63,2024-03-15,Shopping,-1259.77
4640,219,2025-06-28,ATM Withdrawal,-2519.18
4641,30,2025-03-20,Travel,-1525.76
4642,464,2025-04-01,ATM Withdrawal,-3568.5
4643,221,2024-12-16,Utilities,-1930.33
4644,467,2024-04-30,groceries,-373.1
4645,413,2024-02-27,Utilities,-830.28
4646,459,2025-01-30,GROCERIES,-561.17
4647,254,2024-06-29,Shopping,-1971.93
4648,199,2024-01-01,ATM Withdrawal,-2238.2
4649,337,2024-01-13,Transfer,4002.89
4650,38,2024-10-31,Dining,-1621.21
4651,394,2025-04-02,groceries,-2352.38
4652,152,2024-07-16,dining ,-2594.85
4653,4,2025-06-28,Healthcare,-92.53
4654,112,2024-07-26,Utilities,-1758.11
4655,114,2025-02-03,Travel,-126.27
4656,7,2024-05-13,GROCERIES,-658.41
4657,313,2024-11-26,Transfer,1079.63
4658,45,2024-05-29,Travel,-641.15
4659,397,2025-02-28,GROCERIES,-104.73
4660,213,2024-09-04,Shopping,-136.24
4661,337,2024-01-23,ATM Withdrawal,-385.88
4662,159,2024-05-15,shopping,-1472.79
4663,62,2024-07-10,Healthcare,-1230.5
4664,85,2024-09-11,Entertainment,-279.61
4665,303,2024-05-27,Shopping,-3667.25
4666,336,2024-11-10,Healthcare,-760.33
4667,126,2025-06-09,Transfer,-6747.66
4668,168,2025-01-22,Utilities,-1195.88
4669,443,2024-06-18,Transfer,2562.08
4670,399,2025-01-04,Shopping,-1551.55
4671,194,2025-06-10,shopping,-594.83
4672,113,2024-05-11,shopping,-933.88
4673,142,2024-05-06,Transfer,5370.64
4674,252,2024-01-22,Entertainment,-1752.71
4675,266,2025-04-04,Utilities,-730.09
4676,87,2025-03-29,Salary Credit,46225.61
4677,31,2024-08-13,Salary Credit,38833.49
4678,232,2025-04-20,Entertainment,-466.43
4679,374,2024-12-21,Travel,-828.86
4680,72,2025-06-17,dining ,-574.94
4681,192,2025-05-17,Dining,-2134.23
4682,76,2025-06-07,GROCERIES,-1721.22
4683,114,2024-08-01,Groceries,-863.07
4684,287,2024-12-11,Utilities,-2751.76
4685,134,2024-04-01,groceries,-1777.02
4686,124,2025-05-02,Entertainment,-2230.14
4687,466,2024-06-22,Utilities,-1046.15
4688,81,2024-09-01,Utilities,-144.65
4689,89,2024-11-19,Transfer,-1027.85
4690,436,2025-03-05,Utilities,-2736.52
4691,258,2025-02-02,ATM Withdrawal,-264.55
4692,21,2025-06-04,Transfer,-3701.51
4693,199,2025-01-23,Utilities,-46.3
4694,265,2025-03-09,Shopping,-1679.83
4695,119,2024-11-07,Utilities,-1749.72
4696,257,2024-08-14,Travel,-1572.32
4697,304,2025-05-12,Shopping,-647.26
4698,118,2024-07-24,Utilities,-1459.88
4699,381,2024-12-04,shopping,-2805.22
4700,212,2024-06-07,Shopping,-90.59
4701,451,2024-09-19,GROCERIES,-2205.02
4702,42,2024-07-19,dining ,-1927.19
4703,152,2024-05-20,Shopping,-1105.26
4704,338,2025-03-23,GROCERIES,-1349.73
4705,419,2025-02-22,ATM Withdrawal,-1521.05
4706,104,2025-01-17,Entertainment,-321.13
4707,459,2024-02-15,Transfer,-103.14
4708,91,2024-05-16,Utilities,-2015.87
4709,195,2024-04-28,Travel,-79.58
4710,148,2025-01-22,ATM Withdrawal,-216.17
4711,199,2025-05-01,ATM Withdrawal,-735.98
4712,423,2024-07-25,Healthcare,-1456.04
4713,343,2024-06-29,Shopping,-750.58
4714,373,2024-10-30,dining ,-548.42
4715,119,2025-06-22,Utilities,-2057.49
4716,444,2024-07-20,Entertainment,-900.11
4717,204,2024-05-31,Salary Credit,38611.97
4718,306,2024-10-11,Entertainment,-1555.16
4719,327,2025-05-14,ATM Withdrawal,-1252.73
4720,311,2025-02-01,Healthcare,-1225.85
4721,282,2024-10-09,Shopping,-1599.09
4722,225,2025-02-02,Healthcare,-1076.3
4723,304,2024-01-09,Entertainment,-1960.24
4724,424,2025-02-14,Transfer,8723.85
4725,183,2024-02-23,Healthcare,-378.13
4726,240,2024-08-01,Shopping,-272.98
4727,85,2024-07-09,ATM Withdrawal,-490.52
4728,167,2025-01-11,shopping,-885.43
4729,362,2024-05-10,Transfer,2795.04
4730,300,2024-05-10,Transfer,-8031.72
4731,99,2025-04-26,Transfer,-2388.1
4732,256,2024-09-17,Travel,-832.01
4733,380,2025-02-08,Transfer,-11136.17
4734,59,2024-11-13,Entertainment,-242.37
4735,29,2024-12-03,Salary Credit,37802.8
4736,184,2025-01-09,shopping,-836.69
4737,308,2024-12-29,,-2589.79
4738,147,2025-05-12,Transfer,3921.43
4739,385,2025-03-03,Shopping,-279.0
4740,397,2024-06-15,Shopping,-1526.77
4741,250,2024-04-02,ATM Withdrawal,-1459.78
4742,178,2025-04-05,ATM Withdrawal,-1637.99
4743,20,2024-07-22,Utilities,-243.91
4744,385,2024-06-18,Utilities,-691.96
4745,419,2024-03-01,Entertainment,-2213.1
4746,208,2024-10-27,Healthcare,-1568.11
4747,242,2024-10-06,Travel,-1927.8
4748,353,2025-03-27,Entertainment,-1151.3
4749,326,2025-02-12,shopping,-2150.74
4750,64,2025-01-29,Dining,-1463.84
4751,315,2024-10-20,ATM Withdrawal,-728.82
4752,433,2025-04-15,Groceries,-1870.92
4753,352,2025-06-19,groceries,-412.45
4754,225,2025-03-20,Healthcare,-2589.2
4755,245,2024-07-08,Shopping,-2107.31
4756,122,2024-05-30,dining ,-936.56
4757,310,2024-01-01,Shopping,-1033.53
4758,114,2025-06-25,Shopping,-1319.13
4759,160,2025-02-03,Salary Credit,43617.1
4760,125,2025-05-25,Utilities,-2387.1
4761,157,2025-03-05,Travel,-715.11
4762,172,2024-08-22,shopping,-152.28
4763,39,2024-03-20,Salary Credit,42930.79
4764,336,2024-01-26,Entertainment,-1877.29
4765,207,2025-03-07,Travel,-2113.2
4766,445,2024-06-14,Entertainment,-1302.43
4767,85,2024-07-25,Healthcare,-629.54
4768,314,2025-03-31,Utilities,-1160.32
4769,84,2024-09-19,Groceries,-610.36
4770,257,2025-06-02,Salary Credit,26557.81
4771,230,2024-10-24,Entertainment,-433.16
4772,210,2025-03-29,Groceries,-1659.35
4773,307,2024-03-09,dining ,-956.4
4774,388,2024-08-04,ATM Withdrawal,-922.31
4775,149,2024-04-09,Transfer,-2108.07
4776,398,2024-01-31,groceries,-420.41
4777,87,2025-06-24,Utilities,-1497.85
4778,138,2024-10-09,dining ,-559.34
4779,146,2024-07-11,Healthcare,-554.85
4780,447,2024-07-24,ATM Withdrawal,-2594.31
4781,56,2024-05-11,shopping,-235.16
4782,185,2024-03-08,Entertainment,-540.75
4783,199,2025-05-12,Shopping,-1595.0
4784,375,2024-02-27,Entertainment,-1155.99
4785,228,2024-07-28,dining ,-36.12
4786,453,2024-03-24,Groceries,-2805.62
4787,347,2025-05-21,Travel,-485.16
4788,330,2024-04-22,dining ,-979.02
4789,353,2024-08-02,Transfer,6310.47
4790,76,2025-02-14,shopping,-3146.13
4791,211,2024-11-06,Utilities,-831.23
4792,275,2024-07-27,Transfer,6493.16
4793,98,2024-11-03,Shopping,-3079.33
4794,56,2024-08-26,Shopping,-1322.36
4795,64,2024-06-06,dining ,-943.08
4796,370,2024-11-22,Healthcare,-1552.17
4797,308,2024-07-18,ATM Withdrawal,-667.83
4798,132,2025-06-07,Entertainment,-646.48
4799,346,2024-09-09,Transfer,475.93
4800,326,2025-02-16,Shopping,-875.99
4801,383,2024-05-07,Groceries,-738.31
4802,426,2024-12-17,ATM Withdrawal,-1173.78
4803,413,2024-10-31,GROCERIES,-1361.32
4804,85,2025-02-09,Healthcare,-1756.3
4805,361,2024-09-08,Dining,-1025.93
4806,184,2025-01-27,Utilities,-175.56
4807,189,2024-02-01,shopping,-2338.71
4808,303,2025-01-11,Shopping,-2907.44
4809,282,2025-02-14,ATM Withdrawal,-1560.17
4810,197,2024-09-27,Transfer,3976.72
4811,468,2024-01-19,Transfer,6300.02
4812,82,2024-11-04,Entertainment,-1281.0
4813,46,2025-03-01,Shopping,-1591.98
4814,14,2024-09-08,Shopping,-1604.95
4815,382,2024-02-21,Entertainment,-535.64
4816,191,2024-08-03,Utilities,-459.42
4817,205,2025-06-25,dining ,-947.65
4818,304,2024-05-27,groceries,-1620.77
4819,204,2024-10-15,ATM Withdrawal,-203.47
4820,269,2024-07-12,ATM Withdrawal,-994.21
4821,28,2025-01-23,Utilities,-1167.61
4822,74,2024-08-21,GROCERIES,-761.91
4823,437,2024-07-28,GROCERIES,-2462.45
4824,211,2024-11-11,Shopping,-2308.83
4825,79,2024-11-07,Dining,-1574.0
4826,173,2024-09-29,Transfer,7635.05
4827,157,2024-05-20,Healthcare,-1320.7
4828,129,2024-02-28,Transfer,-3569.21
4829,138,2025-01-11,Entertainment,-844.28
4830,342,2024-07-04,Healthcare,-1542.46
4831,50,2024-11-29,ATM Withdrawal,-865.39
4832,145,2024-07-24,shopping,-165.25
4833,220,2025-04-10,Transfer,-8082.81
4834,253,2025-01-20,Shopping,-1116.66
4835,413,2024-08-08,Travel,-2462.75
4836,433,2024-06-30,GROCERIES,-1716.65
4837,140,2025-02-12,Salary Credit,43124.66
4838,253,2024-01-05,Entertainment,-1458.89
4839,11,2024-02-01,ATM Withdrawal,-2064.99
4840,289,2024-02-15,Travel,-1230.06
4841,72,2024-07-07,Salary Credit,52589.18
4842,35,2024-09-27,Transfer,-7552.47
4843,315,2024-06-08,Transfer,1667.86
4844,84,2024-04-12,shopping,-1112.02
4845,224,2024-06-19,Utilities,-637.19
4846,48,2024-09-26,Travel,-1601.13
4847,349,2024-06-11,Entertainment,-822.27
4848,358,2024-11-08,Dining,-646.25
4849,270,2024-07-27,Entertainment,-1789.96
4850,392,2025-05-23,Dining,-56.62
4851,205,2025-06-24,Healthcare,-1300.9
4852,88,2024-12-23,Travel,-894.18
4853,71,2024-10-29,ATM Withdrawal,-1037.63
4854,103,2024-01-17,ATM Withdrawal,-1455.86
4855,94,2024-12-05,Transfer,10470.31
4856,152,2024-07-26,Transfer,-9074.81
4857,101,2024-06-07,groceries,-2455.93
4858,277,2025-03-08,Utilities,-1892.71
4859,70,2024-01-23,dining ,-459.51
4860,292,2024-05-22,ATM Withdrawal,-984.31
4861,157,2025-02-25,ATM Withdrawal,-218.43
4862,322,2025-05-19,Utilities,-3777.29
4863,241,2024-10-07,Transfer,-1988.66
4864,424,2024-10-15,Utilities,-147.52
4865,206,2025-06-11,Utilities,-1293.33
4866,139,2024-02-20,Travel,-267.36
4867,276,2024-09-19,ATM Withdrawal,-1310.56
4868,309,2024-05-11,Groceries,-2178.52
4869,206,2024-09-16,Entertainment,-236.84
4870,262,2025-05-08,ATM Withdrawal,-2254.33
4871,221,2024-11-20,Shopping,-1142.68
4872,144,2025-06-24,dining ,-763.13
4873,147,2024-10-02,Transfer,-9252.72
4874,425,2025-04-15,Entertainment,-1246.0
4875,317,2024-04-02,shopping,-202.56
4876,45,2024-06-23,Utilities,-1581.73
4877,451,2024-05-29,Travel,-1567.33
4878,334,2025-02-23,Travel,-1028.75
4879,24,2024-10-06,Utilities,-2119.39
4880,341,2024-05-01,ATM Withdrawal,-860.23
4881,276,2024-04-04,Utilities,-1521.37
4882,429,2024-07-28,Transfer,7353.05
4883,230,2024-03-24,shopping,-103.93
4884,243,2025-01-14,Salary Credit,33133.92
4885,148,2025-04-07,Healthcare,-2098.32
4886,151,2025-06-12,Travel,-2257.01
4887,290,2024-05-08,dining ,-2423.79
4888,388,2024-08-27,shopping,-576.31
4889,417,2024-10-01,Shopping,-1380.96
4890,361,2024-09-27,Transfer,121.62
4891,286,2024-09-03,Entertainment,-1341.53
4892,235,2024-04-29,ATM Withdrawal,-1324.84
4893,159,2024-03-02,Healthcare,-1870.78
4894,360,2024-08-07,Dining,-685.59
4895,149,2024-02-20,dining ,-2325.39
4896,126,2024-02-04,Utilities,-1272.3
4897,407,2024-10-12,ATM Withdrawal,-2738.75
4898,276,2025-04-12,dining ,-1871.95
4899,166,2024-10-21,Groceries,-1449.93
4900,405,2024-01-13,Healthcare,-136.29
4901,451,2025-04-03,Utilities,-12.0
4902,149,2025-01-07,dining ,-2640.78
4903,245,2024-06-14,Utilities,-1989.96
4904,227,2024-05-28,Dining,-943.43
4905,329,2025-05-05,Groceries,-824.87
4906,446,2024-09-16,Utilities,-1399.7
4907,257,2024-03-17,Utilities,-10.67
4908,374,2024-06-02,Transfer,-3596.96
4909,279,2024-05-24,Travel,-1751.28
4910,416,2024-08-06,ATM Withdrawal,-1871.68
4911,190,2024-07-07,ATM Withdrawal,-868.72
4912,181,2024-10-24,Transfer,8134.96
4913,198,2024-06-25,Entertainment,-508.11
4914,467,2024-12-15,shopping,-51.77
4915,287,2024-09-25,GROCERIES,-1735.11
4916,72,2025-05-27,Groceries,-794.94
4917,20,2025-03-27,Dining,-623.96
4918,243,2024-06-30,Transfer,5668.67
4919,378,2024-01-23,Shopping,-1847.44
4920,225,2024-11-14,groceries,-1912.73
4921,263,2024-07-03,GROCERIES,-1249.67
4922,374,2025-05-06,Entertainment,-864.52
4923,242,2024-08-09,shopping,-2058.98
4924,426,2024-06-07,Dining,-474.53
4925,299,2024-07-03,Entertainment,-1477.54
4926,343,2025-04-16,ATM Withdrawal,-1090.06
4927,366,2024-03-02,shopping,-3219.65
4928,294,2025-06-05,Shopping,-3052.11
4929,24,2024-05-07,ATM Withdrawal,-786.47
4930,201,2025-04-06,Utilities,-10.17
4931,67,2024-10-23,Healthcare,-60.22
4932,239,2024-11-06,Transfer,3380.75
4933,68,2024-04-21,Salary Credit,36111.0
4934,239,2025-01-28,ATM Withdrawal,-728.69
4935,161,2024-12-19,Healthcare,-1606.07
4936,10,2024-09-19,groceries,-1129.56
4937,59,2024-09-06,groceries,-765.85
4938,236,2024-11-21,Transfer,3929.35
4939,37,2024-09-14,Dining,-1054.26
4940,401,2025-06-15,ATM Withdrawal,-1400.37
4941,356,2024-01-23,shopping,-1453.16
4942,332,2024-05-16,Utilities,-283.56
4943,81,2025-04-08,dining ,-1350.03
4944,373,2025-03-07,Transfer,1958.61
4945,298,2024-07-08,dining ,-864.56
4946,183,2024-10-02,Dining,-2240.52
4947,1,2024-01-15,Travel,-1927.76
4948,248,2024-04-06,groceries,-1287.49
4949,373,2025-05-29,Salary Credit,37823.21
4950,16,2024-12-16,,-23.67
4951,25,2024-01-22,ATM Withdrawal,-352.37
4952,180,2025-03-07,Salary Credit,45097.68
4953,240,2024-08-07,Travel,-1229.96
4954,223,2024-11-05,Healthcare,-613.78
4955,200,2025-04-11,Entertainment,-1990.02
4956,120,2025-04-01,Transfer,-6153.47
4957,29,2024-03-15,dining ,-1186.15
4958,15,2024-07-18,Groceries,-1298.25
4959,47,2024-05-28,dining ,-1879.93
4960,324,2025-05-13,Dining,-1382.19
4961,368,2025-03-01,Groceries,-1723.36
4962,204,2024-12-19,Entertainment,-962.87
4963,37,2024-02-01,Dining,-1141.27
4964,195,2025-03-13,dining ,-1160.08
4965,462,2024-11-01,Entertainment,-1365.67
4966,117,2024-05-28,Healthcare,-678.8
4967,230,2024-08-29,dining ,-2183.24
4968,252,2024-08-31,Utilities,-2480.5
4969,155,2024-06-10,Transfer,1493.89
4970,205,2025-05-10,Healthcare,-10.73
4971,221,2025-05-15,Salary Credit,48239.73
4972,222,2024-01-28,Travel,-1729.05
4973,336,2025-05-25,ATM Withdrawal,-1568.25
4974,272,2024-08-08,Transfer,6485.47
4975,25,2025-03-11,Groceries,-688.46
4976,3,2025-03-01,Travel,-591.14
4977,193,2024-11-22,Entertainment,-752.44
4978,425,2025-02-09,ATM Withdrawal,-2688.48
4979,18,2025-01-06,Dining,-1438.32
4980,34,2025-04-09,Transfer,7714.23
4981,318,2024-08-18,ATM Withdrawal,-443.92
4982,212,2025-02-06,dining ,-1401.13
4983,108,2025-06-17,Utilities,-1660.98
4984,98,2025-05-31,Utilities,-360.73
4985,312,2024-03-21,Healthcare,-1527.47
4986,246,2024-09-28,dining ,-2365.83
4987,299,2024-10-04,Transfer,-3797.89
4988,132,2024-12-06,Shopping,-350.13
4989,247,2024-12-18,Entertainment,-1355.33
4990,403,2025-04-06,Healthcare,-609.11
4991,149,2024-10-17,Healthcare,-1362.98
4992,186,2025-01-17,Entertainment,-442.07
4993,77,2025-05-05,Travel,-1254.87
4994,299,2024-02-25,Utilities,-2304.5
4995,16,2024-12-16,Utilities,-1174.98
4996,117,2024-07-19,ATM Withdrawal,-284.24
4997,334,2025-05-08,Utilities,-1538.15
4998,10,2024-10-28,Travel,-1217.92
4999,463,2024-11-24,GROCERIES,-1391.9
5000,190,2025-02-15,Transfer,3424.79
5001,187,2024-05-11,groceries,-940.76
5002,252,2024-10-23,Utilities,-273.52
5003,300,2025-02-25,Shopping,-1374.02
5004,216,2025-02-27,Shopping,-1350.42
5005,414,2024-05-04,Entertainment,-966.25
5006,451,2025-04-01,ATM Withdrawal,-1872.38
5007,94,2024-03-29,Transfer,1889.92
5008,331,2024-05-24,Utilities,-1314.26
5009,141,2025-04-11,GROCERIES,-1741.0
5010,466,2024-12-01,ATM Withdrawal,-712.15
5011,119,2024-10-22,Dining,-36.18
5012,139,2024-10-30,Transfer,-5465.94
5013,335,2025-06-12,Healthcare,-2724.62
5014,370,2024-05-03,Utilities,-651.25
5015,61,2024-06-12,Transfer,6353.96
5016,261,2024-09-23,Travel,-982.8
5017,162,2025-04-05,Utilities,-1535.95
5018,287,2024-10-25,Travel,-220.44
5019,261,2025-01-30,Salary Credit,41853.42
5020,462,2025-03-21,Healthcare,-1270.98
5021,437,2025-05-01,Utilities,-294.71
5022,307,2024-09-08,ATM Withdrawal,-4031.08
5023,318,2024-09-06,Utilities,-655.22
5024,421,2024-02-14,dining ,-1746.31
5025,86,2024-02-13,Salary Credit,56941.34
5026,340,2024-09-22,Transfer,-1316.84
5027,362,2025-02-12,ATM Withdrawal,-1292.43
5028,60,2025-04-01,Healthcare,-453.88
5029,413,2024-08-10,groceries,-902.11
5030,328,2024-11-07,shopping,-2709.2
5031,163,2025-03-18,,-70.08
5032,227,2024-06-22,Transfer,-2527.49
5033,230,2024-03-27,groceries,-2868.25
5034,430,2025-05-16,Dining,-1043.19
5035,454,2024-10-24,Transfer,-6167.62
5036,378,2024-03-25,Utilities,-778.08
5037,306,2024-05-17,ATM Withdrawal,-1244.37
5038,49,2024-06-27,Healthcare,-24.41
5039,429,2024-04-19,Shopping,-3051.29
5040,63,2024-08-26,shopping,-1495.33
5041,79,2025-03-18,Healthcare,-2517.32
5042,33,2025-02-06,ATM Withdrawal,-273.72
5043,444,2025-05-14,dining ,-1150.47
5044,231,2025-03-31,Transfer,4493.31
5045,111,2024-06-18,Shopping,-707.44
5046,38,2024-02-01,Transfer,-1655.7
5047,193,2024-03-23,Shopping,-2288.54
5048,339,2025-03-07,Dining,-1620.53
5049,466,2024-07-04,Transfer,4477.69
5050,259,2025-01-27,groceries,-1319.95
5051,285,2024-09-06,Entertainment,-927.88
5052,392,2025-05-02,Transfer,-2027.97
5053,423,2024-10-03,Healthcare,-1037.93
5054,131,2025-05-05,GROCERIES,-882.47
5055,465,2024-05-16,Travel,-1782.83
5056,243,2025-02-27,dining ,-1704.33
5057,436,2024-10-12,Travel,-696.14
5058,55,2024-04-13,Utilities,-338.71
5059,46,2024-05-07,Shopping,-1879.34
5060,414,2024-06-20,Travel,-1370.36
5061,315,2024-03-25,Healthcare,-640.57
5062,82,2025-05-25,Utilities,-172.23
5063,419,2024-04-25,Travel,-591.75
5064,48,2024-11-22,ATM Withdrawal,-1552.76
5065,320,2024-11-07,Utilities,-2718.13
5066,96,2024-10-20,ATM Withdrawal,-1009.28
5067,34,2024-12-07,ATM Withdrawal,-450.3
5068,378,2025-05-14,ATM Withdrawal,-3141.49
5069,397,2025-06-11,ATM Withdrawal,-865.3
5070,50,2025-04-21,Transfer,-2617.67
5071,44,2024-09-07,Healthcare,-833.42
5072,288,2025-01-31,GROCERIES,-788.6
5073,14,2024-04-11,Shopping,-2343.5
5074,350,2025-04-25,Transfer,-6783.54
5075,429,2024-04-16,Groceries,-1190.14
5076,352,2024-03-03,shopping,-698.98
5077,108,2025-03-27,ATM Withdrawal,-897.67
5078,89,2025-02-16,Dining,-974.39
5079,319,2024-03-16,Travel,-1279.27
5080,29,2025-06-10,Transfer,3646.02
5081,252,2024-03-01,groceries,-1141.04
5082,211,2024-01-27,GROCERIES,-500.39
5083,349,2025-06-04,Transfer,-8027.81
5084,95,2024-05-01,Transfer,-6465.68
5085,357,2024-05-07,shopping,-800.56
5086,328,2025-03-08,Travel,-1939.32
5087,112,2024-11-26,groceries,-1469.36
5088,167,2024-10-10,Transfer,3400.93
5089,31,2025-06-22,Dining,-1447.12
5090,211,2024-02-17,Entertainment,-2715.2
5091,122,2025-05-19,Transfer,-5242.02
5092,54,2024-05-26,GROCERIES,-962.69
5093,263,2024-12-05,Salary Credit,45793.88
5094,266,2024-06-25,Entertainment,-1239.41
5095,41,2024-06-08,Entertainment,-707.58
5096,87,2024-06-23,,39070.32
5097,39,2024-10-31,Dining,-1913.94
5098,318,2025-04-23,ATM Withdrawal,-2284.81
5099,159,2024-03-02,ATM Withdrawal,-3239.25
5100,34,2024-12-26,Shopping,-1612.44
5101,90,2025-04-13,Dining,-1305.04
5102,457,2025-02-04,Entertainment,-2011.61
5103,120,2025-06-18,Shopping,-382.79
5104,321,2024-01-08,Utilities,-1778.32
5105,220,2024-07-16,dining ,-2134.89
5106,86,2024-08-20,Utilities,-2121.8
5107,144,2024-10-18,shopping,-2700.55
5108,7,2024-06-22,dining ,-661.43
5109,350,2024-05-17,Shopping,-756.89
5110,157,2025-04-09,dining ,-1006.36
5111,234,2024-05-06,Utilities,-196.0
5112,72,2025-06-03,groceries,-1684.56
5113,386,2024-01-21,Utilities,-1807.64
5114,103,2024-08-18,Travel,-1705.4
5115,266,2024-11-28,Travel,-1334.45
5116,409,2025-06-14,ATM Withdrawal,-2105.23
5117,334,2025-02-20,shopping,-1717.66
5118,283,2024-01-08,ATM Withdrawal,-657.74
5119,416,2025-02-11,Groceries,-1454.95
5120,83,2024-06-26,Travel,-902.25
5121,451,2025-04-13,GROCERIES,-1235.15
5122,261,2025-02-26,shopping,-1242.62
5123,192,2024-04-14,Salary Credit,43566.27
5124,120,2024-07-15,Transfer,2459.59
5125,349,2025-03-23,shopping,-270.33
5126,457,2025-05-16,Travel,-1591.46
5127,323,2024-11-24,dining ,-2179.46
5128,16,2024-04-29,Healthcare,-73.89
5129,220,2024-07-31,Dining,-1144.84
5130,343,2025-03-09,GROCERIES,-1909.85
5131,187,2024-11-22,groceries,-1030.0
5132,362,2024-04-19,Healthcare,-1844.41
5133,332,2024-06-04,Entertainment,-2170.51
5134,32,2024-04-17,Utilities,-1554.96
5135,262,2024-09-12,Groceries,-753.89
5136,81,2024-08-30,Transfer,8945.18
5137,228,2024-10-22,Utilities,-959.29
5138,180,2025-05-29,GROCERIES,-959.31
5139,378,2024-12-21,Shopping,-1663.4
5140,407,2024-11-15,Travel,-928.67
5141,216,2024-07-18,Utilities,-998.57
5142,252,2024-12-12,ATM Withdrawal,-863.64
5143,294,2025-06-04,ATM Withdrawal,-1037.4
5144,307,2024-01-06,shopping,-1377.27
5145,298,2024-07-09,GROCERIES,-575.43
5146,367,2024-01-31,Groceries,-1111.87
5147,460,2024-04-21,Entertainment,-388.46
5148,388,2024-02-06,dining ,-834.06
5149,64,2024-11-18,Travel,-1504.3
5150,223,2025-03-22,GROCERIES,-905.28
5151,216,2025-05-27,dining ,-1832.66
5152,239,2024-05-09,shopping,-1512.86
5153,248,2025-01-16,dining ,-740.47
5154,337,2024-06-28,ATM Withdrawal,-2278.15
5155,198,2024-06-21,Utilities,-1424.72
5156,124,2024-11-28,Transfer,3590.6
5157,215,2025-01-05,Salary Credit,28322.75
5158,400,2024-11-14,Dining,-1396.02
5159,146,2024-02-24,Transfer,-6953.61
5160,10,2024-08-11,Healthcare,-587.99
5161,457,2024-06-04,groceries,-385.54
5162,92,2024-01-03,ATM Withdrawal,-1326.48
5163,283,2024-01-23,Salary Credit,54557.32
5164,375,2024-09-02,ATM Withdrawal,-2181.74
5165,129,2024-02-24,GROCERIES,-1946.03
5166,160,2025-02-06,groceries,-3018.12
5167,132,2024-01-31,Utilities,-2031.91
5168,71,2024-05-08,groceries,-2241.0
5169,72,2025-06-21,Utilities,-1278.37
5170,88,2025-01-21,Entertainment,-887.98
5171,215,2024-10-30,Utilities,-2221.21
5172,249,2024-01-09,Travel,-317.06
5173,8,2024-01-24,dining ,-1581.41
5174,397,2025-05-09,Travel,-652.87
5175,317,2025-03-11,Transfer,5803.7
5176,34,2025-06-01,Transfer,5488.94
5177,395,2025-03-16,Travel,-1184.05
5178,15,2024-01-02,Travel,-1679.28
5179,263,2025-03-15,Dining,-1823.52
5180,218,2024-09-06,Healthcare,-59.01
5181,236,2025-01-12,Utilities,-1159.17
5182,448,2024-08-13,Utilities,-823.72
5183,434,2025-01-27,Travel,-1374.72
5184,131,2025-04-03,groceries,-825.49
5185,272,2025-06-15,Utilities,-2347.59
5186,449,2024-10-21,Healthcare,-1138.56
5187,342,2024-06-01,groceries,-2087.89
5188,416,2024-11-29,dining ,-343.05
5189,204,2024-09-29,dining ,-947.34
5190,133,2024-04-20,dining ,-646.77
5191,239,2025-01-29,Healthcare,-1554.31
5192,383,2024-02-12,ATM Withdrawal,-133.52
5193,435,2024-08-07,Entertainment,-337.95
5194,321,2025-01-12,Entertainment,-636.96
5195,331,2025-05-16,Salary Credit,49488.83
5196,240,2024-12-04,Shopping,-471.23
5197,150,2025-06-17,Shopping,-1439.02
5198,198,2025-03-29,ATM Withdrawal,-617.41
5199,233,2024-05-08,ATM Withdrawal,-377.55
5200,382,2025-04-05,Shopping,-1966.75
5201,260,2024-07-02,Travel,-1784.43
5202,372,2024-12-09,ATM Withdrawal,-1164.15
5203,13,2024-04-19,dining ,-1238.6
5204,355,2024-10-20,Shopping,-1013.22
5205,238,2025-01-05,Shopping,-270.68
5206,468,2025-05-13,Shopping,-2375.41
5207,221,2025-05-29,shopping,-1109.45
5208,224,2025-03-12,Transfer,3503.53
5209,60,2024-10-31,Transfer,6328.62
5210,378,2025-04-25,Utilities,-2230.64
5211,329,2024-02-27,Utilities,-1349.96
5212,404,2025-06-26,GROCERIES,-1524.51
5213,44,2024-04-21,Groceries,-1990.2
5214,100,2024-08-07,dining ,-1836.61
5215,411,2025-05-09,Transfer,-5962.61
5216,20,2025-01-25,Transfer,-5960.98
5217,238,2025-04-08,Dining,-1415.43
5218,190,2025-01-09,Entertainment,-1978.28
5219,440,2024-11-23,Travel,-811.43
5220,401,2024-04-04,Transfer,-11892.31
5221,420,2025-06-26,Shopping,-1523.06
5222,136,2024-12-12,ATM Withdrawal,-122.56
5223,275,2024-12-30,Utilities,-938.86
5224,328,2024-08-21,GROCERIES,-1758.71
5225,453,2025-06-02,dining ,-596.47
5226,4,2024-09-02,ATM Withdrawal,-319.89
5227,458,2024-04-13,Entertainment,-41.34
5228,167,2024-04-08,Salary Credit,43333.71
5229,61,2025-01-15,Transfer,9835.13
5230,289,2025-02-09,GROCERIES,-721.93
5231,366,2024-04-22,Transfer,4162.86
5232,61,2025-01-15,Transfer,-3838.18
5233,20,2025-06-27,Travel,-1665.26
5234,420,2024-10-17,shopping,-180.33
5235,437,2025-06-12,GROCERIES,-2702.43
5236,74,2024-03-26,Dining,-1683.59
5237,424,2024-08-07,GROCERIES,-2146.27
5238,426,2024-10-30,ATM Withdrawal,-967.91
5239,467,2024-07-14,Transfer,7798.42
5240,102,2024-02-24,GROCERIES,-1118.36
5241,271,2024-09-06,Entertainment,-414.12
5242,466,2024-07-03,Transfer,-2170.63
5243,423,2024-04-21,shopping,-819.46
5244,284,2024-07-21,Healthcare,-1404.29
5245,93,2024-08-15,Entertainment,-1053.46
5246,40,2025-04-26,Dining,-759.53
5247,122,2024-09-24,Healthcare,-1810.22
5248,31,2024-08-14,Travel,-785.04
5249,92,2024-07-31,dining ,-662.16
5250,36,2024-11-22,dining ,-2045.44
5251,357,2024-05-30,ATM Withdrawal,-1695.5
5252,277,2025-04-21,Healthcare,-97.48
5253,243,2024-08-16,Travel,-2.24
5254,379,2024-08-20,shopping,-203.04
5255,193,2024-02-04,Utilities,-1172.44
5256,189,2025-04-26,Transfer,9342.14
5257,97,2024-09-13,Groceries,-1875.44
5258,209,2024-03-15,Shopping,-2921.6
5259,82,2024-04-03,Shopping,-1381.46
5260,276,2024-07-17,Groceries,-2198.12
5261,467,2025-03-01,Healthcare,-685.92
5262,250,2024-02-21,Healthcare,-200.49
5263,140,2024-03-06,Shopping,-922.21
5264,323,2024-11-01,ATM Withdrawal,-1087.37
5265,384,2024-09-28,Transfer,-12754.6
5266,221,2025-06-05,Groceries,-1199.61
5267,118,2025-02-13,Groceries,-283.97
5268,335,2024-12-24,ATM Withdrawal,-2068.18
5269,88,2024-07-02,shopping,-516.37
5270,467,2024-12-07,ATM Withdrawal,-1329.19
5271,149,2024-11-14,shopping,-1989.56
5272,164,2024-05-31,ATM Withdrawal,-361.53
5273,341,2024-07-21,Dining,-2565.71
5274,6,2025-05-22,Dining,-2214.12
5275,95,2024-10-20,Dining,-1517.95
5276,59,2024-09-13,Travel,-2776.51
5277,184,2025-03-10,Transfer,7382.5
5278,260,2024-05-25,Transfer,5836.46
5279,85,2024-04-29,Travel,-625.94
5280,162,2025-06-22,Salary Credit,40137.75
5281,362,2025-03-13,Utilities,-3027.96
5282,440,2024-08-18,shopping,-2153.38
5283,7,2025-05-30,Healthcare,-2000.56
5284,294,2024-07-21,Dining,-637.26
5285,13,2025-01-02,Transfer,3895.9
5286,244,2024-01-20,GROCERIES,-2728.24
5287,412,2025-01-15,Utilities,-2291.62
5288,374,2024-04-07,ATM Withdrawal,-2027.39
5289,109,2024-05-11,Transfer,-7453.31
5290,122,2025-03-17,Shopping,-1120.99
5291,367,2024-04-22,Entertainment,-1638.46
5292,384,2024-09-20,Transfer,-6399.98
5293,132,2025-05-16,Salary Credit,38274.21
5294,2,2025-06-04,Utilities,-2329.45
5295,209,2024-08-29,Utilities,-588.51
5296,291,2024-02-15,Salary Credit,44763.51
5297,208,2024-06-05,ATM Withdrawal,-773.69
5298,438,2024-12-01,Travel,-1148.09
5299,381,2024-07-02,Travel,-1357.75
5300,369,2025-01-27,dining ,-3155.5
5301,10,2025-06-24,groceries,-1487.99
5302,400,2024-12-04,Shopping,-3866.97
5303,354,2024-12-06,Transfer,-4540.35
5304,186,2024-10-15,Transfer,4687.31
5305,276,2024-04-11,Healthcare,-1254.3
5306,386,2024-11-11,ATM Withdrawal,-1533.0
5307,425,2025-05-22,Dining,-2559.27
5308,258,2025-01-10,ATM Withdrawal,-445.04
5309,20,2025-02-13,Transfer,-5026.15
5310,290,2025-04-15,Salary Credit,49925.94
5311,319,2024-07-30,Shopping,-2352.07
5312,28,2024-07-02,Salary Credit,27737.75
5313,383,2025-06-12,GROCERIES,-58.53
5314,95,2024-09-07,dining ,-1236.55
5315,417,2025-02-03,dining ,-2207.37
5316,258,2024-12-12,Travel,-767.41
5317,151,2024-03-08,Entertainment,-1802.07
5318,28,2024-06-20,Dining,-2980.08
5319,9,2024-06-26,groceries,-1209.31
5320,347,2024-04-07,Transfer,6415.57
5321,177,2025-02-28,Entertainment,-1362.02
5322,394,2025-06-10,shopping,-1429.72
5323,108,2025-06-10,Travel,-1037.22
5324,431,2024-04-16,Travel,-968.58
5325,441,2024-09-01,ATM Withdrawal,-296.01
5326,48,2024-05-06,Transfer,-6839.87
5327,303,2024-02-04,Dining,-264.22
5328,440,2024-12-03,Entertainment,-464.58
5329,152,2025-04-13,ATM Withdrawal,-121.93
5330,32,2024-02-12,ATM Withdrawal,-906.46
5331,410,2024-12-15,GROCERIES,-1223.34
5332,222,2024-01-19,Entertainment,-210.27
5333,13,2025-04-04,shopping,-960.31
5334,394,2024-02-04,Utilities,-1345.56
5335,318,2024-08-25,Travel,-212.39
5336,33,2024-03-08,Utilities,-516.5
5337,122,2024-08-12,dining ,-2824.18
5338,9,2024-08-21,groceries,-562.23
5339,447,2024-10-21,Dining,-1837.58
5340,12,2025-03-27,Shopping,-743.25
5341,373,2025-06-27,ATM Withdrawal,-1380.1
5342,240,2024-07-05,ATM Withdrawal,-482.43
5343,273,2025-05-18,shopping,-511.58
5344,380,2024-08-21,groceries,-803.11
5345,419,2024-03-05,Travel,-1597.65
5346,60,2024-11-23,ATM Withdrawal,-1810.45
5347,9,2025-01-28,ATM Withdrawal,-1328.73
5348,59,2024-06-13,Utilities,-500.35
5349,320,2024-11-17,Entertainment,-2028.23
5350,267,2024-08-23,Transfer,3017.84
5351,40,2024-03-20,Entertainment,-317.79
5352,110,2024-07-29,ATM Withdrawal,-819.26
5353,252,2024-08-20,Travel,-933.98
5354,342,2024-07-05,Healthcare,-1463.99
5355,161,2025-05-13,Entertainment,-17.61
5356,445,2024-07-30,Transfer,-3618.91
5357,465,2024-12-07,Entertainment,-479.47
5358,359,2024-01-07,Entertainment,-1584.81
5359,213,2024-06-19,ATM Withdrawal,-1472.28
5360,411,2025-04-28,dining ,-273.45
5361,341,2025-05-01,Shopping,-1643.02
5362,244,2025-06-16,Salary Credit,44581.15
5363,208,2024-01-31,Transfer,3061.6
5364,390,2025-04-15,Shopping,-1731.4
5365,261,2024-05-25,shopping,-1978.49
5366,86,2024-01-04,Healthcare,-1262.03
5367,468,2024-02-20,Shopping,-3088.06
5368,32,2025-02-13,groceries,-1642.33
5369,326,2024-11-18,ATM Withdrawal,-2786.52
5370,307,2024-11-08,Utilities,-3469.66
5371,275,2025-04-25,Dining,-305.6
5372,25,2024-02-21,Salary Credit,54213.23
5373,231,2024-02-15,Healthcare,-1664.71
5374,418,2025-05-23,Utilities,-1419.06
5375,113,2024-11-26,Travel,-605.23
5376,324,2025-02-27,shopping,-397.82
5377,402,2024-10-13,ATM Withdrawal,-252.18
5378,446,2024-03-20,Travel,-3200.97
5379,242,2024-10-11,Travel,-1638.64
5380,147,2025-06-09,ATM Withdrawal,-23.26
5381,328,2024-03-05,Healthcare,-252.65
5382,228,2024-03-09,Utilities,-622.61
5383,294,2024-07-07,shopping,-2271.95
5384,348,2024-09-04,Transfer,5135.86
5385,333,2024-12-08,dining ,-1658.26
5386,114,2024-03-27,Transfer,7843.41
5387,354,2025-05-23,Utilities,-842.84
5388,254,2024-03-22,GROCERIES,-1465.9
5389,436,2024-04-19,Groceries,-1446.64
5390,309,2025-06-11,groceries,-155.73
5391,418,2024-07-24,Transfer,-2830.89
5392,459,2024-11-07,ATM Withdrawal,-927.39
5393,466,2024-08-25,Transfer,9165.27
5394,349,2024-05-21,Transfer,5347.21
5395,280,2024-10-03,Travel,-1121.06
5396,56,2025-02-27,Healthcare,-1478.98
5397,181,2024-01-07,Entertainment,-1058.64
5398,223,2025-04-22,Utilities,-1179.57
5399,366,2024-04-10,Transfer,4330.81
5400,276,2025-05-15,Transfer,5785.82
5401,206,2025-06-08,Shopping,-619.54
5402,69,2025-05-23,groceries,-2334.76
5403,335,2024-12-20,Utilities,-379.74
5404,203,2025-05-08,Healthcare,-1135.3
5405,17,2025-04-13,ATM Withdrawal,-2084.25
5406,133,2024-12-14,Transfer,7603.65
5407,412,2025-05-01,Entertainment,-644.17
5408,56,2024-07-05,,-217.26
5409,191,2025-03-30,Healthcare,-1115.23
5410,240,2025-05-19,Shopping,-3368.68
5411,40,2024-12-12,ATM Withdrawal,-1330.92
5412,78,2024-03-07,Utilities,-1350.09
5413,441,2024-04-26,Utilities,-2232.95
5414,277,2024-04-01,Utilities,-222.28
5415,99,2024-10-17,Utilities,-1529.99
5416,80,2024-08-24,Groceries,-2760.47
5417,200,2025-03-26,Utilities,-1744.19
5418,339,2024-06-03,Salary Credit,41437.8
5419,342,2024-03-31,Entertainment,-1251.62
5420,92,2024-12-01,groceries,-2146.92
5421,340,2024-03-16,Groceries,-1083.66
5422,420,2025-05-08,shopping,-1330.4
5423,106,2024-02-14,ATM Withdrawal,-3031.8
5424,13,2024-09-24,Salary Credit,35051.58
5425,449,2025-06-01,Healthcare,-1665.49
5426,245,2024-10-28,dining ,-100.18
5427,364,2025-03-16,Shopping,-2606.9
5428,150,2024-08-18,Entertainment,-1463.8
5429,141,2025-02-15,Salary Credit,39505.38
5430,106,2025-01-20,Shopping,-150.52
5431,102,2024-10-06,Healthcare,-884.83
5432,221,2024-02-24,Utilities,-1367.06
5433,50,2025-06-13,Dining,-2242.59
5434,395,2024-01-27,Groceries,-215.75
5435,240,2024-07-13,Transfer,-2526.14
5436,429,2024-12-15,Entertainment,-752.67
5437,236,2025-02-23,Dining,-502.33
5438,142,2024-10-18,Shopping,-736.9
5439,241,2024-08-06,shopping,-349.35
5440,73,2024-08-10,groceries,-1575.43
5441,386,2025-06-15,Transfer,5032.42
5442,338,2024-07-01,Travel,-1473.87
5443,69,2025-04-10,Entertainment,-41.46
5444,273,2024-01-29,Transfer,-6780.88
5445,252,2024-12-25,Utilities,-1388.51
5446,95,2025-01-05,ATM Withdrawal,-1389.44
5447,58,2025-01-03,ATM Withdrawal,-1080.03
5448,356,2024-08-17,Utilities,-957.38
5449,124,2025-01-11,Dining,-1248.43
5450,243,2024-08-30,Transfer,1459.46
5451,116,2024-11-19,ATM Withdrawal,-2617.77
5452,306,2025-05-01,ATM Withdrawal,-573.82
5453,23,2025-01-01,Utilities,-1260.04
5454,169,2025-02-05,ATM Withdrawal,-2248.68
5455,257,2025-06-12,ATM Withdrawal,-892.4
5456,206,2024-04-29,Utilities,-1413.28
5457,287,2024-11-16,Utilities,-772.11
5458,85,2024-12-24,Travel,-583.62
5459,207,2025-01-13,ATM Withdrawal,-1176.97
5460,355,2024-03-13,Dining,-1370.52
5461,157,2025-02-18,Entertainment,-2195.51
5462,74,2024-04-15,Dining,-1921.04
5463,397,2024-08-10,Transfer,-223.86
5464,365,2025-01-24,dining ,-2341.44
5465,319,2024-05-23,ATM Withdrawal,-128.49
5466,374,2024-03-09,shopping,-1976.5
5467,365,2025-01-03,ATM Withdrawal,-793.46
5468,350,2024-06-01,Healthcare,-3644.22
5469,239,2025-03-26,groceries,-668.69
5470,10,2025-05-04,Groceries,-1133.37
5471,280,2024-07-09,Groceries,-1342.47
5472,128,2025-02-06,Shopping,-981.74
5473,362,2024-05-02,Transfer,-11612.31
5474,220,2025-05-21,GROCERIES,-650.4
5475,424,2024-05-13,Transfer,3060.52
5476,279,2025-04-25,Travel,-1101.54
5477,258,2025-03-04,Healthcare,-1373.92
5478,431,2024-06-19,Travel,-583.62
5479,223,2025-03-25,Healthcare,-2058.14
5480,176,2024-12-10,Shopping,-1337.45
5481,174,2024-12-30,Healthcare,-1218.09
5482,410,2024-07-25,Salary Credit,49464.78
5483,354,2024-05-07,Utilities,-436.26
5484,77,2025-01-14,Transfer,4933.86
5485,231,2024-01-29,shopping,-2036.93
5486,174,2024-07-08,Utilities,-980.51
5487,303,2024-03-18,shopping,-914.61
5488,25,2024-01-01,Entertainment,-697.57
5489,335,2024-01-05,ATM Withdrawal,-575.84
5490,348,2024-02-21,dining ,-285.49
5491,107,2025-05-27,Transfer,795.6
5492,71,2025-02-24,Travel,-1529.19
5493,294,2025-06-23,Groceries,-4186.97
5494,121,2024-02-15,Groceries,-1374.81
5495,441,2025-06-27,groceries,-1499.48
5496,363,2024-11-22,ATM Withdrawal,-515.55
5497,447,2025-03-08,Dining,-256.44
5498,251,2025-04-12,Groceries,-3050.53
5499,440,2024-05-22,Utilities,-475.17
5500,7,2025-02-07,Entertainment,-599.89
5501,136,2024-12-18,Salary Credit,46964.46
5502,2,2024-08-13,shopping,-813.21
5503,318,2024-09-25,ATM Withdrawal,-1736.27
5504,239,2024-04-23,GROCERIES,-2610.86
5505,135,2024-04-10,Entertainment,-1532.1
5506,143,2025-05-17,dining ,-1404.22
5507,302,2025-02-02,Groceries,-1793.65
5508,85,2024-11-04,Utilities,-3634.23
5509,241,2025-01-13,GROCERIES,-3250.65
5510,288,2024-08-08,dining ,-915.63
5511,113,2024-05-16,ATM Withdrawal,-2054.82
5512,107,2025-05-28,Travel,-2807.48
5513,166,2025-06-23,groceries,-1824.09
5514,278,2024-04-27,Salary Credit,44469.36
5515,120,2025-03-13,ATM Withdrawal,-751.95
5516,178,2024-08-29,Entertainment,-1288.76
5517,255,2025-01-20,Dining,-174.16
5518,88,2024-02-29,Entertainment,-2005.8
5519,267,2024-09-18,ATM Withdrawal,-2451.83
5520,65,2024-03-09,shopping,-842.75
5521,67,2025-03-19,dining ,-794.52
5522,111,2024-08-05,Shopping,-249.48
5523,135,2024-05-23,Dining,-1620.25
5524,14,2025-01-16,ATM Withdrawal,-1190.21
5525,451,2025-06-04,ATM Withdrawal,-99.05
5526,145,2024-07-03,dining ,-3823.42
5527,377,2025-01-26,Dining,-400.47
5528,423,2025-01-10,Entertainment,-95.81
5529,375,2024-09-24,shopping,-2045.57
5530,390,2025-03-14,shopping,-1791.39
5531,47,2024-03-10,Healthcare,-557.13
5532,175,2025-04-23,Dining,-499.15
5533,350,2024-08-08,Salary Credit,48663.09
5534,270,2024-01-25,Transfer,-2888.29
5535,3,2025-06-23,Utilities,-2094.48
5536,266,2025-02-25,Utilities,-1714.67
5537,377,2025-03-20,Entertainment,-2402.83
5538,388,2024-03-21,GROCERIES,-1155.16
5539,180,2025-02-13,Dining,-1929.17
5540,111,2025-01-15,Travel,-994.55
5541,145,2025-05-06,Transfer,-6623.24
5542,139,2024-07-21,Shopping,-1522.04
5543,163,2025-05-20,Utilities,-1963.29
5544,142,2025-01-20,Travel,-1667.55
5545,214,2024-05-18,Travel,-499.96
5546,20,2024-04-26,ATM Withdrawal,-636.12
5547,129,2025-05-07,Entertainment,-1274.86
5548,148,2024-12-17,Utilities,-1619.73
5549,72,2024-03-05,ATM Withdrawal,-1942.38
5550,411,2024-03-09,ATM Withdrawal,-1693.82
5551,317,2025-03-27,Transfer,7754.35
5552,427,2024-04-02,Shopping,-471.86
5553,263,2024-04-29,GROCERIES,-2336.93
5554,52,2024-11-30,ATM Withdrawal,-2396.97
5555,424,2025-04-15,Salary Credit,44919.19
5556,215,2024-07-02,Salary Credit,39815.77
5557,321,2024-12-28,Utilities,-573.56
5558,179,2025-01-18,Groceries,-215.4
5559,232,2024-11-23,Dining,-369.64
5560,230,2025-01-08,Dining,-1037.59
5561,134,2024-05-04,dining ,-696.52
5562,260,2024-12-04,Dining,-248.92
5563,344,2024-01-02,groceries,-764.79
5564,10,2025-02-02,dining ,-1283.6
5565,62,2025-03-07,Healthcare,-894.8
5566,395,2025-03-08,shopping,-394.57
5567,267,2024-01-17,Utilities,-952.07
5568,456,2025-05-11,ATM Withdrawal,-2230.89
5569,283,2024-08-24,shopping,-1164.35
5570,306,2024-02-13,groceries,-1488.63
5571,421,2024-10-18,Shopping,-1362.74
5572,310,2024-11-07,Utilities,-1647.63
5573,155,2024-08-07,shopping,-1416.53
5574,248,2025-02-12,dining ,-1288.75
5575,111,2024-10-23,Shopping,-1886.97
5576,157,2024-04-28,Dining,-2080.09
5577,319,2024-12-03,Utilities,-2444.97
5578,70,2024-05-23,ATM Withdrawal,-451.28
5579,315,2024-03-05,Dining,-1424.49
5580,274,2024-05-25,Travel,-244.84
5581,145,2025-05-08,groceries,-766.73
5582,22,2024-11-07,ATM Withdrawal,-1022.72
5583,330,2024-06-22,Shopping,-1866.82
5584,386,2024-07-18,Transfer,-4646.62
5585,342,2025-04-13,shopping,-1805.53
5586,197,2024-12-29,Healthcare,-889.41
5587,306,2025-02-25,dining ,-680.07
5588,195,2024-11-28,ATM Withdrawal,-478.07
5589,168,2025-06-24,Travel,-1821.65
5590,154,2024-12-24,Travel,-859.45
5591,99,2024-08-06,,-983.84
5592,454,2024-05-17,Healthcare,-1772.17
5593,312,2024-01-26,Transfer,5579.57
5594,82,2025-02-22,Utilities,-183.8
5595,405,2025-05-23,,-1213.26
5596,71,2024-12-27,dining ,-1383.37
5597,278,2024-09-22,Salary Credit,44730.51
5598,78,2024-03-12,Travel,-412.35
5599,170,2024-12-16,dining ,-59.04
5600,309,2024-04-19,GROCERIES,-1887.76
5601,468,2024-12-05,Entertainment,-1093.19
5602,465,2024-06-13,groceries,-980.3
5603,420,2025-04-16,Utilities,-548.12
5604,111,2025-05-25,dining ,-2005.11
5605,44,2024-05-07,Shopping,-808.74
5606,424,2024-06-26,dining ,-2538.97
5607,433,2025-05-17,ATM Withdrawal,-2306.61
5608,131,2024-01-11,Dining,-2482.77
5609,9,2024-10-08,Dining,-2071.21
5610,304,2024-03-18,Dining,-654.36
5611,36,2024-08-23,Utilities,-1247.2
5612,19,2024-01-18,Salary Credit,43375.47
5613,439,2024-03-17,Dining,-1954.35
5614,232,2024-08-07,ATM Withdrawal,-1190.46
5615,53,2024-02-02,Travel,-981.08
5616,307,2025-03-10,Dining,-2692.23
5617,173,2024-11-11,Dining,-905.32
5618,251,2024-09-02,shopping,-638.01
5619,421,2024-09-14,Travel,-838.25
5620,112,2025-04-02,shopping,-2164.11
5621,303,2025-04-05,Transfer,5563.35
5622,388,2024-01-26,GROCERIES,-1612.61
5623,199,2025-01-08,Travel,-1412.4
5624,455,2024-09-12,Travel,-773.61
5625,210,2025-03-02,dining ,-238.07
5626,215,2025-03-04,Travel,-949.11
5627,414,2025-01-21,shopping,-1483.27
5628,298,2025-01-02,Shopping,-314.12
5629,407,2024-04-25,ATM Withdrawal,-286.37
5630,370,2025-04-09,GROCERIES,-918.93
5631,334,2025-01-16,Shopping,-2393.65
5632,114,2024-05-29,Transfer,-2954.65
5633,187,2024-05-06,shopping,-2761.81
5634,405,2024-09-29,ATM Withdrawal,-177.34
5635,289,2024-07-05,Shopping,-835.21
5636,132,2025-01-03,Shopping,-150.68
5637,154,2024-08-09,Groceries,-927.69
5638,364,2024-04-01,Salary Credit,43910.99
5639,84,2024-08-03,shopping,-2649.6
5640,53,2025-03-20,groceries,-1848.61
5641,359,2025-03-28,dining ,-45.19
5642,135,2024-06-18,groceries,-517.17
5643,359,2025-03-09,shopping,-1649.71
5644,250,2024-02-20,Groceries,-732.35
5645,467,2025-06-20,Transfer,-2830.69
5646,246,2025-02-21,Healthcare,-2266.3
5647,406,2024-01-23,Healthcare,-380.8
5648,399,2025-01-19,Dining,-870.32
5649,100,2024-09-26,shopping,-1767.7
5650,467,2025-04-26,Entertainment,-137.73
5651,350,2024-05-10,ATM Withdrawal,-2368.29
5652,51,2025-05-01,Utilities,-289.51
5653,3,2025-04-19,Transfer,2920.07
5654,128,2024-05-31,shopping,-1266.1
5655,8,2024-08-23,ATM Withdrawal,-821.47
5656,168,2024-12-15,Healthcare,-1913.05
5657,467,2024-05-10,Healthcare,-268.92
5658,225,2025-06-28,shopping,-634.61
5659,12,2024-04-14,Dining,-735.19
5660,232,2024-05-12,Salary Credit,49288.51
5661,103,2024-09-29,Salary Credit,42122.02
5662,401,2024-09-14,shopping,-1220.85
5663,43,2024-01-28,Travel,-1232.61
5664,361,2025-05-11,Shopping,-728.91
5665,209,2024-05-10,Shopping,-2720.66
5666,9,2024-02-26,Healthcare,-277.23
5667,316,2024-10-09,Transfer,7108.9
5668,213,2025-05-20,Travel,-2348.22
5669,362,2024-01-02,shopping,-1075.53
5670,290,2024-09-23,Shopping,-1254.76
5671,369,2025-05-11,shopping,-1677.33
5672,216,2025-05-01,Groceries,-865.87
5673,4,2024-04-03,ATM Withdrawal,-506.49
5674,62,2024-12-04,ATM Withdrawal,-975.56
5675,215,2025-03-31,shopping,-2681.22
5676,187,2024-12-31,Entertainment,-1711.96
5677,372,2024-12-24,Healthcare,-1269.42
5678,193,2025-02-25,Transfer,4566.81
5679,403,2024-09-04,Entertainment,-1226.53
5680,88,2024-02-06,shopping,-811.9
5681,181,2024-12-14,Entertainment,-1629.76
5682,354,2024-12-08,Healthcare,-717.48
5683,59,2025-04-09,Salary Credit,42477.75
5684,151,2025-05-18,Dining,-1991.07
5685,352,2024-07-03,dining ,-1025.12
5686,276,2025-06-05,Shopping,-1708.73
5687,365,2024-01-06,ATM Withdrawal,-1783.15
5688,242,2025-06-11,shopping,-1130.96
5689,403,2024-03-15,Transfer,3951.46
5690,411,2024-12-17,Transfer,1710.83
5691,457,2025-01-07,Dining,-1748.19
5692,58,2024-12-11,GROCERIES,-1731.56
5693,277,2025-06-24,ATM Withdrawal,-309.13
5694,54,2024-10-28,Utilities,-1556.77
5695,108,2024-03-12,Healthcare,-1394.71
5696,141,2024-11-27,Entertainment,-2041.96
5697,303,2024-06-07,Shopping,-3148.94
5698,202,2024-11-29,Shopping,-1717.34
5699,405,2024-07-26,Transfer,-2927.62
5700,140,2024-01-24,Entertainment,-1869.05
5701,289,2024-12-13,Shopping,-262.25
5702,358,2024-02-18,Healthcare,-3199.25
5703,459,2024-06-27,shopping,-96.25
5704,115,2024-12-03,Groceries,-1594.67
5705,344,2025-04-25,shopping,-1201.68
5706,40,2024-06-20,Transfer,3570.19
5707,255,2024-06-11,Healthcare,-2425.62
5708,194,2024-06-13,groceries,-1709.81
5709,449,2024-11-09,Travel,-1062.88
5710,362,2024-04-15,shopping,-2758.98
5711,434,2024-10-14,Entertainment,-1093.19
5712,399,2025-03-12,ATM Withdrawal,-1861.39
5713,193,2024-02-13,Dining,-6.36
5714,344,2025-06-09,Entertainment,-41.72
5715,15,2024-10-16,ATM Withdrawal,-1838.78
5716,262,2024-12-08,Entertainment,-1477.25
5717,23,2024-12-02,Transfer,11440.2
5718,339,2025-05-30,groceries,-565.21
5719,453,2024-12-28,Healthcare,-1808.15
5720,319,2025-04-26,Shopping,-978.84
5721,394,2024-06-04,Healthcare,-1963.41
5722,110,2024-04-28,Dining,-1891.92
5723,466,2024-12-16,Transfer,-2778.39
5724,258,2024-03-24,Utilities,-894.71
5725,316,2024-03-01,GROCERIES,-198.5
5726,361,2024-04-25,Healthcare,-1528.31
5727,300,2024-05-27,Utilities,-1328.0
5728,149,2024-02-22,GROCERIES,-676.99
5729,287,2025-02-01,Entertainment,-2013.69
5730,307,2024-11-13,Travel,-1992.16
5731,402,2024-04-19,shopping,-250.89
5732,226,2024-06-03,Healthcare,-1724.61
5733,235,2025-05-21,Shopping,-172.94
5734,236,2025-05-12,GROCERIES,-859.52
5735,54,2024-03-08,ATM Withdrawal,-1889.36
5736,43,2024-11-30,ATM Withdrawal,-322.37
5737,10,2024-06-25,Dining,-2484.24
5738,312,2024-07-14,Shopping,-1431.22
5739,197,2024-11-22,Utilities,-1616.44
5740,406,2025-06-20,groceries,-2169.5
5741,329,2024-11-13,Utilities,-2001.43
5742,67,2025-06-03,Entertainment,-1922.91
5743,47,2025-03-23,Utilities,-608.04
5744,172,2025-02-28,Dining,-200.17
5745,432,2025-03-06,Healthcare,-945.95
5746,23,2025-03-07,Travel,-1626.97
5747,88,2024-05-19,Healthcare,-42.97
5748,14,2025-06-16,Entertainment,-1724.57
5749,194,2025-05-15,shopping,-1537.02
5750,464,2024-11-23,Travel,-1036.37
5751,320,2025-01-22,groceries,-1255.37
5752,231,2025-04-24,Dining,-1258.6
5753,68,2024-03-24,dining ,-1597.45
5754,167,2024-02-05,shopping,-1871.78
5755,246,2025-06-26,Travel,-3784.29
5756,129,2024-10-28,Transfer,5507.24
5757,330,2025-01-28,Utilities,-620.3
5758,459,2024-09-30,Travel,-515.57
5759,97,2024-10-08,groceries,-67.17
5760,119,2024-01-21,Utilities,-518.37
5761,60,2024-06-06,Transfer,-3815.38
5762,340,2024-02-17,ATM Withdrawal,-1566.06
5763,217,2024-08-23,Travel,-541.15
5764,133,2024-01-12,Shopping,-1609.9
5765,103,2025-03-13,shopping,-1985.17
5766,33,2024-06-09,Entertainment,-838.01
5767,223,2025-02-07,Travel,-1591.48
5768,320,2024-01-30,ATM Withdrawal,-803.64
5769,110,2024-01-19,Dining,-91.32
5770,1,2024-08-18,Travel,-1698.33
5771,222,2025-03-05,Shopping,-1571.47
5772,317,2025-03-18,Groceries,-1734.11
5773,162,2024-10-23,shopping,-2059.98
5774,118,2024-11-30,shopping,-976.07
5775,73,2025-01-10,dining ,-1042.37
5776,350,2025-01-02,Healthcare,-943.61
5777,404,2025-02-07,groceries,-1510.76
5778,361,2024-01-18,Entertainment,-1075.13
5779,243,2024-08-21,Shopping,-1313.32
5780,339,2025-04-02,dining ,-551.42
5781,186,2024-08-27,,-275.16
5782,12,2024-03-20,ATM Withdrawal,-382.15
5783,173,2024-12-28,Transfer,-6249.77
5784,330,2024-06-13,ATM Withdrawal,-1161.42
5785,303,2024-10-05,Travel,-755.82
5786,464,2024-10-08,dining ,-1797.0
5787,467,2025-01-14,Transfer,3515.68
5788,114,2025-05-21,Entertainment,-224.41
5789,5,2025-01-13,Travel,-2050.61
5790,129,2025-06-27,Transfer,5046.29
5791,411,2024-01-11,Salary Credit,43532.99
5792,381,2025-03-02,shopping,-2115.98
5793,47,2024-08-15,Salary Credit,42899.63
5794,76,2025-02-01,GROCERIES,-1557.36
5795,264,2024-02-16,Groceries,-1344.24
5796,310,2024-10-14,ATM Withdrawal,-4120.05
5797,460,2024-01-17,Healthcare,-1079.14
5798,354,2024-12-28,shopping,-2043.13
5799,100,2024-04-28,groceries,-974.41
5800,18,2024-03-19,GROCERIES,-1605.04
5801,297,2024-02-13,shopping,-1023.62
5802,260,2024-05-26,ATM Withdrawal,-1915.86
5803,432,2025-06-07,dining ,-1113.89
5804,270,2025-06-20,groceries,-1653.15
5805,235,2024-02-13,ATM Withdrawal,-519.6
5806,143,2025-06-17,groceries,-483.03
5807,41,2024-11-16,Travel,-493.86
5808,411,2024-06-25,ATM Withdrawal,-1529.22
5809,387,2025-05-28,GROCERIES,-615.91
5810,77,2024-05-11,Travel,-3175.95
5811,330,2024-04-09,Groceries,-774.91
5812,171,2024-05-05,Utilities,-2321.76
5813,205,2024-03-20,Entertainment,-2229.93
5814,398,2024-09-21,ATM Withdrawal,-978.59
5815,395,2024-03-17,Groceries,-536.94
5816,90,2024-05-01,GROCERIES,-1078.78
5817,144,2024-07-21,Utilities,-2221.41
5818,385,2024-12-19,Entertainment,-3256.94
5819,430,2025-04-12,ATM Withdrawal,-88.65
5820,38,2024-02-10,Salary Credit,45114.22
5821,391,2024-12-09,dining ,-655.93
5822,229,2024-02-26,Entertainment,-874.45
5823,277,2025-06-23,Transfer,2691.28
5824,36,2024-05-30,Dining,-246.66
5825,319,2025-04-11,Travel,-1381.82
5826,318,2025-02-27,Travel,-1541.62
5827,311,2024-06-25,Shopping,-821.03
5828,371,2024-06-25,Travel,-586.78
5829,443,2024-06-21,dining ,-1344.31
5830,398,2024-09-13,ATM Withdrawal,-14.91
5831,349,2024-08-28,ATM Withdrawal,-1579.59
5832,460,2024-12-23,Travel,-887.06
5833,316,2024-09-10,shopping,-2448.31
5834,315,2025-03-05,GROCERIES,-1486.57
5835,254,2024-09-11,Shopping,-1061.88
5836,360,2024-06-16,Transfer,-4310.91
5837,34,2024-06-27,Shopping,-540.34
5838,237,2025-02-02,Entertainment,-1088.3
5839,200,2024-03-17,ATM Withdrawal,-1017.08
5840,428,2024-06-04,Transfer,4429.11
5841,34,2024-06-18,shopping,-2485.48
5842,302,2024-12-17,Dining,-957.96
5843,87,2024-03-11,Entertainment,-440.48
5844,414,2024-09-02,ATM Withdrawal,-298.24
5845,399,2025-01-02,Entertainment,-798.67
5846,111,2025-05-20,Salary Credit,36623.71
5847,408,2024-08-26,shopping,-31.87
5848,233,2025-06-19,groceries,-919.42
5849,455,2024-11-27,Travel,-2224.46
5850,342,2025-02-25,Shopping,-2041.52
5851,17,2024-05-12,Healthcare,-46.21
5852,95,2025-05-13,Transfer,-5110.06
5853,189,2024-05-21,shopping,-1580.83
5854,99,2024-03-15,Travel,-1726.22
5855,62,2024-02-13,GROCERIES,-2643.3
5856,458,2024-12-22,Utilities,-147.29
5857,407,2024-12-08,Healthcare,-402.76
5858,204,2024-04-18,ATM Withdrawal,-603.65
5859,101,2025-04-23,shopping,-1529.72
5860,86,2024-05-30,Entertainment,-1249.66
5861,429,2024-11-28,groceries,-994.2
5862,156,2024-10-11,Healthcare,-404.15
5863,6,2024-11-18,ATM Withdrawal,-1197.91
5864,186,2025-02-08,GROCERIES,-3063.07
5865,213,2025-05-20,ATM Withdrawal,-2010.9
5866,292,2025-01-28,groceries,-96.39
5867,159,2025-05-09,Salary Credit,41650.92
5868,432,2025-04-18,Utilities,-399.2
5869,302,2024-07-14,Dining,-2365.11
5870,462,2024-10-31,Salary Credit,27385.5
5871,172,2024-04-17,Travel,-804.69
5872,305,2025-05-19,groceries,-573.1
5873,171,2025-06-11,Transfer,-9975.61
5874,328,2025-04-28,Dining,-209.56
5875,349,2025-02-08,Salary Credit,35445.76
5876,151,2025-04-07,Salary Credit,57764.26
5877,439,2025-03-08,Groceries,-1110.37
5878,402,2024-05-05,Healthcare,-1042.04
5879,419,2024-05-23,Travel,-637.19
5880,102,2024-10-16,Dining,-1198.04
5881,336,2024-08-17,Travel,-813.75
5882,50,2025-02-05,Salary Credit,39123.07
5883,50,2025-02-05,groceries,-61.28
5884,456,2025-06-15,Utilities,-1236.23
5885,72,2025-03-05,shopping,-662.66
5886,405,2024-01-07,ATM Withdrawal,-777.79
5887,202,2024-07-04,Utilities,-1793.7
5888,143,2024-06-27,Travel,-744.86
5889,35,2024-12-11,Dining,-1101.09
5890,316,2024-07-05,Utilities,-2706.33
5891,338,2025-06-17,ATM Withdrawal,-1545.27
5892,219,2024-06-06,Utilities,-714.22
5893,380,2024-08-26,Utilities,-212.56
5894,152,2025-03-21,Utilities,-1080.64
5895,259,2024-07-19,Salary Credit,51301.71
5896,135,2024-01-25,shopping,-668.91
5897,273,2024-06-30,Travel,-1161.02
5898,64,2024-07-14,Salary Credit,40075.33
5899,223,2024-11-29,Salary Credit,41738.12
5900,258,2025-01-22,GROCERIES,-50.36
5901,261,2024-10-26,Utilities,-1389.35
5902,210,2024-08-09,dining ,-1275.32
5903,302,2024-10-01,Transfer,-9242.11
5904,240,2024-03-19,Utilities,-1239.01
5905,133,2024-04-08,Utilities,-499.77
5906,101,2024-11-28,shopping,-2448.17
5907,304,2025-04-16,Shopping,-1468.94
5908,440,2024-10-11,Transfer,4759.7
5909,353,2024-02-02,Travel,-1276.52
5910,299,2025-06-19,Utilities,-361.36
5911,432,2024-06-25,Salary Credit,43776.12
5912,422,2025-02-11,ATM Withdrawal,-938.51
5913,238,2025-05-04,Healthcare,-1456.92
5914,52,2025-06-21,Salary Credit,53362.11
5915,297,2024-03-04,Shopping,-2005.33
5916,292,2024-04-11,Groceries,-1596.02
5917,130,2024-12-17,Healthcare,-415.24
5918,398,2025-02-19,ATM Withdrawal,-744.56
5919,408,2025-03-30,Dining,-503.9
5920,155,2024-10-27,Shopping,-2109.86
5921,224,2024-03-27,shopping,-1027.55
5922,92,2025-01-23,Dining,-1003.49
5923,84,2024-12-30,ATM Withdrawal,-518.84
5924,125,2024-09-11,ATM Withdrawal,-2273.63
5925,172,2024-12-13,Dining,-1227.53
5926,128,2024-04-25,Healthcare,-1033.14
5927,71,2025-03-17,Healthcare,-1248.83
5928,210,2024-01-25,dining ,-1317.91
5929,292,2025-04-02,Travel,-1014.87
5930,153,2025-04-01,Entertainment,-2272.45
5931,250,2025-01-09,Travel,-2263.2
5932,127,2025-03-20,Healthcare,-1220.65
5933,330,2025-05-12,dining ,-436.21
5934,304,2024-03-29,ATM Withdrawal,-1430.44
5935,450,2024-10-23,shopping,-600.51
5936,25,2024-12-17,Utilities,-2420.57
5937,400,2025-05-28,ATM Withdrawal,-2550.02
5938,160,2025-02-06,GROCERIES,-1784.86
5939,31,2024-11-19,dining ,-92.11
5940,323,2024-10-30,Dining,-717.4
5941,81,2024-03-19,groceries,-956.47
5942,83,2024-06-21,groceries,-380.39
5943,459,2024-08-24,Utilities,-864.45
5944,104,2025-04-25,dining ,-1346.62
5945,257,2025-04-14,GROCERIES,-1611.82
5946,94,2024-12-16,dining ,-2296.51
5947,59,2024-02-27,Transfer,4727.18
5948,1,2025-01-27,GROCERIES,-867.67
5949,8,2024-09-07,ATM Withdrawal,-21.43
5950,222,2024-12-21,Groceries,-1450.56
5951,204,2024-08-24,Groceries,-730.63
5952,19,2025-01-28,Travel,-950.65
5953,164,2024-04-28,Travel,-629.36
5954,128,2024-03-20,Shopping,-654.84
5955,268,2024-04-29,ATM Withdrawal,-1784.87
5956,466,2025-05-17,Utilities,-1087.8
5957,324,2024-02-11,dining ,-2544.9
5958,430,2024-06-04,Transfer,8548.76
5959,90,2024-07-05,Dining,-695.47
5960,101,2025-03-31,Transfer,-4631.87
5961,352,2024-07-14,Shopping,-1584.32
5962,146,2025-05-01,Utilities,-2063.25
5963,398,2025-06-22,Utilities,-2098.72
5964,218,2024-12-20,Travel,-2081.25
5965,94,2024-07-05,Shopping,-952.39
5966,396,2024-11-22,Healthcare,-2771.17
5967,258,2024-12-30,Utilities,-1693.25
5968,376,2024-02-29,Healthcare,-1508.56
5969,212,2025-03-29,dining ,-1193.23
5970,60,2024-08-25,GROCERIES,-820.56
5971,319,2025-04-05,Shopping,-881.73
5972,59,2024-11-29,Healthcare,-1736.66
5973,311,2025-04-14,Shopping,-1440.09
5974,196,2024-02-14,Transfer,9389.07
5975,371,2024-01-24,Shopping,-7.41
5976,408,2024-03-01,Entertainment,-53.38
5977,191,2025-04-21,Transfer,-1621.79
5978,413,2025-06-25,ATM Withdrawal,-1563.86
5979,52,2025-06-28,Salary Credit,47619.14
5980,51,2024-06-30,Shopping,-432.89
5981,465,2024-05-24,Healthcare,-628.33
5982,269,2024-07-09,Shopping,-1160.32
5983,211,2025-03-21,Utilities,-202.35
5984,73,2024-05-17,Entertainment,-1882.78
5985,136,2024-10-25,ATM Withdrawal,-2573.65
5986,322,2024-12-18,Shopping,-1004.23
5987,385,2024-07-15,ATM Withdrawal,-1476.07
5988,429,2024-09-14,Utilities,-1261.75
5989,191,2024-12-28,Travel,-2394.86
5990,213,2025-03-06,Dining,-2910.97
5991,77,2024-04-13,Entertainment,-842.32
5992,39,2024-10-06,ATM Withdrawal,-1193.31
5993,205,2024-03-25,Transfer,5915.71
5994,272,2024-01-09,Utilities,-343.7
5995,49,2024-12-17,Healthcare,-463.87
5996,192,2024-09-20,Utilities,-626.77
5997,301,2024-05-21,Utilities,-1459.42
5998,380,2024-01-31,Healthcare,-809.69
5999,440,2025-05-30,ATM Withdrawal,-215.08
6000,160,2025-03-26,Healthcare,-642.11
6001,184,2025-05-24,Salary Credit,59329.54
6002,410,2024-03-02,dining ,-148.7
6003,325,2024-01-08,Travel,-881.1
6004,129,2024-04-28,Entertainment,-699.88
6005,321,2024-02-24,Shopping,-2924.98
6006,74,2024-09-07,ATM Withdrawal,-160.81
6007,211,2024-12-17,Dining,-457.69
6008,144,2024-04-16,Travel,-1222.74
6009,465,2024-08-04,Transfer,5388.91
6010,17,2024-10-20,Healthcare,-2174.97
6011,401,2024-06-21,Utilities,-2082.0
6012,132,2024-09-08,Dining,-532.01
6013,17,2024-11-17,GROCERIES,-1447.75
6014,309,2025-06-03,GROCERIES,-1009.85
6015,318,2024-06-18,Transfer,7934.07
6016,67,2024-02-18,Shopping,-1394.67
6017,18,2025-04-18,Utilities,-2600.78
6018,53,2024-11-10,Transfer,-6313.72
6019,192,2024-09-14,Transfer,-3256.6
6020,62,2025-01-27,Utilities,-1247.23
6021,330,2025-06-18,Entertainment,-1556.36
6022,37,2024-03-10,shopping,-1639.46
6023,370,2025-04-14,Dining,-2559.57
6024,410,2024-12-12,Entertainment,-1725.58
6025,336,2024-11-15,dining ,-78.33
6026,442,2025-04-16,Healthcare,-1654.8
6027,440,2024-06-14,Salary Credit,51434.09
6028,22,2025-03-05,Entertainment,-621.6
6029,161,2024-11-06,dining ,-800.47
6030,356,2025-05-24,,-1879.8
6031,159,2024-09-11,Entertainment,-1175.15
6032,345,2025-01-27,Transfer,8192.38
6033,363,2024-09-28,Entertainment,-1340.94
6034,467,2024-08-02,Utilities,-789.81
6035,155,2024-07-23,Salary Credit,45243.16
6036,163,2025-05-16,Travel,-817.47
6037,12,2025-04-01,Utilities,-1730.24
6038,134,2024-05-02,Shopping,-1557.27
6039,132,2025-04-16,ATM Withdrawal,-328.31
6040,213,2024-11-14,shopping,-1355.25
6041,198,2024-02-26,dining ,-1659.23
6042,401,2025-02-21,Transfer,-7854.36
6043,363,2024-03-29,Healthcare,-256.88
6044,341,2025-04-20,Utilities,-1036.54
6045,3,2024-09-04,Transfer,1760.4
6046,221,2025-05-14,Entertainment,-2239.08
6047,342,2024-09-20,Dining,-1286.93
6048,115,2024-02-16,ATM Withdrawal,-1099.4
6049,199,2025-02-21,Healthcare,-1084.75
6050,341,2025-01-30,ATM Withdrawal,-1632.22
6051,372,2024-06-13,groceries,-2136.61
6052,400,2024-04-21,Salary Credit,42670.54
6053,202,2025-04-15,,6193.58
6054,188,2025-02-28,Salary Credit,27412.25
6055,180,2024-06-11,GROCERIES,-562.79
6056,313,2025-01-16,Groceries,-1591.95
6057,197,2024-05-11,Transfer,8701.55
6058,188,2024-04-08,shopping,-2423.17
6059,79,2024-12-27,Healthcare,-97.8
6060,224,2025-03-29,Travel,-2099.47
6061,112,2025-05-15,Transfer,-6238.2
6062,246,2024-09-08,groceries,-617.86
6063,416,2024-03-19,Transfer,3388.61
6064,364,2024-10-23,Entertainment,-1297.48
6065,224,2025-01-06,Utilities,-987.67
6066,458,2025-06-13,Utilities,-751.74
6067,459,2024-03-02,Entertainment,-964.84
6068,208,2024-12-23,Transfer,-6772.49
6069,358,2024-10-06,shopping,-1631.94
6070,161,2024-11-16,Travel,-1670.77
6071,412,2024-02-20,Entertainment,-867.56
6072,175,2024-01-10,ATM Withdrawal,-1218.25
6073,121,2024-11-26,Travel,-1124.48
6074,63,2024-04-18,Shopping,-2022.27
6075,395,2024-11-30,GROCERIES,-720.01
6076,139,2024-01-15,Transfer,-2728.42
6077,381,2025-03-12,Transfer,-7462.59
6078,41,2024-06-30,Utilities,-1619.34
6079,235,2024-09-02,Utilities,-2621.41
6080,201,2024-07-06,Dining,-3079.57
6081,206,2024-08-15,dining ,-2307.59
6082,79,2024-10-16,Healthcare,-527.39
6083,35,2024-12-17,Transfer,-7493.29
6084,163,2025-01-10,Travel,-1299.21
6085,221,2025-06-23,Groceries,-693.93
6086,372,2024-04-07,GROCERIES,-532.99
6087,217,2025-04-20,ATM Withdrawal,-1442.35
6088,116,2024-11-23,Dining,-1935.16
6089,123,2024-06-17,Utilities,-2441.39
6090,287,2025-05-14,Healthcare,-1806.7
6091,204,2025-01-20,Shopping,-1716.54
6092,422,2024-04-10,Transfer,-5649.57
6093,206,2024-04-05,Groceries,-145.4
6094,266,2024-12-25,Utilities,-1708.73
6095,30,2025-02-01,Entertainment,-1588.54
6096,91,2024-01-25,Transfer,-10742.66
6097,398,2024-12-08,ATM Withdrawal,-1164.27
6098,162,2024-10-16,shopping,-2272.14
6099,198,2025-06-12,dining ,-773.06
6100,277,2025-02-08,shopping,-2727.33
6101,28,2025-05-10,Groceries,-2504.53
6102,238,2024-01-19,Dining,-2218.75
6103,163,2025-02-20,Shopping,-1254.21
6104,70,2024-06-30,GROCERIES,-999.99
6105,196,2024-10-28,Dining,-866.12
6106,210,2025-04-23,Dining,-324.55
6107,88,2025-04-19,Utilities,-1620.88
6108,255,2024-05-02,Entertainment,-976.47
6109,350,2024-05-10,Healthcare,-1544.41
6110,126,2025-01-28,Dining,-1352.85
6111,453,2025-04-23,Dining,-233.62
6112,287,2024-11-29,Transfer,-5288.28
6113,362,2024-01-30,Dining,-1975.98
6114,33,2024-03-30,ATM Withdrawal,-151.16
6115,360,2025-02-12,Groceries,-512.48
6116,158,2025-02-08,Salary Credit,41861.1
6117,333,2025-05-03,Dining,-1418.62
6118,377,2024-10-16,ATM Withdrawal,-1106.79
6119,118,2024-08-21,shopping,-2427.91
6120,122,2024-03-02,Dining,-2131.16
6121,28,2025-03-02,Travel,-542.17
6122,284,2025-06-01,Shopping,-3851.64
6123,363,2024-01-25,Healthcare,-1123.66
6124,192,2024-09-25,shopping,-2362.1
6125,76,2024-07-12,dining ,-943.89
6126,149,2025-02-10,Shopping,-1762.25
6127,189,2025-02-20,dining ,-2054.9
6128,429,2024-04-28,Entertainment,-153.85
6129,59,2025-06-02,Transfer,10240.76
6130,161,2024-03-15,Groceries,-496.83
6131,299,2025-03-01,shopping,-885.81
6132,111,2025-02-08,ATM Withdrawal,-655.35
6133,415,2024-03-29,dining ,-689.5
6134,426,2025-01-02,Salary Credit,40839.09
6135,178,2024-05-27,shopping,-125.42
6136,350,2024-05-29,Shopping,-1885.11
6137,354,2024-02-17,shopping,-1303.72
6138,320,2025-02-10,Shopping,-1075.54
6139,88,2025-03-16,,-2114.48
6140,24,2024-10-02,Shopping,-2789.78
6141,163,2025-02-26,ATM Withdrawal,-204.04
6142,62,2024-07-08,shopping,-2661.2
6143,137,2024-11-04,ATM Withdrawal,-1179.15
6144,299,2025-03-04,dining ,-15.84
6145,276,2024-08-22,shopping,-1571.44
6146,99,2024-12-02,Shopping,-1094.77
6147,9,2024-03-20,Utilities,-1974.49
6148,106,2024-10-03,groceries,-1330.85
6149,213,2025-04-08,Shopping,-1521.12
6150,365,2025-02-25,groceries,-808.31
6151,171,2024-06-12,Travel,-274.41
6152,134,2024-10-23,Travel,-1867.59
6153,259,2024-12-03,Salary Credit,40800.33
6154,34,2025-05-26,Healthcare,-1562.15
6155,106,2025-03-27,Entertainment,-2537.27
6156,18,2025-03-21,Healthcare,-1056.19
6157,246,2025-02-14,Healthcare,-1830.07
6158,208,2024-07-14,groceries,-1172.47
6159,273,2024-07-24,Utilities,-871.81
6160,289,2024-09-10,Utilities,-206.11
6161,185,2024-08-20,GROCERIES,-1164.54
6162,407,2025-06-05,Transfer,2387.6
6163,430,2025-04-22,Entertainment,-631.58
6164,52,2025-05-02,Salary Credit,31638.71
6165,431,2024-11-27,Entertainment,-2806.72
6166,93,2024-04-14,ATM Withdrawal,-1234.03
6167,117,2024-03-19,Travel,-92.59
6168,248,2024-05-29,GROCERIES,-658.09
6169,14,2024-12-20,Healthcare,-1209.12
6170,171,2024-07-17,ATM Withdrawal,-1603.96
6171,92,2024-12-23,Utilities,-990.1
6172,226,2025-04-24,Groceries,-3019.09
6173,382,2024-07-01,Transfer,11205.08
6174,433,2025-05-20,Transfer,3901.27
6175,100,2024-10-06,Shopping,-1544.33
6176,256,2025-03-13,Healthcare,-3.99
6177,223,2024-02-02,Travel,-2099.53
6178,195,2024-05-30,,-1354.55
6179,297,2025-05-22,Salary Credit,35343.84
6180,464,2025-04-28,ATM Withdrawal,-674.16
6181,190,2024-11-07,Entertainment,-1716.11
6182,31,2024-01-18,Transfer,4.42
6183,429,2024-02-02,Utilities,-395.84
6184,437,2024-08-18,Entertainment,-780.72
6185,151,2025-05-04,shopping,-2077.7
6186,235,2024-07-24,Groceries,-2742.93
6187,404,2025-04-26,ATM Withdrawal,-1540.86
6188,236,2024-10-18,Shopping,-1644.17
6189,226,2024-03-14,shopping,-194.91
6190,432,2024-11-01,Travel,-4346.08
6191,388,2024-07-17,groceries,-1341.67
6192,238,2024-05-02,dining ,-1145.76
6193,76,2025-01-02,Transfer,991.98
6194,206,2024-04-21,Dining,-1716.13
6195,317,2025-05-08,Salary Credit,35829.64
6196,128,2025-03-13,Shopping,-3181.96
6197,252,2025-03-02,dining ,-75.2
6198,309,2024-02-11,Utilities,-673.22
6199,40,2025-06-07,Travel,-2144.1
6200,267,2024-09-25,Entertainment,-702.19
6201,346,2025-02-03,Healthcare,-1637.71
6202,101,2024-04-14,Travel,-1947.63
6203,257,2025-02-22,Groceries,-1359.41
6204,333,2024-06-23,Salary Credit,36111.3
6205,21,2025-01-20,Travel,-491.69
6206,302,2024-05-31,shopping,-854.92
6207,122,2025-05-23,Travel,-1728.62
6208,186,2025-01-21,ATM Withdrawal,-1930.53
6209,304,2024-09-03,Utilities,-1384.6
6210,3,2024-09-05,Entertainment,-1831.95
6211,8,2024-01-01,Travel,-232.47
6212,209,2024-06-12,Utilities,-1467.93
6213,445,2025-03-06,Entertainment,-1141.6
6214,3,2025-03-29,Utilities,-1645.7
6215,370,2025-06-28,GROCERIES,-1877.04
6216,36,2024-02-16,dining ,-254.01
6217,229,2024-05-16,ATM Withdrawal,-1101.0
6218,202,2025-02-21,Shopping,-2401.03
6219,220,2024-07-15,Shopping,-1473.56
6220,39,2024-05-15,Groceries,-1109.77
6221,353,2024-06-02,dining ,-103.92
6222,130,2025-05-15,Travel,-1688.55
6223,361,2025-04-12,Travel,-51.23
6224,307,2024-01-04,Travel,-1039.44
6225,259,2025-04-03,shopping,-757.9
6226,145,2024-10-30,ATM Withdrawal,-1554.09
6227,306,2025-04-05,Salary Credit,40210.47
6228,467,2024-12-05,Salary Credit,42372.35
6229,433,2025-01-10,shopping,-380.36
6230,429,2024-11-10,dining ,-976.41
6231,103,2025-02-04,Salary Credit,46717.86
6232,274,2025-03-20,Dining,-887.35
6233,187,2024-10-03,ATM Withdrawal,-917.83
6234,453,2024-03-02,shopping,-1348.08
6235,445,2024-02-20,Shopping,-2100.99
6236,407,2024-08-14,Entertainment,-1870.15
6237,77,2024-09-14,Travel,-35.6
6238,150,2025-04-15,Groceries,-1890.65
6239,333,2024-01-19,Entertainment,-2431.07
6240,351,2025-04-29,Utilities,-1835.12
6241,164,2024-01-31,Travel,-972.16
6242,65,2024-09-28,Utilities,-1438.28
6243,65,2024-08-18,Travel,-2445.13
6244,321,2024-10-31,shopping,-796.24
6245,213,2024-01-24,Transfer,13700.44
6246,230,2025-02-20,ATM Withdrawal,-762.24
6247,382,2024-03-14,,-1331.53
6248,8,2025-02-28,Transfer,5516.25
6249,354,2024-11-04,Transfer,-5461.99
6250,129,2025-04-29,GROCERIES,-263.88
6251,436,2025-06-17,Shopping,-682.21
6252,448,2025-04-04,Groceries,-1716.3
6253,235,2024-09-03,Utilities,-702.36
6254,148,2024-08-13,Transfer,-4657.86
6255,110,2024-12-27,Transfer,6656.82
6256,85,2024-12-20,Entertainment,-1961.75
6257,468,2025-03-06,Shopping,-4557.23
6258,88,2024-09-20,Groceries,-2458.84
6259,209,2024-09-09,GROCERIES,-118.43
6260,225,2024-03-05,dining ,-3145.54
6261,318,2024-04-02,Travel,-1242.0
6262,395,2025-03-23,Shopping,-800.63
6263,262,2025-06-23,Salary Credit,46388.83
6264,355,2024-11-23,dining ,-908.4
6265,266,2024-07-06,Dining,-1453.58
6266,205,2024-02-01,Dining,-1048.12
6267,74,2024-01-24,Transfer,3553.26
6268,98,2025-01-03,Utilities,-1095.92
6269,203,2024-12-15,dining ,-2794.35
6270,22,2024-06-03,Travel,-2071.31
6271,149,2024-04-12,dining ,-1047.1
6272,217,2024-02-07,Utilities,-1625.08
6273,222,2025-01-06,Transfer,-10617.96
6274,382,2024-11-26,Utilities,-46.11
6275,453,2024-06-30,dining ,-221.27
6276,342,2025-02-03,dining ,-682.86
6277,38,2025-04-05,Groceries,-1395.47
6278,192,2024-10-08,Entertainment,-2071.55
6279,342,2024-05-23,ATM Withdrawal,-511.62
6280,279,2024-01-04,Shopping,-352.52
6281,215,2025-03-09,shopping,-19.52
6282,205,2024-11-10,Dining,-351.96
6283,190,2024-07-08,Travel,-609.82
6284,271,2024-01-04,Utilities,-747.11
6285,84,2025-03-19,Transfer,-1851.46
6286,243,2025-05-19,ATM Withdrawal,-1052.49
6287,97,2024-09-19,Utilities,-2728.26
6288,319,2024-05-25,Transfer,219.65
6289,405,2024-12-03,GROCERIES,-2112.54
6290,238,2025-04-19,Dining,-2700.92
6291,182,2024-11-16,GROCERIES,-2068.38
6292,441,2024-01-07,dining ,-1508.16
6293,309,2024-04-16,dining ,-2382.58
6294,201,2024-02-22,Entertainment,-1769.61
6295,14,2024-08-12,Utilities,-2199.63
6296,8,2024-09-03,Utilities,-1306.81
6297,104,2024-10-18,groceries,-245.72
6298,111,2025-02-17,Groceries,-2247.38
6299,338,2024-03-02,dining ,-3548.66
6300,235,2025-05-28,Groceries,-893.63
6301,468,2024-05-23,Utilities,-1220.32
6302,253,2024-10-10,dining ,-1300.8
6303,423,2024-04-24,Dining,-122.12
6304,259,2024-07-12,Salary Credit,38213.84
6305,168,2025-03-29,Healthcare,-1474.07
6306,335,2024-01-25,Groceries,-1115.5
6307,211,2024-09-20,ATM Withdrawal,-1215.05
6308,129,2024-11-14,ATM Withdrawal,-1223.86
6309,222,2024-11-06,Shopping,-1095.41
6310,312,2024-07-26,ATM Withdrawal,-510.85
6311,176,2024-07-24,Shopping,-1591.43
6312,330,2025-05-10,Entertainment,-1495.67
6313,459,2024-05-11,dining ,-407.77
6314,193,2024-09-18,Shopping,-1573.26
6315,139,2024-07-17,ATM Withdrawal,-638.91
6316,189,2025-02-21,Entertainment,-1787.78
6317,393,2025-03-15,,-1161.15
6318,84,2025-04-07,Healthcare,-1554.78
6319,456,2024-02-16,ATM Withdrawal,-1358.42
6320,194,2024-02-23,ATM Withdrawal,-1149.31
6321,394,2024-07-23,Transfer,7526.35
6322,369,2024-08-28,ATM Withdrawal,-1308.45
6323,367,2024-02-04,shopping,-1293.84
6324,426,2025-05-02,Transfer,-3938.38
6325,87,2025-05-03,groceries,-436.82
6326,278,2024-08-19,Healthcare,-1230.37
6327,47,2025-02-23,Transfer,3302.16
6328,141,2024-11-04,Salary Credit,38071.86
6329,19,2024-12-24,GROCERIES,-554.19
6330,320,2025-04-20,Utilities,-610.34
6331,285,2024-02-20,dining ,-1636.98
6332,347,2024-05-06,Dining,-1499.47
6333,83,2024-08-21,ATM Withdrawal,-1299.86
6334,156,2025-05-02,Entertainment,-2288.51
6335,317,2024-11-18,ATM Withdrawal,-3952.64
6336,387,2024-08-04,Travel,-1656.7
6337,415,2024-01-16,Healthcare,-2017.26
6338,35,2024-11-19,Entertainment,-1452.3
6339,189,2024-05-26,ATM Withdrawal,-1783.14
6340,6,2024-06-27,Travel,-261.91
6341,384,2025-06-26,ATM Withdrawal,-1234.14
6342,58,2024-10-14,Travel,-702.62
6343,385,2024-03-16,Dining,-637.87
6344,74,2024-01-27,Salary Credit,55934.94
6345,8,2024-07-30,ATM Withdrawal,-1429.82
6346,412,2024-02-05,Utilities,-848.41
6347,206,2024-08-21,Entertainment,-1712.5
6348,199,2024-08-14,Entertainment,-1517.81
6349,303,2025-04-24,shopping,-19.64
6350,129,2024-07-01,Groceries,-1622.0
6351,324,2024-05-30,Groceries,-1949.1
6352,201,2024-12-01,Salary Credit,61806.5
6353,128,2024-12-14,Transfer,4761.38
6354,185,2024-01-21,Shopping,-2724.39
6355,3,2024-02-15,groceries,-835.69
6356,142,2024-04-01,GROCERIES,-3293.82
6357,277,2025-02-27,dining ,-664.51
6358,65,2024-04-24,Salary Credit,50141.26
6359,56,2025-06-25,Shopping,-1457.97
6360,307,2024-08-28,GROCERIES,-2540.8
6361,201,2025-05-23,shopping,-2419.33
6362,64,2024-05-14,Entertainment,-261.8
6363,350,2024-08-18,Travel,-897.38
6364,363,2024-03-16,GROCERIES,-3113.7
6365,17,2025-04-06,shopping,-1289.18
6366,95,2024-11-21,Entertainment,-1932.54
6367,174,2024-02-11,GROCERIES,-236.69
6368,343,2025-02-09,dining ,-978.69
6369,35,2025-04-28,shopping,-562.18
6370,378,2025-01-08,Utilities,-2033.39
6371,150,2025-03-16,Entertainment,-1863.84
6372,59,2024-05-30,ATM Withdrawal,-2301.25
6373,405,2024-08-23,GROCERIES,-223.25
6374,41,2025-04-10,Entertainment,-1693.8
6375,61,2024-11-27,Salary Credit,45161.47
6376,445,2024-11-29,shopping,-1000.22
6377,244,2025-02-22,Dining,-1616.88
6378,217,2024-11-30,Salary Credit,55336.08
6379,322,2024-03-09,Entertainment,-2613.67
6380,295,2024-04-26,GROCERIES,-1168.19
6381,288,2025-02-28,Travel,-1946.6
6382,11,2024-05-12,Healthcare,-1690.84
6383,259,2024-12-28,Travel,-515.88
6384,131,2024-09-15,GROCERIES,-393.0
6385,378,2024-12-04,groceries,-1156.91
6386,237,2024-05-09,ATM Withdrawal,-987.82
6387,58,2024-06-18,ATM Withdrawal,-1279.39
6388,415,2025-01-10,groceries,-824.04
6389,134,2024-04-03,Dining,-1391.22
6390,128,2024-06-17,shopping,-240.25
6391,439,2025-06-27,ATM Withdrawal,-2571.18
6392,363,2024-03-23,dining ,-437.92
6393,403,2024-11-10,shopping,-1127.07
6394,310,2024-03-23,shopping,-1016.77
6395,427,2025-01-20,Groceries,-1078.09
6396,54,2024-03-10,dining ,-440.44
6397,281,2024-11-08,Entertainment,-159.95
6398,138,2024-08-27,Entertainment,-1416.32
6399,187,2025-01-11,Utilities,-1015.6
6400,112,2024-01-02,Entertainment,-1546.04
6401,96,2024-10-08,Salary Credit,31800.2
6402,208,2024-10-22,Healthcare,-2744.92
6403,430,2024-05-11,Healthcare,-1128.13
6404,298,2024-06-11,Salary Credit,20666.68
6405,164,2025-01-20,shopping,-1369.9
6406,203,2024-10-28,groceries,-775.27
6407,248,2024-11-11,shopping,-180.11
6408,115,2025-05-24,Travel,-2308.82
6409,244,2024-08-08,Salary Credit,52437.72
6410,326,2025-04-18,Groceries,-1507.59
6411,114,2025-06-14,Transfer,6514.56
6412,274,2024-11-10,Healthcare,-220.13
6413,332,2024-04-25,dining ,-1372.52
6414,244,2024-08-15,Salary Credit,54900.74
6415,137,2024-01-26,Transfer,8120.19
6416,260,2025-01-15,Shopping,-254.47
6417,372,2024-05-29,Healthcare,-1367.0
6418,104,2025-05-18,Shopping,-189.49
6419,269,2024-12-21,Utilities,-1341.35
6420,319,2024-09-23,shopping,-523.03
6421,151,2024-04-11,shopping,-416.99
6422,182,2024-02-24,Dining,-1522.3
6423,416,2025-01-01,Transfer,-2615.95
6424,171,2025-02-21,Salary Credit,47813.1
6425,280,2024-05-25,Travel,-133.35
6426,71,2024-01-06,Travel,-910.19
6427,434,2024-06-23,Travel,-183.33
6428,280,2025-02-20,Travel,-19.52
6429,356,2024-11-12,Shopping,-2253.64
6430,283,2024-02-16,Utilities,-825.28
6431,167,2024-03-03,Transfer,-2848.28
6432,160,2024-02-28,Entertainment,-1965.85
6433,329,2025-02-17,shopping,-2654.39
6434,403,2025-03-02,ATM Withdrawal,-1426.47
6435,60,2024-08-10,Healthcare,-2118.65
6436,396,2025-01-10,Dining,-703.54
6437,389,2024-01-12,Dining,-1248.94
6438,52,2024-11-02,Groceries,-1206.59
6439,51,2024-05-28,Travel,-1491.46
6440,326,2025-03-23,Utilities,-2068.17
6441,395,2024-09-23,shopping,-122.57
6442,185,2025-04-08,Shopping,-398.89
6443,300,2024-11-02,dining ,-763.25
6444,468,2024-09-06,Travel,-326.86
6445,152,2025-05-31,Groceries,-1406.82
6446,106,2025-06-26,shopping,-1395.62
6447,465,2024-09-05,Utilities,-1252.75
6448,132,2024-07-13,GROCERIES,-837.58
6449,222,2024-12-18,groceries,-2412.99
6450,207,2024-04-03,ATM Withdrawal,-1394.96
6451,245,2024-07-29,Dining,-1064.81
6452,126,2025-04-06,ATM Withdrawal,-1259.89
6453,318,2025-05-03,Transfer,5641.81
6454,324,2024-08-14,Shopping,-422.22
6455,94,2024-07-31,Groceries,-2786.56
6456,226,2025-04-21,Salary Credit,48695.75
6457,27,2024-04-20,Groceries,-163.19
6458,104,2024-02-03,Transfer,-447.63
6459,463,2024-02-09,Transfer,-8877.71
6460,237,2024-03-01,Travel,-1606.8
6461,292,2025-04-24,dining ,-1751.42
6462,416,2024-01-22,ATM Withdrawal,-1774.08
6463,335,2024-06-30,shopping,-1204.28
6464,371,2024-11-24,GROCERIES,-313.33
6465,334,2024-11-28,Transfer,-2903.36
6466,234,2025-03-29,Utilities,-1915.11
6467,297,2025-06-18,Entertainment,-1727.45
6468,136,2024-08-07,Transfer,3355.56
6469,417,2024-05-07,Utilities,-1356.48
6470,85,2024-02-19,dining ,-891.18
6471,414,2025-04-30,Travel,-1128.43
6472,412,2024-07-22,Transfer,-5396.7
6473,67,2025-05-04,GROCERIES,-500.51
6474,333,2024-07-08,Utilities,-1920.05
6475,464,2025-02-16,ATM Withdrawal,-1051.77
6476,268,2024-12-16,groceries,-1638.82
6477,160,2025-01-23,GROCERIES,-1257.13
6478,412,2024-12-21,Transfer,6628.73
6479,240,2024-06-16,Shopping,-1566.84
6480,57,2024-02-26,Shopping,-1534.15
6481,117,2024-01-06,dining ,-3075.58
6482,320,2024-08-16,Shopping,-1160.28
6483,214,2025-04-30,shopping,-1347.52
6484,102,2024-12-16,Travel,-1294.32
6485,374,2025-01-02,Healthcare,-569.39
6486,57,2024-05-21,Groceries,-1283.71
6487,103,2024-09-21,Travel,-2114.65
6488,218,2024-08-09,Entertainment,-1663.3
6489,19,2024-03-15,dining ,-2559.96
6490,182,2024-11-30,Healthcare,-1907.01
6491,426,2024-07-17,Travel,-1651.83
6492,441,2024-08-07,dining ,-1999.96
6493,409,2024-11-21,Groceries,-1528.28
6494,152,2024-01-17,Utilities,-947.43
6495,31,2025-05-25,Entertainment,-1084.33
6496,382,2024-05-01,Healthcare,-944.73
6497,175,2025-01-05,Shopping,-2635.56
6498,351,2025-02-26,GROCERIES,-1021.55
6499,56,2024-03-24,shopping,-260.89
6500,313,2024-05-15,Travel,-870.31
6501,275,2024-08-12,dining ,-2781.44
6502,431,2025-03-21,groceries,-1264.66
6503,48,2024-12-12,Travel,-1431.27
6504,191,2024-09-11,Travel,-3077.57
6505,464,2025-04-07,ATM Withdrawal,-1951.89
6506,183,2024-09-14,Travel,-940.64
6507,308,2025-04-27,groceries,-329.85
6508,76,2025-02-23,GROCERIES,-1775.11
6509,341,2024-04-03,ATM Withdrawal,-589.6
6510,130,2024-07-27,ATM Withdrawal,-1793.92
6511,268,2024-01-14,Dining,-1156.61
6512,412,2024-05-09,Entertainment,-1567.89
6513,310,2024-01-13,ATM Withdrawal,-2006.27
6514,223,2024-02-27,Dining,-356.33
6515,89,2024-01-03,Utilities,-1315.85
6516,160,2025-01-01,Healthcare,-1183.63
6517,398,2024-08-11,Travel,-1459.13
6518,102,2024-09-13,Dining,-1653.95
6519,308,2025-02-20,shopping,-1336.8
6520,227,2025-03-17,Dining,-616.93
6521,151,2024-10-17,Transfer,1611.79
6522,336,2024-09-06,Transfer,-5359.02
6523,170,2024-12-20,Transfer,6580.14
6524,135,2024-08-14,Salary Credit,42263.87
6525,248,2024-08-29,ATM Withdrawal,-1947.67
6526,355,2024-06-11,Utilities,-1096.97
6527,405,2024-04-13,Entertainment,-1122.93
6528,295,2024-04-18,GROCERIES,-94.41
6529,310,2024-12-23,Dining,-800.97
6530,369,2025-03-28,Healthcare,-2028.61
6531,127,2024-08-18,Healthcare,-2457.79
6532,118,2024-02-21,shopping,-1028.73
6533,227,2024-11-28,shopping,-1980.42
6534,296,2025-05-06,Groceries,-2472.99
6535,303,2024-10-14,ATM Withdrawal,-356.36
6536,72,2024-01-15,GROCERIES,-1485.71
6537,366,2024-02-14,Utilities,-1371.3
6538,171,2024-10-11,Travel,-2167.52
6539,411,2025-04-14,Entertainment,-448.39
6540,340,2024-02-01,Healthcare,-1484.14
6541,461,2025-02-14,Healthcare,-967.52
6542,296,2025-02-28,Transfer,8664.17
6543,247,2024-01-29,Utilities,-2529.57
6544,88,2024-04-25,Groceries,-2307.16
6545,187,2024-01-03,Travel,-308.77
6546,402,2024-11-04,Utilities,-774.36
6547,179,2024-04-05,ATM Withdrawal,-2105.72
6548,25,2025-05-14,Travel,-1744.34
6549,115,2024-02-19,Entertainment,-963.56
6550,279,2024-12-19,Travel,-375.19
6551,295,2025-03-04,Travel,-2316.11
6552,461,2024-04-07,Transfer,-217.51
6553,438,2024-05-17,shopping,-925.08
6554,249,2025-03-10,dining ,-938.75
6555,260,2024-02-20,ATM Withdrawal,-1569.97
6556,375,2024-08-28,shopping,-1741.47
6557,23,2024-05-16,groceries,-3233.12
6558,279,2024-01-08,Shopping,-507.16
6559,222,2024-09-03,Entertainment,-556.06
6560,367,2024-09-22,Dining,-363.99
6561,375,2024-07-08,Travel,-2709.06
6562,307,2025-03-18,Utilities,-1211.6
6563,308,2024-02-22,shopping,-2111.14
6564,324,2024-08-22,Healthcare,-693.43
6565,272,2024-04-08,Utilities,-748.72
6566,107,2025-02-17,Transfer,4007.76
6567,134,2024-10-30,Transfer,5032.61
6568,348,2025-01-19,Dining,-1980.78
6569,290,2024-02-28,Transfer,10961.28
6570,112,2024-09-06,Healthcare,-1061.56
6571,411,2024-01-28,Healthcare,-1418.26
6572,459,2024-06-25,Salary Credit,44875.2
6573,294,2025-05-30,dining ,-574.41
6574,107,2025-01-30,GROCERIES,-1568.7
6575,440,2024-02-12,dining ,-951.86
6576,111,2024-07-20,Salary Credit,58305.51
6577,203,2025-04-19,Travel,-489.5
6578,402,2024-04-02,ATM Withdrawal,-894.16
6579,244,2025-02-16,Transfer,-1268.75
6580,114,2024-06-23,Dining,-1504.54
6581,38,2024-09-16,Entertainment,-5.23
6582,169,2025-04-22,groceries,-1192.7
6583,315,2025-01-01,Dining,-147.95
6584,335,2024-06-03,Transfer,-2705.21
6585,105,2024-01-05,Dining,-1856.55
6586,75,2024-05-08,dining ,-1114.89
6587,329,2024-08-15,Healthcare,-1089.52
6588,75,2024-03-13,Entertainment,-1706.19
6589,31,2025-04-25,Transfer,-3019.77
6590,228,2024-01-31,dining ,-569.17
6591,268,2024-10-21,dining ,-210.97
6592,115,2025-06-16,dining ,-942.67
6593,99,2024-07-01,Dining,-1155.94
6594,111,2024-10-19,Healthcare,-1702.87
6595,161,2024-02-10,dining ,-1069.28
6596,5,2025-02-01,ATM Withdrawal,-2115.23
6597,6,2025-06-16,Groceries,-1525.37
6598,174,2025-02-25,Shopping,-67.31
6599,10,2024-03-22,GROCERIES,-1092.56
6600,149,2024-07-11,groceries,-293.33
6601,272,2025-01-29,Dining,-1324.05
6602,15,2025-03-11,Entertainment,-1533.94
6603,290,2024-08-07,Salary Credit,44156.44
6604,291,2025-06-08,ATM Withdrawal,-1308.21
6605,269,2024-04-20,Utilities,-2388.5
6606,294,2025-02-08,ATM Withdrawal,-1212.62
6607,379,2024-09-27,ATM Withdrawal,-1514.88
6608,34,2025-01-22,shopping,-2636.85
6609,80,2024-11-20,ATM Withdrawal,-430.2
6610,149,2024-08-23,Entertainment,-2738.72
6611,323,2025-03-20,Healthcare,-1103.22
6612,409,2025-04-03,Healthcare,-456.58
6613,430,2025-03-21,shopping,-696.77
6614,273,2024-02-18,Groceries,-269.95
6615,192,2024-08-18,,-1051.62
6616,193,2025-02-12,dining ,-1153.94
6617,28,2025-04-17,Utilities,-1866.03
6618,218,2024-07-16,Utilities,-1837.04
6619,241,2025-02-07,,-1356.2
6620,98,2024-11-04,Shopping,-2206.58
6621,360,2024-04-30,Salary Credit,50159.37
6622,380,2025-05-01,Healthcare,-907.56
6623,142,2024-08-30,Groceries,-1307.17
6624,428,2024-11-25,Groceries,-627.86
6625,51,2024-06-06,ATM Withdrawal,-97.06
6626,427,2024-01-14,Shopping,-1585.12
6627,360,2024-09-03,Shopping,-149.0
6628,105,2025-01-28,Entertainment,-1031.3
6629,305,2024-06-27,Dining,-868.21
6630,146,2025-05-21,Shopping,-1263.88
6631,375,2025-02-12,Healthcare,-545.72
6632,76,2024-12-15,Travel,-1711.38
6633,115,2025-03-15,Shopping,-999.78
6634,144,2025-04-14,GROCERIES,-1085.17
6635,94,2025-01-28,Utilities,-1246.97
6636,156,2025-03-25,groceries,-649.69
6637,283,2025-01-23,Shopping,-690.1
6638,297,2025-04-14,shopping,-690.49
6639,260,2024-02-26,Healthcare,-1087.35
6640,89,2024-07-06,Salary Credit,40544.38
6641,95,2025-04-28,Groceries,-1605.41
6642,431,2024-09-15,Transfer,-502.56
6643,118,2024-01-09,Utilities,-2899.72
6644,49,2025-04-07,ATM Withdrawal,-809.27
6645,213,2024-12-23,Dining,-286.77
6646,4,2025-05-11,Transfer,4923.51
6647,161,2024-01-09,Entertainment,-1890.39
6648,401,2024-03-21,GROCERIES,-1776.92
6649,126,2024-10-05,Shopping,-526.62
6650,330,2024-04-08,Shopping,-738.6
6651,230,2024-10-10,Utilities,-899.64
6652,167,2024-07-08,Utilities,-1480.24
6653,310,2024-04-24,ATM Withdrawal,-1240.93
6654,279,2025-02-23,Utilities,-374.69
6655,149,2024-01-22,GROCERIES,-741.43
6656,105,2025-04-21,Transfer,-9446.13
6657,430,2024-03-24,Salary Credit,43581.12
6658,79,2024-11-12,Dining,-4177.84
6659,450,2025-06-24,Healthcare,-957.7
6660,221,2024-03-02,Entertainment,-314.83
6661,467,2025-05-20,Healthcare,-1516.1
6662,166,2024-06-14,shopping,-2142.48
6663,265,2025-02-07,dining ,-1627.58
6664,288,2025-04-12,Dining,-1377.01
6665,159,2024-05-06,Healthcare,-858.28
6666,103,2024-07-08,Entertainment,-943.46
6667,244,2025-04-14,ATM Withdrawal,-894.7
6668,311,2024-02-26,Shopping,-1973.15
6669,123,2024-02-29,Travel,-858.76
6670,359,2024-06-13,ATM Withdrawal,-2231.74
6671,299,2024-11-24,GROCERIES,-720.65
6672,78,2025-03-15,shopping,-1151.86
6673,440,2024-11-02,ATM Withdrawal,-2324.27
6674,21,2024-09-25,Transfer,-9007.71
6675,306,2025-04-19,Shopping,-1957.1
6676,206,2024-04-03,ATM Withdrawal,-484.03
6677,306,2025-05-06,Groceries,-50.67
6678,363,2024-06-19,dining ,-1831.01
6679,322,2024-05-30,GROCERIES,-571.42
6680,305,2025-06-03,Utilities,-1266.38
6681,394,2024-12-18,Utilities,-1386.69
6682,329,2024-08-23,Travel,-1430.56
6683,381,2024-06-28,Shopping,-249.84
6684,189,2024-08-28,Travel,-2120.57
6685,95,2025-03-07,Shopping,-727.99
6686,110,2024-03-24,Transfer,-4378.47
6687,287,2024-04-05,groceries,-2928.77
6688,249,2024-06-14,Utilities,-2503.65
6689,37,2024-09-19,groceries,-3118.44
6690,96,2025-03-20,Groceries,-2687.51
6691,453,2024-04-24,Salary Credit,43925.63
6692,340,2025-03-04,Entertainment,-719.45
6693,354,2025-05-09,Utilities,-178.12
6694,93,2024-08-25,Travel,-1439.6
6695,31,2025-06-07,dining ,-1221.91
6696,137,2025-05-02,GROCERIES,-1161.29
6697,402,2025-03-10,Entertainment,-453.83
6698,238,2024-07-26,Shopping,-1524.89
6699,368,2024-06-12,ATM Withdrawal,-856.31
6700,228,2025-04-16,Entertainment,-765.72
6701,230,2024-08-28,,-1347.5
6702,282,2024-01-18,Dining,-1129.92
6703,449,2025-01-25,ATM Withdrawal,-83.56
6704,205,2024-07-08,ATM Withdrawal,-491.06
6705,279,2025-05-24,Travel,-1679.35
6706,431,2025-04-11,Salary Credit,44618.16
6707,175,2024-02-26,shopping,-548.29
6708,394,2025-05-06,Utilities,-1828.92
6709,251,2025-06-01,ATM Withdrawal,-1155.5
6710,412,2025-02-16,Dining,-244.44
6711,219,2024-05-30,Utilities,-597.97
6712,295,2024-12-31,Travel,-1348.7
6713,152,2025-04-18,Salary Credit,27330.99
6714,298,2025-03-20,,-1578.47
6715,153,2024-08-22,Salary Credit,52893.9
6716,286,2025-01-20,ATM Withdrawal,-2001.51
6717,370,2024-07-29,Utilities,-2238.82
6718,204,2024-05-18,shopping,-498.06
6719,201,2025-01-01,GROCERIES,-2130.57
6720,151,2024-09-11,Shopping,-1445.08
6721,342,2024-05-02,ATM Withdrawal,-448.23
6722,278,2024-12-26,Dining,-1620.12
6723,242,2024-06-24,Entertainment,-1592.77
6724,12,2024-11-16,Travel,-2586.46
6725,52,2024-07-15,ATM Withdrawal,-2277.46
6726,4,2025-04-27,Shopping,-578.48
6727,398,2025-04-08,ATM Withdrawal,-1506.6
6728,399,2024-09-15,shopping,-1496.96
6729,32,2025-01-22,Groceries,-1426.17
6730,22,2024-04-07,Entertainment,-925.64
6731,366,2025-06-27,ATM Withdrawal,-2779.21
6732,246,2024-04-26,Shopping,-639.2
6733,145,2025-04-17,ATM Withdrawal,-2699.75
6734,288,2025-04-06,Dining,-82.33
6735,111,2024-04-07,Transfer,-3855.74
6736,93,2024-01-05,Travel,-1888.11
6737,172,2025-02-05,Transfer,2795.0
6738,420,2025-04-18,Utilities,-1681.46
6739,360,2025-01-25,Transfer,185.15
6740,89,2024-01-31,Entertainment,-2194.31
6741,263,2024-12-17,Healthcare,-2530.71
6742,414,2024-08-01,Transfer,5976.59
6743,446,2025-05-14,ATM Withdrawal,-814.98
6744,358,2025-03-12,Shopping,-873.81
6745,61,2025-03-11,GROCERIES,-1458.62
6746,113,2024-08-10,Shopping,-1316.63
6747,103,2024-06-24,Shopping,-857.8
6748,71,2025-03-24,groceries,-2625.56
6749,83,2024-03-03,ATM Withdrawal,-978.43
6750,148,2024-02-24,groceries,-2493.55
6751,260,2024-02-03,shopping,-1289.93
6752,187,2024-10-05,Shopping,-1234.11
6753,197,2024-02-11,Entertainment,-1666.24
6754,116,2024-11-13,dining ,-1654.55
6755,71,2024-04-01,dining ,-1069.9
6756,468,2025-04-30,shopping,-1708.22
6757,281,2024-08-23,Shopping,-1818.8
6758,108,2024-02-21,dining ,-2687.91
6759,380,2025-01-13,Salary Credit,45570.56
6760,389,2024-07-03,Entertainment,-497.25
6761,453,2024-05-22,ATM Withdrawal,-590.13
6762,75,2024-12-25,Dining,-3331.13
6763,300,2025-06-04,Dining,-491.8
6764,459,2025-06-18,Shopping,-129.06
6765,378,2024-08-25,ATM Withdrawal,-1223.37
6766,106,2025-04-07,Healthcare,-646.38
6767,418,2024-04-24,GROCERIES,-1936.97
6768,198,2025-04-06,shopping,-1858.27
6769,229,2025-05-28,Healthcare,-718.81
6770,262,2024-10-08,Groceries,-2553.37
6771,362,2024-10-12,Healthcare,-207.0
6772,57,2024-11-03,shopping,-536.47
6773,253,2024-02-09,ATM Withdrawal,-2615.21
6774,383,2025-04-12,Travel,-25.12
6775,257,2025-02-05,Transfer,-6040.62
6776,129,2025-04-18,Entertainment,-2611.42
6777,27,2024-03-03,dining ,-1139.32
6778,258,2025-03-13,ATM Withdrawal,-896.08
6779,330,2024-07-16,Groceries,-2052.81
6780,258,2025-03-22,Utilities,-956.96
6781,459,2025-06-25,shopping,-1253.38
6782,283,2025-04-24,Salary Credit,46504.24
6783,238,2025-05-13,Utilities,-1481.46
6784,26,2024-03-03,Utilities,-474.72
6785,262,2024-06-28,dining ,-1889.62
6786,79,2024-06-08,dining ,-1429.5
6787,340,2024-10-06,GROCERIES,-168.52
6788,76,2025-06-15,Dining,-780.91
6789,425,2025-01-08,Transfer,-5641.53
6790,142,2024-10-23,Utilities,-1641.59
6791,204,2025-03-14,Entertainment,-1390.94
6792,68,2024-04-06,Dining,-1694.84
6793,99,2024-12-25,shopping,-1320.13
6794,432,2024-10-01,dining ,-1885.9
6795,133,2024-04-20,Groceries,-1084.89
6796,241,2024-12-17,Salary Credit,50614.43
6797,460,2025-04-03,Utilities,-42.71
6798,292,2025-03-27,Utilities,-57.53
6799,20,2025-04-04,Travel,-1277.95
6800,168,2025-03-18,Transfer,7053.39
6801,182,2024-09-12,Travel,-950.91
6802,130,2024-01-27,Groceries,-1774.3
6803,113,2025-06-10,Utilities,-1478.89
6804,236,2024-09-04,Shopping,-643.96
6805,177,2024-12-10,Healthcare,-3291.04
6806,138,2024-01-12,GROCERIES,-67.19
6807,194,2025-04-29,Utilities,-349.74
6808,161,2025-04-29,shopping,-2234.61
6809,108,2025-05-20,Healthcare,-1217.77
6810,212,2024-04-04,GROCERIES,-508.97
6811,441,2025-04-04,Transfer,-2358.66
6812,237,2024-12-06,ATM Withdrawal,-479.73
6813,280,2024-03-20,Utilities,-1910.37
6814,461,2024-11-06,Transfer,-3505.63
6815,288,2024-09-16,shopping,-238.41
6816,105,2024-12-06,dining ,-515.99
6817,187,2024-02-15,Utilities,-1060.19
6818,229,2024-11-03,Utilities,-525.82
6819,223,2025-01-04,Utilities,-922.81
6820,70,2025-01-24,ATM Withdrawal,-1513.31
6821,50,2025-02-23,ATM Withdrawal,-767.26
6822,164,2024-12-07,Transfer,-2909.57
6823,428,2025-01-17,Shopping,-2452.92
6824,336,2024-02-19,Utilities,-3157.45
6825,394,2025-03-10,groceries,-1241.5
6826,82,2024-07-18,Transfer,-7174.69
6827,194,2024-10-25,Groceries,-354.09
6828,273,2024-10-24,Utilities,-668.86
6829,204,2025-06-15,ATM Withdrawal,-1604.95
6830,196,2024-06-26,Transfer,7317.87
6831,169,2024-07-28,Groceries,-691.88
6832,25,2025-02-18,Salary Credit,36376.99
6833,402,2024-12-11,Groceries,-1549.36
6834,437,2024-06-22,Transfer,-9327.31
6835,38,2024-07-06,ATM Withdrawal,-918.29
6836,194,2025-03-27,ATM Withdrawal,-1462.93
6837,243,2025-03-31,Groceries,-1608.31
6838,367,2024-03-20,Shopping,-1416.0
6839,462,2024-08-05,Dining,-302.97
6840,195,2025-02-23,shopping,-1401.17
6841,351,2024-03-05,Healthcare,-1365.75
6842,439,2024-04-09,GROCERIES,-1256.73
6843,389,2024-03-27,shopping,-1971.82
6844,136,2024-10-14,Dining,-153.29
6845,383,2024-09-02,shopping,-1315.42
6846,193,2024-06-23,Shopping,-2565.98
6847,9,2024-03-15,shopping,-980.56
6848,356,2024-12-13,Salary Credit,36631.1
6849,391,2025-03-15,Healthcare,-1703.23
6850,161,2024-04-25,Transfer,-1674.18
6851,212,2024-12-29,Healthcare,-923.65
6852,171,2025-03-09,Dining,-2264.41
6853,55,2024-10-30,Healthcare,-1968.77
6854,466,2024-11-08,Utilities,-1546.4
6855,11,2024-03-31,Groceries,-419.84
6856,261,2025-06-05,Travel,-1737.91
6857,7,2025-06-05,Dining,-2130.2
6858,323,2025-01-22,Transfer,11469.19
6859,422,2025-05-06,Groceries,-946.7
6860,302,2024-11-27,Shopping,-1343.15
6861,284,2024-12-26,Utilities,-737.4
6862,388,2025-03-27,Dining,-2071.52
6863,456,2024-01-21,Entertainment,-2049.78
6864,404,2024-04-29,shopping,-1563.46
6865,109,2024-04-20,Utilities,-2268.86
6866,264,2024-12-10,ATM Withdrawal,-496.4
6867,384,2024-05-12,Entertainment,-1003.68
6868,138,2024-07-31,Travel,-1038.83
6869,316,2024-09-26,dining ,-2189.29
6870,11,2025-02-09,Healthcare,-2209.49
6871,411,2024-10-08,Utilities,-1485.93
6872,288,2024-01-14,Dining,-1438.77
6873,348,2025-01-09,groceries,-1695.83
6874,387,2024-08-21,Groceries,-897.15
6875,103,2024-03-02,Healthcare,-2425.53
6876,211,2024-12-21,Healthcare,-793.26
6877,402,2024-05-27,shopping,-1586.59
6878,78,2024-09-08,ATM Withdrawal,-663.35
6879,385,2025-06-11,Transfer,4701.21
6880,135,2024-05-09,Shopping,-3059.91
6881,270,2025-04-27,ATM Withdrawal,-1086.19
6882,239,2024-09-10,Healthcare,-2043.63
6883,322,2025-05-23,Dining,-632.55
6884,392,2025-04-08,groceries,-923.49
6885,164,2025-03-29,Transfer,-4873.86
6886,81,2024-04-22,ATM Withdrawal,-1516.24
6887,198,2025-03-07,dining ,-528.15
6888,287,2024-07-19,Utilities,-686.28
6889,352,2025-05-11,ATM Withdrawal,-1280.35
6890,353,2025-06-23,shopping,-1558.83
6891,160,2024-11-29,Entertainment,-1167.33
6892,439,2025-05-12,Transfer,-1017.88
6893,39,2024-10-17,shopping,-1650.35
6894,55,2024-01-19,ATM Withdrawal,-1958.58
6895,12,2025-04-21,Salary Credit,52689.56
6896,434,2024-10-16,Groceries,-1335.12
6897,85,2024-01-24,Travel,-657.0
6898,282,2024-02-05,Travel,-910.39
6899,381,2025-01-29,Entertainment,-1338.86
6900,359,2025-05-18,Entertainment,-1183.12
6901,445,2025-01-15,GROCERIES,-439.34
6902,26,2024-08-28,Transfer,-47.04
6903,191,2024-06-16,Salary Credit,40555.13
6904,237,2024-08-16,Groceries,-950.79
6905,326,2024-06-24,Travel,-1478.24
6906,292,2024-05-28,Entertainment,-831.28
6907,263,2024-03-10,Utilities,-973.65
6908,144,2024-11-06,ATM Withdrawal,-1300.45
6909,50,2024-04-29,shopping,-2610.0
6910,203,2024-03-20,Shopping,-1050.27
6911,122,2024-05-30,shopping,-193.81
6912,260,2025-03-11,Shopping,-583.93
6913,374,2024-11-08,Entertainment,-2827.19
6914,259,2024-09-24,Travel,-2490.71
6915,273,2024-11-18,dining ,-2045.64
6916,20,2024-11-04,Travel,-1831.37
6917,302,2024-09-28,ATM Withdrawal,-1841.67
6918,206,2025-04-03,shopping,-984.93
6919,58,2025-02-02,ATM Withdrawal,-1980.57
6920,101,2024-04-10,Dining,-2015.59
6921,366,2025-03-21,shopping,-1960.02
6922,430,2024-04-05,Entertainment,-661.23
6923,238,2024-02-12,shopping,-907.76
6924,458,2024-08-17,Salary Credit,39865.9
6925,85,2024-08-02,ATM Withdrawal,-2097.24
6926,141,2025-03-04,ATM Withdrawal,-1472.82
6927,436,2025-01-13,Utilities,-1552.93
6928,82,2024-02-01,Salary Credit,49604.5
6929,309,2024-09-28,Travel,-70.82
6930,103,2025-03-09,Travel,-1993.67
6931,155,2025-02-03,Shopping,-713.21
6932,224,2024-09-29,Travel,-795.03
6933,169,2024-12-01,groceries,-447.85
6934,410,2024-11-02,ATM Withdrawal,-1272.01
6935,456,2024-05-06,shopping,-1139.86
6936,235,2024-11-03,groceries,-51.95
6937,246,2025-01-02,Dining,-410.2
6938,26,2024-01-31,Salary Credit,43379.94
6939,110,2025-01-13,Shopping,-1932.56
6940,19,2024-05-16,ATM Withdrawal,-1845.72
6941,401,2024-01-05,Shopping,-2100.57
6942,107,2025-02-15,Transfer,3938.94
6943,160,2024-07-31,groceries,-1100.05
6944,395,2024-08-12,Salary Credit,51435.85
6945,334,2024-12-06,Travel,-2651.34
6946,291,2024-11-01,Utilities,-785.68
6947,19,2024-12-04,Healthcare,-960.77
6948,264,2025-05-29,Entertainment,-1227.82
6949,263,2024-12-20,dining ,-961.27
6950,150,2024-01-26,groceries,-677.38
6951,349,2024-05-01,Entertainment,-1086.91
6952,435,2024-09-02,dining ,-488.4
6953,122,2024-09-14,Entertainment,-1853.01
6954,155,2024-07-15,Utilities,-2526.47
6955,151,2024-04-10,Travel,-944.44
6956,391,2024-02-28,groceries,-2696.76
6957,37,2024-03-19,Shopping,-1102.86
6958,420,2025-06-02,dining ,-572.32
6959,363,2024-08-03,Travel,-1817.71
6960,227,2025-06-07,Entertainment,-368.22
6961,274,2024-07-01,Dining,-1761.55
6962,419,2024-06-18,Salary Credit,47031.37
6963,361,2024-09-23,Dining,-836.69
6964,130,2025-05-30,Salary Credit,40924.81
6965,24,2024-11-02,Utilities,-414.5
6966,309,2024-01-20,ATM Withdrawal,-2128.43
6967,69,2024-05-27,Transfer,-4331.82
6968,42,2025-06-18,Entertainment,-1480.1
6969,460,2024-03-25,Entertainment,-1190.1
6970,222,2025-03-31,Dining,-1009.1
6971,305,2025-05-21,GROCERIES,-1493.75
6972,102,2024-04-26,groceries,-1660.8
6973,48,2024-10-31,ATM Withdrawal,-1324.66
6974,30,2024-11-22,Dining,-1029.99
6975,166,2025-03-08,Transfer,-3189.44
6976,2,2025-03-11,Healthcare,-924.52
6977,197,2024-02-02,groceries,-1214.45
6978,152,2024-06-23,Utilities,-365.18
6979,247,2025-05-27,Shopping,-1757.52
6980,276,2024-07-11,Travel,-1488.98
6981,145,2024-05-14,Travel,-676.25
6982,214,2024-12-08,dining ,-375.35
6983,37,2024-04-16,Entertainment,-582.03
6984,142,2024-03-21,ATM Withdrawal,-8.69
6985,458,2025-03-10,Dining,-894.6
6986,464,2024-03-05,Groceries,-1038.46
6987,228,2025-04-30,Transfer,7755.39
6988,440,2024-05-16,GROCERIES,-1626.87
6989,235,2024-02-28,Entertainment,-2322.41
6990,59,2025-02-07,shopping,-1301.0
6991,407,2024-04-06,Healthcare,-380.0
6992,195,2024-07-18,Transfer,4044.35
6993,287,2024-07-10,Entertainment,-191.05
6994,304,2024-10-03,ATM Withdrawal,-1398.26
6995,145,2024-09-14,Shopping,-230.87
6996,344,2024-04-16,dining ,-1123.83
6997,235,2024-05-07,ATM Withdrawal,-772.23
6998,172,2024-04-15,Shopping,-1671.32
6999,140,2024-01-31,Shopping,-2058.18
7000,350,2024-12-20,Shopping,-907.71
7001,117,2024-09-13,dining ,-843.47
7002,59,2024-02-29,Travel,-1882.33
7003,413,2024-06-29,groceries,-509.91
7004,156,2024-12-29,Travel,-1258.02
7005,301,2024-06-04,Shopping,-1687.34
7006,336,2024-08-06,Entertainment,-488.46
7007,393,2025-02-09,Shopping,-929.42
7008,293,2024-12-31,Entertainment,-1290.81
7009,332,2025-01-16,Healthcare,-2397.66
7010,392,2024-07-27,groceries,-111.47
7011,442,2024-09-20,Shopping,-1065.73
7012,22,2025-04-06,Utilities,-2418.37
7013,348,2025-04-20,Entertainment,-2074.21
7014,82,2024-01-31,shopping,-951.99
7015,418,2025-04-01,Groceries,-1135.82
7016,23,2025-05-01,dining ,-1613.49
7017,116,2025-05-28,ATM Withdrawal,-1632.12
7018,90,2024-05-26,GROCERIES,-2440.33
7019,283,2024-09-30,Travel,-2218.31
7020,3,2024-01-24,Entertainment,-44.06
7021,8,2024-02-29,groceries,-235.55
7022,236,2024-11-02,ATM Withdrawal,-710.69
7023,455,2024-04-22,ATM Withdrawal,-467.26
7024,248,2024-05-02,Utilities,-2381.19
7025,209,2024-06-10,GROCERIES,-146.3
7026,308,2024-09-07,GROCERIES,-930.74
7027,259,2024-03-24,Healthcare,-415.94
7028,181,2025-03-13,ATM Withdrawal,-228.38
7029,276,2024-12-30,Travel,-2262.68
7030,2,2025-03-07,Transfer,3269.79
7031,115,2025-05-19,GROCERIES,-2916.34
7032,316,2024-11-23,groceries,-2464.86
7033,160,2024-07-16,Dining,-1197.15
7034,26,2025-06-16,Transfer,3979.4
7035,59,2024-11-04,Travel,-3257.31
7036,406,2024-09-09,Salary Credit,48425.56
7037,155,2024-08-14,dining ,-1049.43
7038,11,2024-01-22,Transfer,3165.63
7039,342,2025-06-04,Transfer,-6109.11
7040,249,2025-03-22,Travel,-1455.5
7041,212,2025-01-16,Dining,-2222.5
7042,419,2024-04-30,Salary Credit,53659.13
7043,147,2025-05-20,dining ,-1593.52
7044,268,2024-04-06,GROCERIES,-228.18
7045,349,2024-05-11,Salary Credit,37141.58
7046,285,2024-02-08,shopping,-645.07
7047,98,2024-06-06,Transfer,-4888.19
7048,319,2024-06-27,,-2549.11
7049,348,2025-03-09,Dining,-3047.34
7050,58,2024-06-26,Salary Credit,48133.41
7051,78,2025-06-04,ATM Withdrawal,-1695.18
7052,316,2024-06-14,Travel,-160.09
7053,56,2024-10-12,Travel,-819.5
7054,413,2024-11-19,Groceries,-702.18
7055,52,2025-03-27,Shopping,-627.02
7056,456,2025-02-13,Healthcare,-1721.74
7057,315,2025-04-17,Groceries,-794.13
7058,208,2025-05-26,shopping,-505.63
7059,126,2024-03-05,GROCERIES,-1958.34
7060,162,2024-02-21,Utilities,-2283.14
7061,351,2024-09-01,Transfer,-4495.35
7062,353,2024-03-22,Shopping,-390.55
7063,98,2024-09-25,Groceries,-446.43
7064,255,2024-11-17,shopping,-2163.87
7065,465,2024-05-30,groceries,-526.46
7066,121,2024-02-23,Travel,-3011.39
7067,325,2025-06-09,Transfer,-7848.85
7068,81,2024-07-21,dining ,-1505.69
7069,391,2025-04-02,shopping,-3643.1
7070,80,2024-12-06,Shopping,-2348.16
7071,140,2024-12-26,Entertainment,-812.62
7072,215,2025-03-01,GROCERIES,-278.72
7073,174,2024-05-24,Shopping,-818.41
7074,80,2024-04-28,GROCERIES,-1107.58
7075,300,2025-06-27,GROCERIES,-517.5
7076,10,2024-12-30,Dining,-187.99
7077,461,2024-06-08,ATM Withdrawal,-1411.89
7078,25,2024-12-17,GROCERIES,-1999.39
7079,157,2024-08-02,Healthcare,-2871.93
7080,436,2025-04-13,Travel,-1269.03
7081,73,2024-10-03,Transfer,-553.54
7082,35,2024-06-19,dining ,-1972.76
7083,349,2025-01-11,Utilities,-292.04
7084,35,2025-02-12,ATM Withdrawal,-1474.32
7085,422,2024-07-22,Travel,-1161.19
7086,212,2025-02-13,shopping,-982.32
7087,407,2024-05-07,Transfer,-548.83
7088,115,2024-05-10,ATM Withdrawal,-518.7
7089,67,2025-03-26,Transfer,-3217.73
7090,451,2024-12-04,GROCERIES,-2264.19
7091,357,2024-01-20,Salary Credit,42178.36
7092,427,2025-01-02,Salary Credit,39616.76
7093,150,2024-06-15,Salary Credit,50196.45
7094,190,2024-05-29,shopping,-1493.92
7095,271,2024-08-19,ATM Withdrawal,-3029.06
7096,211,2024-09-03,Transfer,8033.37
7097,114,2025-05-01,Dining,-589.99
7098,176,2024-08-25,Groceries,-1924.66
7099,285,2024-06-10,groceries,-1817.54
7100,18,2025-02-25,dining ,-2693.54
7101,158,2024-10-22,ATM Withdrawal,-1021.36
7102,138,2024-01-01,Travel,-2186.74
7103,33,2024-12-10,Utilities,-880.84
7104,58,2024-09-30,Entertainment,-1461.39
7105,232,2024-11-09,Entertainment,-250.56
7106,48,2024-04-10,shopping,-37.0
7107,162,2024-09-17,shopping,-1982.65
7108,263,2024-12-18,Utilities,-1203.21
7109,409,2025-01-03,Shopping,-47.31
7110,47,2025-01-05,Travel,-1933.06
7111,204,2025-06-27,Groceries,-1262.06
7112,49,2024-09-30,Transfer,-17.81
7113,201,2024-08-22,Travel,-2279.26
7114,225,2024-10-22,Dining,-809.8
7115,375,2024-06-28,ATM Withdrawal,-1271.01
7116,207,2024-06-20,Travel,-1473.79
7117,438,2025-01-11,,-1927.73
7118,65,2024-06-19,Dining,-1825.79
7119,25,2025-02-12,Groceries,-1921.12
7120,3,2025-02-10,Shopping,-961.05
7121,167,2025-06-03,Travel,-1967.8
7122,91,2024-03-12,GROCERIES,-610.13
7123,43,2024-07-16,Transfer,3794.01
7124,111,2025-02-24,Transfer,-10029.16
7125,457,2024-08-21,Shopping,-305.72
7126,375,2024-12-22,Transfer,9232.46
7127,9,2025-02-04,Shopping,-1683.57
7128,429,2025-04-27,Dining,-1379.34
7129,97,2024-05-03,Shopping,-1530.3
7130,190,2024-05-21,Utilities,-241.27
7131,154,2024-09-13,Shopping,-2645.0
7132,190,2024-10-02,Healthcare,-874.48
7133,357,2025-05-08,Utilities,-2111.61
7134,334,2024-01-22,dining ,-711.06
7135,279,2024-05-13,Groceries,-88.26
7136,294,2025-05-12,Entertainment,-2985.08
7137,341,2024-11-30,Groceries,-656.87
7138,87,2025-01-03,Entertainment,-1615.66
7139,186,2024-05-16,GROCERIES,-1524.99
7140,51,2024-12-05,Transfer,6812.18
7141,330,2024-07-20,Utilities,-1328.27
7142,205,2025-02-03,Dining,-1111.79
7143,299,2024-02-19,Dining,-1010.07
7144,265,2024-06-03,Groceries,-1983.51
7145,129,2024-12-17,groceries,-35.7
7146,65,2024-11-25,Dining,-986.95
7147,456,2025-04-03,Shopping,-2491.22
7148,138,2025-03-12,Shopping,-134.43
7149,52,2024-01-08,Utilities,-1104.16
7150,144,2024-02-19,ATM Withdrawal,-207.03
7151,423,2024-07-12,Transfer,-5902.97
7152,123,2025-06-06,Healthcare,-1229.73
7153,462,2024-09-17,Travel,-350.41
7154,216,2025-05-01,Travel,-1221.82
7155,404,2024-02-02,Healthcare,-1259.17
7156,306,2025-06-08,Healthcare,-651.66
7157,21,2024-02-03,Entertainment,-825.09
7158,239,2025-03-16,Salary Credit,39815.75
7159,196,2025-04-22,Salary Credit,26756.14
7160,95,2024-06-09,Entertainment,-2034.22
7161,258,2024-06-12,Shopping,-2275.35
7162,49,2024-11-12,Dining,-375.19
7163,327,2025-01-28,Healthcare,-2287.24
7164,385,2024-03-06,Transfer,1693.52
7165,44,2024-05-09,groceries,-1011.7
7166,225,2025-02-15,groceries,-564.98
7167,307,2025-03-16,Entertainment,-2030.99
7168,30,2024-03-24,Utilities,-374.17
7169,183,2025-04-29,ATM Withdrawal,-3110.63
7170,121,2025-04-17,GROCERIES,-2242.69
7171,19,2025-04-18,Dining,-97.55
7172,377,2024-05-11,ATM Withdrawal,-2674.58
7173,209,2024-12-30,Healthcare,-1856.86
7174,352,2024-03-28,Shopping,-1064.44
7175,275,2024-04-17,groceries,-1808.16
7176,410,2024-02-08,Dining,-2032.19
7177,467,2024-09-25,Dining,-517.51
7178,282,2025-01-22,Healthcare,-1951.47
7179,165,2024-04-18,Travel,-810.55
7180,198,2024-04-11,Healthcare,-1932.84
7181,387,2024-05-30,Entertainment,-1077.23
7182,200,2024-04-17,Shopping,-293.4
7183,244,2025-03-29,Groceries,-1767.2
7184,91,2024-04-02,Healthcare,-859.16
7185,464,2024-05-31,GROCERIES,-1339.09
7186,305,2024-06-15,Entertainment,-1567.97
7187,155,2024-04-20,Travel,-2522.34
7188,274,2025-05-27,Utilities,-807.79
7189,188,2024-04-24,Travel,-436.7
7190,73,2024-09-22,Utilities,-2681.22
7191,410,2024-11-04,ATM Withdrawal,-1202.86
7192,415,2024-05-22,Shopping,-709.37
7193,391,2024-09-13,Dining,-1526.08
7194,173,2024-04-02,Shopping,-890.74
7195,120,2024-09-20,Travel,-959.02
7196,24,2024-01-11,Entertainment,-3516.31
7197,343,2024-08-27,Entertainment,-310.79
7198,154,2024-07-17,Salary Credit,33495.47
7199,418,2024-07-10,Healthcare,-2302.98
7200,408,2024-02-29,Travel,-858.72
7201,60,2025-06-28,GROCERIES,-1487.19
7202,430,2024-01-15,groceries,-1774.41
7203,66,2024-03-20,Transfer,249.46
7204,230,2024-02-26,Travel,-2226.53
7205,222,2025-06-16,Entertainment,-694.77
7206,448,2024-06-22,Shopping,-2908.98
7207,308,2024-08-22,GROCERIES,-483.37
7208,410,2025-02-13,shopping,-2609.15
7209,279,2024-01-28,Shopping,-2772.05
7210,387,2024-02-06,shopping,-759.45
7211,399,2024-04-09,Transfer,-4057.86
7212,403,2025-01-04,Salary Credit,57157.16
7213,193,2025-06-17,Utilities,-1361.48
7214,179,2024-12-04,ATM Withdrawal,-1679.46
7215,461,2025-04-20,Utilities,-1070.83
7216,355,2025-04-25,Transfer,6416.33
7217,430,2024-05-30,Utilities,-1683.45
7218,271,2024-04-10,ATM Withdrawal,-662.89
7219,435,2024-03-28,Travel,-2795.23
7220,337,2025-03-08,GROCERIES,-1016.67
7221,348,2024-12-30,Salary Credit,53239.96
7222,84,2025-04-16,Travel,-64.41
7223,266,2024-10-03,Salary Credit,50472.05
7224,343,2025-06-16,shopping,-2158.38
7225,357,2025-05-02,Groceries,-1439.31
7226,449,2025-03-16,dining ,-2168.31
7227,154,2025-03-13,ATM Withdrawal,-563.45
7228,142,2024-03-08,Shopping,-1625.27
7229,454,2025-02-09,Shopping,-168.66
7230,462,2025-05-31,groceries,-1333.71
7231,85,2024-06-08,Utilities,-486.39
7232,178,2025-03-20,ATM Withdrawal,-1138.12
7233,444,2024-07-09,Entertainment,-2441.32
7234,94,2024-04-25,Shopping,-2764.05
7235,367,2025-02-02,,-45.84
7236,53,2024-03-31,Shopping,-2320.75
7237,84,2024-09-19,ATM Withdrawal,-2459.21
7238,368,2025-05-25,Transfer,9073.85
7239,285,2024-03-26,dining ,-826.52
7240,260,2024-03-25,ATM Withdrawal,-737.48
7241,401,2025-05-28,dining ,-741.37
7242,144,2025-02-27,Groceries,-1842.55
7243,236,2024-09-08,Groceries,-1112.47
7244,285,2024-08-08,GROCERIES,-555.76
7245,347,2025-06-09,Utilities,-598.89
7246,156,2025-01-29,Groceries,-1201.09
7247,297,2025-05-09,groceries,-435.72
7248,210,2024-02-20,groceries,-1801.53
7249,254,2024-10-16,GROCERIES,-2275.58
7250,404,2025-01-30,Utilities,-2076.46
7251,185,2024-01-20,Transfer,-13733.31
7252,313,2024-10-05,Shopping,-1569.75
7253,441,2024-01-31,Groceries,-2725.7
7254,357,2025-05-05,Travel,-1365.42
7255,463,2025-01-06,Travel,-949.42
7256,274,2024-04-12,dining ,-1307.21
7257,132,2024-10-11,Travel,-1349.74
7258,464,2024-02-29,Utilities,-1088.75
7259,302,2025-03-14,Shopping,-225.74
7260,113,2024-04-16,ATM Withdrawal,-318.51
7261,149,2024-11-26,Shopping,-2219.86
7262,123,2024-02-12,GROCERIES,-1950.72
7263,391,2024-03-27,groceries,-2800.87
7264,44,2025-06-18,Entertainment,-846.51
7265,347,2024-07-29,ATM Withdrawal,-762.56
7266,260,2024-03-07,ATM Withdrawal,-165.73
7267,35,2025-01-16,Entertainment,-2150.35
7268,288,2024-04-19,Shopping,-397.08
7269,353,2024-11-17,Groceries,-1172.23
7270,340,2025-03-17,ATM Withdrawal,-1481.9
7271,248,2025-01-07,dining ,-207.13
7272,157,2024-05-14,ATM Withdrawal,-1899.24
7273,77,2024-05-09,Travel,-2109.06
7274,6,2024-05-01,Groceries,-1449.11
7275,169,2024-12-10,groceries,-1121.88
7276,296,2025-01-01,Travel,-1170.95
7277,18,2024-10-10,Shopping,-2460.19
7278,468,2024-08-05,dining ,-1248.0
7279,275,2024-02-03,GROCERIES,-1181.84
7280,138,2025-03-31,Travel,-582.03
7281,451,2024-12-25,Transfer,8288.91
7282,87,2024-12-13,Transfer,4991.33
7283,449,2024-02-26,ATM Withdrawal,-412.16
7284,132,2024-06-06,Travel,-3099.27
7285,178,2024-06-14,Travel,-1595.47
7286,200,2024-11-21,dining ,-1014.59
7287,466,2025-03-05,groceries,-2116.37
7288,118,2025-04-17,Groceries,-1531.15
7289,456,2024-10-11,Entertainment,-1513.67
7290,163,2024-07-17,Shopping,-652.19
7291,134,2024-08-10,GROCERIES,-1826.7
7292,299,2025-02-05,shopping,-2046.25
7293,325,2024-06-22,dining ,-657.06
7294,162,2024-08-14,Travel,-505.4
7295,63,2025-03-04,ATM Withdrawal,-2055.05
7296,186,2024-10-22,Transfer,7526.29
7297,253,2024-09-11,ATM Withdrawal,-1241.56
7298,19,2025-02-03,Entertainment,-2066.44
7299,37,2024-06-06,dining ,-612.42
7300,430,2024-02-02,ATM Withdrawal,-1032.06
7301,17,2025-03-05,Entertainment,-257.76
7302,191,2024-09-04,Utilities,-2241.73
7303,358,2024-06-26,Transfer,-4859.74
7304,154,2024-02-21,Healthcare,-1408.66
7305,232,2025-05-19,Salary Credit,48466.39
7306,41,2025-01-30,Dining,-985.29
7307,372,2024-05-29,Dining,-1940.18
7308,297,2024-11-27,ATM Withdrawal,-2692.21
7309,399,2024-09-10,Entertainment,-2081.73
7310,405,2024-06-27,Groceries,-350.94
7311,165,2024-06-18,Utilities,-1298.82
7312,20,2024-02-11,Dining,-1339.7
7313,163,2025-06-15,Travel,-2318.03
7314,68,2025-05-19,Transfer,1878.72
7315,250,2025-04-19,shopping,-1952.04
7316,69,2024-06-20,shopping,-1182.69
7317,432,2025-06-27,Salary Credit,40009.9
7318,282,2024-05-30,shopping,-965.9
7319,119,2025-03-25,ATM Withdrawal,-69.98
7320,432,2024-02-25,GROCERIES,-1353.11
7321,361,2024-06-18,GROCERIES,-926.59
7322,205,2024-11-10,Transfer,-6598.95
7323,69,2025-06-11,Shopping,-1015.55
7324,161,2024-05-24,Utilities,-1231.95
7325,274,2024-08-23,shopping,-790.22
7326,359,2025-04-04,ATM Withdrawal,-970.84
7327,123,2024-09-14,groceries,-183.22
7328,348,2025-01-07,Shopping,-2128.99
7329,133,2024-08-15,groceries,-1162.49
7330,116,2024-01-03,Entertainment,-590.22
7331,210,2024-06-03,Shopping,-226.83
7332,76,2024-11-04,Transfer,4870.3
7333,190,2024-01-11,ATM Withdrawal,-1182.07
7334,168,2024-05-06,Transfer,-4991.92
7335,132,2025-06-03,Utilities,-1638.64
7336,363,2024-01-09,groceries,-2577.52
7337,156,2024-05-14,Entertainment,-1600.61
7338,326,2024-12-03,Entertainment,-1476.63
7339,338,2024-11-02,Entertainment,-685.85
7340,312,2024-04-21,Healthcare,-188.37
7341,127,2024-02-02,shopping,-1627.03
7342,389,2025-05-05,Shopping,-1699.73
7343,111,2024-10-27,Transfer,10136.42
7344,130,2024-11-08,groceries,-156.1
7345,410,2024-02-01,Transfer,-3157.99
7346,159,2024-04-24,Transfer,5003.56
7347,327,2024-02-09,shopping,-2499.05
7348,20,2025-06-17,Travel,-1025.78
7349,288,2025-02-23,ATM Withdrawal,-3000.91
7350,407,2024-10-24,Entertainment,-1250.39
7351,332,2025-01-06,dining ,-2664.9
7352,273,2024-03-31,Utilities,-966.17
7353,398,2025-06-22,ATM Withdrawal,-1637.71
7354,140,2024-10-08,Transfer,5069.92
7355,177,2024-10-08,ATM Withdrawal,-684.27
7356,33,2025-06-06,Shopping,-1186.22
7357,327,2024-02-22,GROCERIES,-86.02
7358,339,2024-08-19,Travel,-732.31
7359,352,2024-02-18,Entertainment,-1474.67
7360,351,2024-08-19,Utilities,-1089.39
7361,60,2024-05-25,Travel,-1520.68
7362,312,2024-09-08,Utilities,-1341.45
7363,358,2025-01-17,Utilities,-3318.94
7364,96,2024-06-01,Travel,-1433.32
7365,223,2024-01-28,Transfer,6262.74
7366,428,2024-03-29,Shopping,-1176.38
7367,195,2025-01-25,Salary Credit,32328.22
7368,353,2024-11-11,Travel,-1822.66
7369,249,2025-06-17,Entertainment,-2361.64
7370,308,2025-05-02,dining ,-2599.71
7371,294,2024-03-28,groceries,-1820.44
7372,305,2025-02-04,Travel,-958.02
7373,365,2024-02-19,Healthcare,-1436.64
7374,424,2024-02-22,ATM Withdrawal,-2807.73
7375,139,2025-03-08,Salary Credit,43208.32
7376,435,2024-08-06,Travel,-125.85
7377,294,2025-06-27,Utilities,-3188.41
7378,279,2024-01-03,Healthcare,-283.7
7379,154,2024-09-30,Travel,-214.64
7380,196,2024-06-16,ATM Withdrawal,-1487.22
7381,305,2025-06-21,Transfer,6226.32
7382,171,2024-12-30,ATM Withdrawal,-1612.25
7383,135,2025-02-24,dining ,-1990.43
7384,384,2024-06-07,Utilities,-1054.49
7385,195,2025-05-02,Groceries,-1067.46
7386,302,2025-04-03,Healthcare,-684.11
7387,15,2025-03-03,Transfer,6625.78
7388,37,2024-09-17,Travel,-2016.1
7389,397,2025-05-17,Entertainment,-391.98
7390,67,2024-12-30,dining ,-78.39
7391,373,2024-02-05,Groceries,-1996.49
7392,422,2025-04-26,groceries,-723.89
7393,226,2024-01-12,Entertainment,-313.36
7394,414,2025-01-07,Dining,-465.12
7395,200,2024-05-16,groceries,-2466.66
7396,446,2025-05-04,Dining,-1448.1
7397,111,2025-02-01,Travel,-1690.94
7398,201,2025-03-16,shopping,-1593.68
7399,183,2025-01-16,Dining,-1391.28
7400,367,2024-11-05,Transfer,4930.35
7401,21,2025-04-15,Healthcare,-1136.74
7402,388,2024-06-10,Utilities,-320.78
7403,11,2024-10-14,Healthcare,-388.85
7404,148,2024-06-11,Transfer,-5113.93
7405,279,2024-03-02,Entertainment,-806.21
7406,69,2025-04-22,GROCERIES,-479.14
7407,230,2024-09-27,Transfer,8148.75
7408,467,2024-01-30,Shopping,-1330.25
7409,386,2025-03-25,Groceries,-422.94
7410,15,2025-05-28,Transfer,5933.92
7411,277,2024-12-26,dining ,-852.03
7412,280,2024-06-27,Transfer,-7445.25
7413,32,2025-04-13,Salary Credit,61992.73
7414,305,2025-02-06,shopping,-820.23
7415,244,2024-06-04,GROCERIES,-943.55
7416,320,2024-06-28,Entertainment,-453.06
7417,140,2025-06-22,groceries,-1061.85
7418,120,2025-06-03,Transfer,8298.02
7419,345,2025-01-03,ATM Withdrawal,-0.75
7420,338,2024-01-20,Groceries,-474.32
7421,76,2024-05-05,Shopping,-1275.43
7422,102,2024-07-11,Healthcare,-2439.69
7423,275,2024-10-19,Entertainment,-431.17
7424,388,2025-04-17,GROCERIES,-1032.0
7425,95,2025-04-07,Dining,-1464.17
7426,103,2024-05-29,dining ,-595.58
7427,379,2024-02-29,Transfer,4638.54
7428,327,2024-05-30,Dining,-231.45
7429,423,2024-05-08,groceries,-725.08
7430,367,2025-05-04,Travel,-2307.41
7431,447,2024-01-08,Healthcare,-1934.1
7432,89,2025-03-28,Utilities,-800.61
7433,128,2024-12-23,ATM Withdrawal,-288.23
7434,112,2024-02-27,groceries,-1008.87
7435,26,2025-01-08,Salary Credit,33290.72
7436,365,2024-11-12,Shopping,-1022.91
7437,310,2024-01-03,Entertainment,-830.97
7438,41,2024-05-01,ATM Withdrawal,-798.06
7439,93,2024-07-08,Groceries,-1072.96
7440,90,2024-04-27,Travel,-1683.1
7441,189,2024-11-11,Groceries,-265.22
7442,214,2024-12-01,Dining,-2061.89
7443,136,2024-04-02,Healthcare,-2212.72
7444,436,2024-03-08,shopping,-3179.76
7445,100,2024-12-23,Entertainment,-1466.7
7446,263,2024-09-13,Groceries,-2525.73
7447,205,2024-05-24,Entertainment,-2078.8
7448,182,2024-05-19,Entertainment,-1371.39
7449,387,2024-01-22,ATM Withdrawal,-104.63
7450,458,2025-04-10,groceries,-2005.73
7451,3,2025-04-03,Entertainment,-1415.76
7452,218,2024-10-29,Entertainment,-2808.62
7453,56,2024-07-09,Dining,-1866.19
7454,203,2024-04-27,Healthcare,-2150.24
7455,289,2024-06-16,Entertainment,-679.52
7456,193,2025-05-19,Dining,-1420.13
7457,145,2024-02-18,Travel,-531.24
7458,147,2025-03-24,Utilities,-1699.05
7459,141,2024-06-14,shopping,-2295.99
7460,153,2024-05-24,Entertainment,-2452.73
7461,176,2025-03-17,Entertainment,-880.57
7462,322,2025-06-07,Dining,-432.37
7463,45,2025-06-24,shopping,-716.16
7464,20,2024-05-25,Shopping,-1129.95
7465,242,2024-11-18,Shopping,-1567.93
7466,320,2024-06-08,ATM Withdrawal,-626.49
7467,122,2024-04-15,Salary Credit,44163.59
7468,95,2024-07-29,Utilities,-266.25
7469,293,2024-02-04,Utilities,-2501.86
7470,180,2024-03-30,Entertainment,-901.43
7471,345,2024-11-20,Utilities,-2111.43
7472,69,2025-01-09,Travel,-1056.43
7473,57,2024-05-27,Healthcare,-642.21
7474,259,2024-10-30,Entertainment,-2709.68
7475,184,2025-02-20,ATM Withdrawal,-2415.2
7476,342,2025-05-02,Utilities,-2325.0
7477,237,2024-11-05,Salary Credit,45744.95
7478,166,2024-05-11,Salary Credit,39627.54
7479,75,2025-01-23,Travel,-1258.6
7480,77,2024-04-02,Groceries,-1691.44
7481,354,2024-03-16,Utilities,-711.81
7482,107,2024-07-14,shopping,-427.97
7483,236,2024-06-28,Healthcare,-1643.83
7484,383,2024-03-20,ATM Withdrawal,-1375.88
7485,421,2024-01-29,groceries,-2033.35
7486,126,2025-05-30,Utilities,-2570.73
7487,52,2025-01-04,Shopping,-1970.71
7488,363,2025-01-26,shopping,-162.93
7489,322,2024-02-06,GROCERIES,-1188.3
7490,156,2025-03-09,Healthcare,-1548.28
7491,278,2024-07-17,Entertainment,-1928.27
7492,89,2025-02-11,Entertainment,-1972.29
7493,328,2024-09-24,Travel,-1147.76
7494,341,2024-05-12,Transfer,-8026.06
7495,141,2024-05-22,ATM Withdrawal,-1539.86
7496,220,2024-03-17,shopping,-1453.34
7497,157,2025-03-28,GROCERIES,-565.81
7498,15,2024-08-22,dining ,-3089.84
7499,60,2025-03-01,dining ,-1424.14
7500,450,2025-03-27,Entertainment,-1121.86
7501,214,2024-04-01,ATM Withdrawal,-1424.19
7502,70,2024-06-29,Healthcare,-1081.53
7503,21,2024-03-08,Shopping,-40.11
7504,166,2024-01-06,groceries,-1468.81
7505,460,2025-06-21,shopping,-106.44
7506,181,2024-12-25,GROCERIES,-1292.79
7507,468,2024-09-03,Entertainment,-233.88
7508,230,2024-04-19,Utilities,-738.88
7509,358,2024-11-18,dining ,-1751.7
7510,368,2024-10-22,Shopping,-206.72
7511,14,2024-05-01,Transfer,6302.63
7512,3,2024-01-09,Shopping,-1352.39
7513,432,2024-09-12,groceries,-1332.18
7514,437,2024-10-04,ATM Withdrawal,-635.64
7515,63,2025-03-11,GROCERIES,-1082.09
7516,303,2024-08-02,Salary Credit,39749.52
7517,433,2024-02-22,Salary Credit,52558.55
7518,445,2025-04-24,Dining,-765.29
7519,139,2024-08-13,Travel,-976.45
7520,383,2025-01-28,groceries,-1870.24
7521,303,2024-01-24,Utilities,-640.63
7522,435,2024-01-20,Salary Credit,30670.14
7523,69,2024-01-13,Utilities,-245.14
7524,282,2025-03-06,Groceries,-2150.19
7525,12,2024-05-11,ATM Withdrawal,-1274.34
7526,168,2025-03-07,ATM Withdrawal,-1462.94
7527,6,2025-05-29,Entertainment,-1466.15
7528,208,2024-12-27,Entertainment,-2809.43
7529,380,2025-06-21,Shopping,-667.65
7530,308,2025-05-21,Travel,-1084.97
7531,149,2025-01-28,Shopping,-1227.06
7532,200,2025-03-13,Transfer,-7398.52
7533,172,2024-11-24,Shopping,-1942.39
7534,343,2024-04-29,Healthcare,-1005.45
7535,125,2024-02-26,Salary Credit,31483.93
7536,43,2024-07-26,Utilities,-3457.61
7537,238,2024-09-15,Transfer,4981.29
7538,389,2024-07-09,dining ,-1278.73
7539,224,2024-02-25,Healthcare,-2336.06
7540,96,2024-10-02,Utilities,-846.05
7541,22,2024-09-28,ATM Withdrawal,-2362.54
7542,442,2025-06-03,Salary Credit,42547.53
7543,357,2025-06-04,GROCERIES,-2846.19
7544,73,2024-12-01,ATM Withdrawal,-1609.79
7545,35,2025-04-08,Utilities,-592.09
7546,61,2024-06-19,Travel,-3162.34
7547,177,2025-06-12,Groceries,-1742.16
7548,380,2025-05-28,Transfer,-778.59
7549,75,2024-03-09,Entertainment,-1827.82
7550,384,2025-01-16,Groceries,-2445.67
7551,1,2024-09-06,Transfer,-6161.17
7552,346,2024-05-25,Entertainment,-1497.06
7553,133,2024-08-12,groceries,-2602.75
7554,450,2025-05-09,Healthcare,-1738.5
7555,223,2025-05-18,Groceries,-607.89
7556,127,2024-07-06,Transfer,6666.72
7557,114,2024-09-08,Shopping,-1651.92
7558,387,2024-10-08,Healthcare,-2179.16
7559,189,2025-02-03,Utilities,-1531.76
7560,165,2024-09-18,Utilities,-1811.88
7561,345,2024-08-03,Transfer,-6044.34
7562,252,2025-05-18,ATM Withdrawal,-2067.82
7563,311,2024-07-22,Salary Credit,50966.77
7564,209,2024-05-24,Salary Credit,42933.23
7565,30,2024-06-27,ATM Withdrawal,-1030.47
7566,3,2024-06-30,GROCERIES,-1491.52
7567,19,2024-10-29,groceries,-1300.86
7568,269,2024-12-25,dining ,-2382.81
7569,241,2024-03-14,dining ,-1390.73
7570,350,2025-04-28,Transfer,1454.07
7571,419,2024-05-18,Travel,-984.79
7572,82,2024-03-03,Shopping,-1849.61
7573,449,2024-12-30,GROCERIES,-547.27
7574,437,2024-04-24,Entertainment,-1786.19
7575,289,2025-02-12,groceries,-509.66
7576,249,2025-05-31,groceries,-1342.9
7577,83,2025-01-12,Transfer,-6243.59
7578,84,2025-02-27,GROCERIES,-171.04
7579,9,2024-09-26,Transfer,9846.66
7580,303,2024-07-07,Utilities,-1022.21
7581,203,2024-11-30,Transfer,-5229.33
7582,90,2024-07-13,GROCERIES,-1428.04
7583,63,2025-04-22,Utilities,-1281.57
7584,30,2024-09-12,Shopping,-1221.64
7585,300,2024-09-28,Salary Credit,44574.2
7586,321,2025-01-02,Transfer,6358.81
7587,296,2024-04-13,dining ,-232.52
7588,52,2024-11-01,ATM Withdrawal,-1538.84
7589,20,2025-02-14,Dining,-1831.06
7590,50,2025-02-26,Transfer,6220.69
7591,352,2024-05-02,Healthcare,-404.7
7592,347,2024-01-30,groceries,-1483.87
7593,138,2024-04-15,groceries,-1007.72
7594,26,2025-03-22,Transfer,-11190.77
7595,150,2024-05-24,Entertainment,-391.63
7596,379,2024-02-01,Salary Credit,48957.85
7597,68,2024-11-21,Shopping,-2573.19
7598,373,2025-04-25,Transfer,6148.37
7599,217,2024-05-02,Utilities,-646.38
7600,67,2024-01-24,Healthcare,-703.87
7601,438,2024-03-17,Transfer,-5280.41
7602,243,2024-03-10,Entertainment,-1317.22
7603,315,2024-04-21,Entertainment,-974.38
7604,46,2024-04-08,Healthcare,-2481.43
7605,174,2024-12-13,GROCERIES,-1166.4
7606,297,2024-05-01,Entertainment,-195.03
7607,303,2024-10-25,Dining,-2564.83
7608,30,2024-08-06,Utilities,-166.39
7609,283,2024-12-22,Travel,-1692.8
7610,443,2024-12-23,dining ,-1810.82
7611,369,2024-11-19,Travel,-1165.53
7612,98,2025-05-01,Shopping,-2077.61
7613,428,2024-04-16,groceries,-1307.08
7614,320,2024-10-12,Utilities,-914.44
7615,27,2024-08-02,Utilities,-638.11
7616,61,2024-10-17,ATM Withdrawal,-320.34
7617,432,2024-03-17,shopping,-3716.82
7618,99,2024-06-23,ATM Withdrawal,-1900.52
7619,46,2025-05-27,Transfer,8898.55
7620,212,2025-03-12,ATM Withdrawal,-3503.39
7621,246,2024-08-20,dining ,-916.94
7622,269,2024-03-01,shopping,-1116.54
7623,309,2024-12-19,shopping,-241.46
7624,468,2024-06-13,groceries,-982.97
7625,356,2024-06-28,Entertainment,-959.35
7626,13,2024-02-22,Groceries,-891.96
7627,42,2024-06-06,Healthcare,-2190.1
7628,1,2024-04-26,Groceries,-1887.91
7629,185,2024-01-19,ATM Withdrawal,-2072.36
7630,164,2024-11-15,Utilities,-146.23
7631,437,2025-06-12,Entertainment,-1269.8
7632,172,2024-03-09,Transfer,10750.1
7633,15,2024-01-29,groceries,-1348.84
7634,414,2024-02-24,GROCERIES,-1096.45
7635,122,2024-10-24,Salary Credit,54082.05
7636,428,2025-03-26,GROCERIES,-1011.34
7637,363,2024-06-17,GROCERIES,-1666.82
7638,413,2024-03-05,Healthcare,-1640.15
7639,384,2024-02-22,Salary Credit,41228.22
7640,68,2024-11-27,Groceries,-621.52
7641,294,2024-07-13,shopping,-1171.59
7642,193,2024-07-10,Dining,-810.46
7643,295,2024-05-10,Transfer,-505.05
7644,350,2025-05-03,GROCERIES,-1849.36
7645,235,2024-07-23,Travel,-1713.31
7646,147,2025-01-20,dining ,-531.5
7647,429,2025-02-08,Healthcare,-444.19
7648,311,2024-02-02,groceries,-1639.75
7649,415,2024-05-15,ATM Withdrawal,-2776.88
7650,111,2025-05-03,Shopping,-2118.7
7651,393,2025-04-26,Transfer,4086.58
7652,152,2024-08-13,Dining,-1573.91
7653,216,2024-03-26,Entertainment,-1080.84
7654,403,2024-06-11,Healthcare,-546.53
7655,167,2025-06-01,dining ,-1376.1
7656,118,2025-01-01,Dining,-419.02
7657,429,2024-02-11,Healthcare,-529.38
7658,452,2025-01-26,Travel,-799.41
7659,146,2024-03-21,Transfer,3984.55
7660,144,2024-06-14,Transfer,-976.8
7661,107,2024-09-19,Utilities,-659.65
7662,12,2024-07-10,dining ,-360.89
7663,259,2025-01-15,Utilities,-2613.79
7664,120,2024-03-26,Shopping,-1192.04
7665,398,2025-04-22,Shopping,-1705.25
7666,81,2024-11-19,ATM Withdrawal,-1574.54
7667,298,2024-06-15,shopping,-1102.55
7668,238,2025-06-05,Transfer,-2351.2
7669,287,2024-09-17,,-705.11
7670,53,2024-08-15,Travel,-2962.57
7671,219,2024-01-12,GROCERIES,-720.06
7672,293,2025-06-26,Groceries,-2749.5
7673,160,2025-04-06,Utilities,-826.22
7674,410,2024-04-06,Entertainment,-912.73
7675,248,2025-05-31,Travel,-1268.79
7676,170,2025-03-09,Utilities,-1041.51
7677,15,2024-08-17,ATM Withdrawal,-355.31
7678,79,2025-05-20,ATM Withdrawal,-1187.21
7679,224,2024-10-31,,-124.94
7680,188,2025-01-09,Utilities,-1527.97
7681,408,2024-04-09,,-1402.31
7682,368,2024-02-29,dining ,-1855.58
7683,75,2024-10-14,Utilities,-752.84
7684,277,2024-06-26,,-1864.47
7685,213,2025-06-19,Salary Credit,48445.32
7686,48,2024-02-16,Entertainment,-1314.77
7687,312,2025-02-19,dining ,-2979.39
7688,252,2024-11-23,Dining,-1623.74
7689,41,2025-04-24,Entertainment,-782.52
7690,220,2025-06-27,Shopping,-2582.65
7691,343,2025-04-19,ATM Withdrawal,-1659.19
7692,154,2024-07-23,,-2800.95
7693,168,2025-01-14,ATM Withdrawal,-469.47
7694,52,2024-03-29,ATM Withdrawal,-929.46
7695,96,2024-09-21,Travel,-931.7
7696,460,2024-05-26,Healthcare,-499.56
7697,291,2024-05-16,ATM Withdrawal,-1349.3
7698,83,2024-11-07,Groceries,-865.45
7699,226,2024-03-10,Shopping,-599.02
7700,91,2024-11-06,groceries,-510.37
7701,208,2024-08-06,shopping,-2447.75
7702,69,2024-05-05,GROCERIES,-2017.86
7703,290,2024-11-02,Salary Credit,39306.21
7704,267,2025-02-13,shopping,-533.21
7705,297,2024-11-28,shopping,-1974.76
7706,208,2024-02-17,Salary Credit,29275.39
7707,134,2024-11-02,dining ,-1734.23
7708,117,2024-12-05,Utilities,-448.58
7709,101,2025-01-07,shopping,-2677.8
7710,201,2024-08-20,Shopping,-1792.53
7711,212,2024-02-21,Entertainment,-459.65
7712,316,2024-03-10,Utilities,-857.56
7713,25,2024-06-29,shopping,-1485.56
7714,132,2024-12-11,Entertainment,-588.2
7715,400,2025-02-06,ATM Withdrawal,-1160.82
7716,429,2025-01-01,Utilities,-1633.44
7717,436,2024-06-19,Travel,-661.67
7718,144,2024-08-27,Entertainment,-1871.51
7719,65,2024-01-26,Travel,-1087.74
7720,93,2025-03-10,dining ,-2025.13
7721,62,2024-07-11,shopping,-988.96
7722,447,2024-10-04,Dining,-248.63
7723,414,2024-09-02,shopping,-160.76
7724,380,2024-06-04,Healthcare,-919.12
7725,342,2024-04-01,Healthcare,-1030.13
7726,161,2025-06-03,Salary Credit,53512.47
7727,223,2024-03-06,Entertainment,-948.63
7728,394,2025-05-29,Transfer,3626.52
7729,382,2024-03-02,Healthcare,-171.77
7730,243,2024-02-22,Entertainment,-1514.95
7731,392,2025-05-07,Entertainment,-1721.88
7732,163,2025-05-30,dining ,-1875.26
7733,194,2025-05-02,dining ,-927.74
7734,393,2025-02-26,GROCERIES,-570.16
7735,177,2024-09-25,ATM Withdrawal,-740.34
7736,353,2024-02-28,Healthcare,-1117.8
7737,213,2024-11-18,Healthcare,-741.74
7738,140,2024-10-10,Entertainment,-2648.65
7739,103,2025-02-04,Transfer,-3901.84
7740,284,2024-01-20,Shopping,-1107.92
7741,225,2024-02-12,shopping,-523.75
7742,173,2024-11-16,Salary Credit,39169.5
7743,348,2025-04-11,Groceries,-54.26
7744,1,2025-05-23,Transfer,10616.5
7745,44,2024-11-05,ATM Withdrawal,-1689.47
7746,451,2024-07-19,dining ,-895.01
7747,311,2024-09-14,Salary Credit,39747.5
7748,258,2024-10-04,Shopping,-2311.77
7749,7,2024-12-03,Transfer,2492.98
7750,281,2024-05-04,Transfer,6425.59
7751,204,2024-07-30,dining ,-365.94
7752,281,2024-10-21,Transfer,-1149.56
7753,20,2025-04-08,Dining,-216.83
7754,258,2025-03-13,Travel,-1573.51
7755,271,2025-02-14,shopping,-1106.18
7756,136,2024-04-27,Transfer,6408.61
7757,26,2024-08-09,Entertainment,-455.22
7758,455,2024-10-28,groceries,-272.08
7759,332,2025-06-11,ATM Withdrawal,-22.93
7760,291,2024-07-12,Entertainment,-1219.8
7761,359,2025-05-15,Healthcare,-494.79
7762,314,2025-02-11,dining ,-1294.74
7763,63,2024-12-11,dining ,-2201.15
7764,213,2025-01-17,Shopping,-633.0
7765,416,2025-03-08,Entertainment,-3599.68
7766,135,2025-01-15,Utilities,-1448.6
7767,455,2025-01-01,Shopping,-1041.34
7768,31,2024-07-24,Healthcare,-1.23
7769,155,2024-08-21,Shopping,-886.33
7770,164,2024-11-22,Salary Credit,43011.7
7771,289,2025-04-04,Healthcare,-1883.77
7772,83,2024-12-20,Utilities,-663.81
7773,108,2025-06-22,Utilities,-1589.14
7774,310,2025-01-06,Utilities,-1237.82
7775,134,2024-08-10,Salary Credit,52798.15
7776,412,2024-11-09,Dining,-2148.26
7777,408,2024-12-05,Dining,-1500.23
7778,142,2025-04-17,Dining,-1888.49
7779,263,2024-05-19,Shopping,-2211.21
7780,156,2024-05-15,Transfer,-6611.99
7781,162,2024-04-20,shopping,-1450.01
7782,314,2024-01-31,Transfer,-9835.01
7783,138,2025-01-02,Healthcare,-1301.36
7784,70,2025-06-08,ATM Withdrawal,-1856.05
7785,122,2024-11-30,Salary Credit,39589.66
7786,435,2024-02-03,GROCERIES,-2550.82
7787,122,2024-07-17,Travel,-1604.57
7788,171,2025-05-07,Dining,-889.19
7789,295,2024-01-29,Shopping,-1136.92
7790,48,2024-11-29,Healthcare,-1003.45
7791,126,2024-08-28,Utilities,-1204.48
7792,82,2025-05-15,Dining,-1388.79
7793,433,2024-10-06,,-4409.69
7794,437,2024-11-03,Healthcare,-229.23
7795,354,2025-01-28,Transfer,-5798.89
7796,116,2025-03-23,groceries,-1444.11
7797,289,2024-10-07,shopping,-1156.78
7798,310,2025-01-28,Travel,-2017.24
7799,407,2025-03-14,Salary Credit,45385.7
7800,74,2024-10-13,ATM Withdrawal,-920.16
7801,345,2025-01-25,Transfer,4258.98
7802,91,2024-07-17,Dining,-2326.18
7803,267,2024-07-12,Healthcare,-1382.15
7804,412,2024-01-02,dining ,-1168.39
7805,30,2024-12-30,groceries,-808.09
7806,70,2024-05-16,Transfer,-8241.91
7807,381,2025-03-19,Shopping,-375.3
7808,9,2025-06-02,Shopping,-1802.73
7809,321,2025-04-22,Utilities,-1835.96
7810,235,2024-05-30,GROCERIES,-1394.07
7811,163,2024-12-21,dining ,-1029.1
7812,404,2025-02-13,Transfer,553.92
7813,398,2024-10-02,Dining,-1797.73
7814,153,2024-10-04,Healthcare,-235.55
7815,3,2024-08-26,Transfer,5156.27
7816,60,2024-06-17,Transfer,-7304.08
7817,51,2024-11-08,Entertainment,-393.86
7818,460,2025-06-24,ATM Withdrawal,-349.36
7819,280,2024-04-29,shopping,-1681.13
7820,317,2024-01-26,Entertainment,-1046.27
7821,109,2024-01-31,Travel,-615.4
7822,399,2024-11-13,groceries,-1194.42
7823,339,2024-05-27,Shopping,-2826.97
7824,353,2024-09-08,GROCERIES,-1693.76
7825,220,2025-06-02,ATM Withdrawal,-132.97
7826,327,2024-02-11,Healthcare,-1622.71
7827,255,2024-04-05,ATM Withdrawal,-2084.52
7828,180,2024-04-26,Dining,-352.52
7829,279,2024-09-06,Groceries,-941.3
7830,152,2025-01-13,Utilities,-2369.59
7831,446,2024-04-09,groceries,-171.79
7832,336,2024-02-29,Shopping,-948.05
7833,346,2024-02-16,Transfer,-3753.39
7834,336,2025-03-12,ATM Withdrawal,-2438.27
7835,210,2024-01-17,Salary Credit,54778.27
7836,445,2024-12-06,Travel,-927.78
7837,98,2024-11-11,Dining,-284.59
7838,267,2024-02-24,Salary Credit,55183.67
7839,33,2024-10-28,Travel,-1897.43
7840,138,2024-06-05,Utilities,-1184.87
7841,269,2024-10-07,ATM Withdrawal,-1789.41
7842,230,2024-03-15,Travel,-1782.78
7843,441,2024-12-29,Dining,-412.91
7844,288,2025-03-10,Shopping,-665.41
7845,193,2024-01-02,Utilities,-1205.07
7846,200,2024-10-17,ATM Withdrawal,-540.01
7847,287,2024-12-18,Groceries,-891.59
7848,371,2024-01-02,Entertainment,-486.89
7849,130,2025-01-29,shopping,-1354.26
7850,274,2024-10-22,Groceries,-186.46
7851,269,2024-06-15,Groceries,-1586.46
7852,5,2024-09-20,Healthcare,-1400.28
7853,428,2025-01-06,Shopping,-1108.34
7854,267,2024-12-16,Transfer,-6407.58
7855,114,2025-02-27,Entertainment,-1733.11
7856,297,2024-01-19,Utilities,-985.88
7857,318,2025-03-05,Shopping,-1231.86
7858,429,2024-01-20,ATM Withdrawal,-589.2
7859,16,2024-12-20,Transfer,9741.63
7860,194,2024-07-09,Travel,-1017.96
7861,85,2024-02-04,Healthcare,-1189.45
7862,269,2025-01-10,Salary Credit,44382.33
7863,235,2024-10-28,Entertainment,-1534.37
7864,223,2024-12-29,groceries,-710.43
7865,460,2024-07-23,shopping,-796.99
7866,249,2024-05-31,dining ,-2043.3
7867,193,2024-12-06,Entertainment,-138.58
7868,32,2024-04-27,Dining,-1368.22
7869,136,2025-03-18,ATM Withdrawal,-461.17
7870,420,2025-01-07,groceries,-608.12
7871,212,2025-06-28,dining ,-1126.93
7872,427,2024-01-15,Utilities,-161.0
7873,250,2024-11-15,Transfer,999.97
7874,257,2024-10-30,dining ,-3536.21
7875,202,2025-04-12,Transfer,6699.86
7876,261,2024-08-19,Transfer,-4840.24
7877,32,2025-05-25,Healthcare,-125.27
7878,27,2024-05-10,ATM Withdrawal,-1051.05
7879,223,2025-04-10,Salary Credit,42158.27
7880,280,2024-10-10,Salary Credit,29605.81
7881,258,2025-05-29,groceries,-2812.17
7882,201,2024-04-28,Shopping,-1119.52
7883,138,2024-05-21,Entertainment,-450.48
7884,332,2024-11-03,GROCERIES,-1310.84
7885,284,2024-10-27,groceries,-40.76
7886,23,2024-03-22,Salary Credit,37497.12
7887,212,2024-12-21,Transfer,3440.82
7888,333,2024-08-09,Utilities,-1183.66
7889,367,2024-03-23,Entertainment,-1293.15
7890,135,2024-10-05,Utilities,-1043.32
7891,433,2025-01-15,shopping,-715.19
7892,305,2024-01-18,Healthcare,-3242.19
7893,205,2025-05-16,Travel,-533.08
7894,294,2024-11-28,Shopping,-395.49
7895,408,2024-05-21,Healthcare,-1641.57
7896,107,2025-02-12,dining ,-43.59
7897,71,2025-04-04,Groceries,-2119.1
7898,207,2025-06-05,Healthcare,-1019.03
7899,40,2025-03-06,shopping,-1316.13
7900,392,2024-04-20,Healthcare,-1465.97
7901,455,2024-03-30,Entertainment,-894.4
7902,284,2024-04-23,Shopping,-2024.12
7903,459,2025-04-22,shopping,-1784.78
7904,33,2024-06-15,Shopping,-1664.8
7905,297,2024-06-29,Dining,-162.88
7906,208,2025-04-30,shopping,-886.21
7907,130,2024-04-21,Transfer,4666.11
7908,146,2024-08-09,Healthcare,-2763.92
7909,256,2024-06-10,Healthcare,-72.61
7910,301,2024-06-13,Healthcare,-625.63
7911,77,2024-11-20,GROCERIES,-2173.43
7912,288,2025-02-07,Shopping,-355.1
7913,434,2024-05-24,Dining,-608.09
7914,5,2024-01-21,Salary Credit,58391.8
7915,412,2024-12-14,Healthcare,-1529.2
7916,285,2024-10-26,Entertainment,-1972.16
7917,161,2024-12-25,Entertainment,-1850.28
7918,344,2024-09-02,Utilities,-1305.38
7919,290,2025-02-27,Shopping,-1282.31
7920,360,2024-12-06,Utilities,-1997.99
7921,39,2025-02-16,shopping,-437.72
7922,28,2025-02-02,,-2760.62
7923,301,2024-09-27,Transfer,8069.27
7924,143,2024-06-26,shopping,-1655.31
7925,112,2024-11-13,ATM Withdrawal,-707.38
7926,198,2024-12-12,Entertainment,-1635.22
7927,340,2024-11-07,Utilities,-1314.73
7928,85,2024-10-12,Salary Credit,30875.39
7929,456,2024-07-05,Transfer,4739.78
7930,197,2024-03-14,Healthcare,-76.15
7931,71,2024-08-21,Dining,-1656.74
7932,34,2025-04-25,ATM Withdrawal,-1072.63
7933,402,2025-01-25,Travel,-1989.69
7934,53,2025-02-15,Utilities,-572.91
7935,197,2025-02-05,Dining,-33.7
7936,313,2025-05-17,shopping,-231.42
7937,241,2024-05-03,Utilities,-3018.1
7938,123,2025-01-27,ATM Withdrawal,-3926.1
7939,51,2024-02-07,Utilities,-3001.19
7940,333,2024-05-13,GROCERIES,-186.11
7941,230,2024-01-17,Transfer,1804.67
7942,23,2024-08-22,dining ,-1896.73
7943,85,2024-03-17,dining ,-3097.08
7944,264,2024-07-29,dining ,-2014.32
7945,79,2024-03-14,Utilities,-1370.97
7946,184,2024-01-20,Shopping,-367.98
7947,59,2024-09-17,Transfer,4143.03
7948,373,2024-08-11,ATM Withdrawal,-1279.77
7949,296,2024-08-15,GROCERIES,-1994.4
7950,367,2024-07-07,Dining,-750.84
7951,25,2024-08-11,Transfer,-5825.26
7952,176,2024-01-03,Dining,-1290.31
7953,126,2024-09-17,dining ,-844.09
7954,292,2025-04-06,Groceries,-1308.86
7955,385,2024-03-17,Transfer,-4712.32
7956,107,2024-03-19,ATM Withdrawal,-496.34
7957,361,2025-03-01,Utilities,-1996.07
7958,272,2024-09-30,GROCERIES,-2617.21
7959,386,2024-05-20,Transfer,-4862.01
7960,39,2025-03-03,groceries,-1882.89
7961,464,2024-06-26,shopping,-1366.76
7962,204,2024-11-25,Transfer,-8421.04
7963,132,2024-10-30,Dining,-1295.71
7964,86,2024-04-02,Travel,-1727.55
7965,461,2025-02-15,ATM Withdrawal,-2760.13
7966,414,2024-12-02,ATM Withdrawal,-2340.92
7967,62,2024-04-23,Shopping,-1058.85
7968,209,2025-02-16,Travel,-2173.27
7969,344,2024-12-04,Travel,-238.97
7970,277,2025-04-10,,-1019.14
7971,89,2025-03-22,Utilities,-1950.21
7972,169,2024-06-22,dining ,-2576.81
7973,173,2025-05-25,Utilities,-523.71
7974,136,2024-01-19,Shopping,-1175.42
7975,450,2024-07-01,Travel,-1202.74
7976,95,2024-11-27,Shopping,-1117.03
7977,331,2024-10-18,Salary Credit,35270.5
7978,427,2024-05-03,Healthcare,-1650.66
7979,372,2024-04-18,Salary Credit,34795.14
7980,375,2025-03-01,ATM Withdrawal,-2224.01
7981,75,2025-04-22,GROCERIES,-2414.82
7982,63,2025-01-05,Transfer,1192.72
7983,367,2024-10-15,Shopping,-1171.02
7984,350,2025-02-25,Entertainment,-732.07
7985,348,2024-05-10,Healthcare,-1011.29
7986,196,2025-06-11,dining ,-1282.41
7987,245,2024-03-09,Entertainment,-362.77
7988,8,2024-11-14,ATM Withdrawal,-2693.15
7989,137,2024-07-04,ATM Withdrawal,-622.94
7990,248,2025-05-07,Shopping,-2041.88
7991,59,2024-05-13,Utilities,-399.13
7992,61,2024-12-15,Transfer,-5184.09
7993,22,2024-03-26,GROCERIES,-1605.28
7994,99,2024-04-09,shopping,-1322.07
7995,465,2024-08-14,Groceries,-971.46
7996,326,2025-03-11,dining ,-756.3
7997,444,2024-05-31,ATM Withdrawal,-833.89
7998,121,2025-01-13,Transfer,5999.09
7999,281,2024-11-07,Entertainment,-2848.13
8000,418,2025-06-16,ATM Withdrawal,-1523.36
8001,165,2024-06-12,ATM Withdrawal,-1736.21
8002,308,2024-05-12,Healthcare,-2174.03
8003,325,2025-05-06,shopping,-794.07
8004,390,2024-06-30,ATM Withdrawal,-423.91
8005,454,2024-04-26,Entertainment,-1202.64
8006,288,2025-03-23,Transfer,7564.89
8007,273,2025-03-18,Transfer,-2059.35
8008,407,2024-02-04,shopping,-2189.81
8009,321,2025-04-11,Shopping,-1434.92
8010,170,2024-12-11,Salary Credit,41889.41
8011,295,2024-05-31,ATM Withdrawal,-258.61
8012,257,2024-10-18,Shopping,-674.49
8013,108,2024-05-10,Dining,-1715.95
8014,242,2024-04-02,dining ,-2300.49
8015,292,2024-03-13,Shopping,-1251.82
8016,423,2024-03-30,Dining,-1661.23
8017,272,2024-11-13,Travel,-683.81
8018,78,2025-03-17,GROCERIES,-767.83
8019,463,2024-09-22,GROCERIES,-1574.85
8020,271,2024-01-09,Transfer,10763.29
8021,135,2024-08-21,Shopping,-553.93
8022,354,2025-02-11,Transfer,-273.57
8023,181,2025-03-31,GROCERIES,-1594.65
8024,174,2025-02-03,Utilities,-579.0
8025,393,2024-07-20,groceries,-2618.45
8026,407,2024-12-20,Groceries,-1524.29
8027,246,2024-02-07,groceries,-945.09
8028,175,2024-08-11,shopping,-951.34
8029,405,2024-10-19,groceries,-1528.25
8030,82,2024-01-16,Transfer,-7073.29
8031,350,2024-01-08,shopping,-148.05
8032,274,2025-03-12,dining ,-1066.26
8033,400,2024-04-30,Transfer,5635.11
8034,197,2024-03-09,Shopping,-2375.25
8035,390,2024-11-18,Utilities,-82.97
8036,8,2024-06-02,shopping,-2060.33
8037,355,2025-06-17,ATM Withdrawal,-1527.96
8038,33,2025-05-30,Shopping,-751.98
8039,301,2025-03-25,Healthcare,-1925.66
8040,92,2024-06-13,Utilities,-855.19
8041,451,2025-04-22,Travel,-431.12
8042,361,2024-05-19,Entertainment,-1890.43
8043,49,2024-05-10,Salary Credit,35268.71
8044,418,2025-06-14,Healthcare,-710.24
8045,118,2025-01-02,Transfer,5515.1
8046,256,2024-02-16,Shopping,-1737.57
8047,40,2025-04-28,Salary Credit,42935.58
8048,50,2024-03-28,Travel,-69.09
8049,113,2025-01-06,GROCERIES,-857.54
8050,251,2024-08-26,Travel,-1003.56
8051,255,2024-01-10,Utilities,-2763.8
8052,401,2025-03-05,ATM Withdrawal,-1701.16
8053,78,2025-01-09,ATM Withdrawal,-290.82
8054,351,2025-04-26,Healthcare,-916.47
8055,3,2024-11-29,GROCERIES,-1826.84
8056,137,2025-02-15,shopping,-1218.9
8057,82,2025-05-08,Travel,-261.41
8058,58,2025-06-16,Shopping,-1936.56
8059,274,2024-11-01,groceries,-1527.11
8060,422,2024-01-10,Shopping,-1058.7
8061,313,2024-07-07,ATM Withdrawal,-474.27
8062,400,2024-12-03,Utilities,-2112.0
8063,277,2024-02-29,ATM Withdrawal,-432.6
8064,26,2024-03-04,Dining,-198.85
8065,162,2024-08-03,Utilities,-538.65
8066,386,2025-05-11,Entertainment,-1472.01
8067,21,2024-06-24,Groceries,-27.68
8068,46,2025-05-24,Utilities,-709.75
8069,391,2025-03-13,Healthcare,-892.77
8070,30,2024-06-14,groceries,-1508.86
8071,450,2024-05-05,Travel,-950.87
8072,356,2025-03-27,Shopping,-954.24
8073,312,2025-02-16,ATM Withdrawal,-564.77
8074,251,2024-12-09,Salary Credit,53712.22
8075,42,2025-06-17,Salary Credit,50277.99
8076,195,2024-02-24,Healthcare,-1761.41
8077,379,2024-07-29,Travel,-499.78
8078,424,2024-11-24,Shopping,-738.66
8079,210,2024-02-09,Healthcare,-1628.77
8080,393,2025-06-15,GROCERIES,-671.25
8081,364,2024-11-07,Healthcare,-366.14
8082,27,2024-06-16,Healthcare,-1459.84
8083,291,2024-05-10,Healthcare,-22.91
8084,289,2024-01-01,groceries,-1011.52
8085,255,2024-11-18,Shopping,-2003.04
8086,362,2025-06-16,Transfer,1858.66
8087,417,2024-01-20,Utilities,-1625.37
8088,258,2024-08-13,Shopping,-659.1
8089,150,2024-12-26,dining ,-1961.08
8090,461,2024-08-22,groceries,-1658.23
8091,451,2024-12-20,Entertainment,-887.58
8092,322,2025-01-23,Healthcare,-525.1
8093,300,2025-06-10,GROCERIES,-435.64
8094,49,2024-11-25,GROCERIES,-3530.7
8095,188,2025-01-21,Shopping,-862.24
8096,93,2024-06-13,GROCERIES,-384.25
8097,241,2024-03-23,Salary Credit,53819.84
8098,387,2024-02-24,ATM Withdrawal,-1997.96
8099,106,2024-02-29,Travel,-1524.31
8100,467,2025-03-26,Transfer,-975.77
8101,61,2024-01-23,groceries,-1684.94
8102,47,2024-09-20,Utilities,-318.31
8103,457,2024-11-30,Transfer,-6220.62
8104,47,2025-01-01,Groceries,-1655.93
8105,345,2024-02-05,Utilities,-614.38
8106,358,2025-04-13,Salary Credit,55279.43
8107,155,2024-08-26,dining ,-1931.61
8108,31,2024-01-10,Shopping,-335.86
8109,145,2024-03-13,Transfer,-3560.69
8110,33,2025-04-13,Dining,-517.2
8111,315,2025-05-29,Travel,-1143.63
8112,416,2025-02-13,groceries,-1766.26
8113,467,2024-06-30,ATM Withdrawal,-465.63
8114,375,2025-05-31,Utilities,-585.76
8115,363,2024-05-30,Entertainment,-451.14
8116,413,2024-05-07,groceries,-2417.43
8117,361,2025-02-20,Transfer,9731.52
8118,305,2024-06-24,Transfer,-4532.75
8119,467,2024-10-10,Transfer,-29.3
8120,151,2024-12-26,ATM Withdrawal,-453.75
8121,194,2024-03-31,Dining,-641.85
8122,425,2025-05-19,Travel,-982.68
8123,146,2024-03-31,Travel,-443.03
8124,140,2025-06-25,dining ,-435.12
8125,72,2024-05-31,Shopping,-1219.57
8126,129,2024-08-15,ATM Withdrawal,-1162.07
8127,278,2024-05-18,shopping,-1488.02
8128,415,2024-10-20,Healthcare,-260.43
8129,64,2024-01-01,ATM Withdrawal,-178.49
8130,319,2024-04-02,Travel,-2033.34
8131,359,2024-10-10,Travel,-966.84
8132,420,2025-01-13,Shopping,-1962.24
8133,352,2025-06-08,Travel,-1072.91
8134,73,2025-04-01,Dining,-1368.45
8135,229,2025-05-17,Shopping,-1675.82
8136,446,2025-03-11,ATM Withdrawal,-699.17
8137,426,2025-02-27,Utilities,-599.59
8138,287,2024-07-07,Utilities,-588.02
8139,451,2025-05-08,Dining,-1129.84
8140,313,2025-06-08,Utilities,-1716.78
8141,31,2024-10-06,dining ,-834.04
8142,428,2024-03-06,Transfer,-8465.24
8143,79,2024-01-24,Salary Credit,58997.01
8144,179,2024-09-26,Utilities,-409.36
8145,112,2024-12-11,Healthcare,-2269.59
8146,337,2024-10-29,Salary Credit,44856.83
8147,15,2025-05-03,GROCERIES,-1542.68
8148,300,2024-10-19,Transfer,-8657.36
8149,405,2024-12-26,Transfer,-6042.13
8150,369,2025-02-17,Shopping,-887.07
8151,144,2025-05-02,dining ,-824.34
8152,420,2024-11-28,Transfer,3285.17
8153,170,2024-10-30,GROCERIES,-2298.29
8154,319,2024-02-12,Travel,-2174.7
8155,238,2024-12-16,Transfer,-3079.76
8156,32,2024-04-08,Transfer,-7855.32
8157,2,2024-07-19,Salary Credit,48433.07
8158,86,2024-10-17,GROCERIES,-578.45
8159,438,2024-02-15,Utilities,-3791.75
8160,447,2025-01-13,Entertainment,-1210.49
8161,192,2024-06-01,ATM Withdrawal,-2731.5
8162,454,2024-10-07,Transfer,5522.59
8163,24,2024-07-09,Groceries,-263.33
8164,453,2024-07-12,Healthcare,-1374.64
8165,109,2024-08-02,Dining,-120.81
8166,18,2024-01-28,Utilities,-1086.67
8167,355,2024-04-16,Transfer,-4386.75
8168,179,2025-03-04,Travel,-1423.21
8169,137,2024-03-07,Salary Credit,47364.13
8170,356,2024-09-27,shopping,-113.84
8171,156,2024-03-17,Entertainment,-619.67
8172,353,2024-10-20,Dining,-577.73
8173,92,2024-12-16,groceries,-1758.77
8174,41,2024-09-12,Salary Credit,46622.48
8175,153,2025-02-24,Transfer,-1475.39
8176,286,2024-05-24,Entertainment,-2465.31
8177,106,2024-10-31,Travel,-1619.91
8178,67,2024-05-30,ATM Withdrawal,-1105.29
8179,351,2024-10-04,Travel,-774.02
8180,231,2024-02-04,Utilities,-626.2
8181,202,2024-05-26,GROCERIES,-489.69
8182,113,2025-01-20,dining ,-2256.56
8183,9,2025-02-28,Dining,-1447.02
8184,25,2024-05-28,Dining,-255.93
8185,319,2024-05-20,Utilities,-2367.18
8186,38,2024-06-11,Entertainment,-1118.65
8187,116,2024-06-01,Dining,-372.89
8188,427,2025-06-25,Transfer,-1715.01
8189,161,2024-12-20,Entertainment,-457.29
8190,349,2024-07-29,shopping,-1200.19
8191,161,2024-09-08,ATM Withdrawal,-1490.0
8192,437,2024-10-05,Utilities,-522.42
8193,385,2024-10-28,GROCERIES,-789.76
8194,220,2024-07-29,ATM Withdrawal,-1229.23
8195,321,2025-06-15,Salary Credit,36632.19
8196,194,2024-06-07,shopping,-876.85
8197,442,2024-08-20,Entertainment,-470.79
8198,168,2024-01-04,ATM Withdrawal,-224.74
8199,392,2024-09-24,Travel,-960.18
8200,289,2025-04-10,GROCERIES,-631.1
8201,302,2025-06-27,Entertainment,-443.95
8202,165,2024-09-14,Healthcare,-2069.05
8203,390,2024-03-17,Salary Credit,37040.59
8204,350,2025-01-27,Transfer,4242.51
8205,382,2024-12-15,Shopping,-1166.26
8206,376,2025-06-06,Dining,-321.55
8207,74,2024-10-02,Entertainment,-194.07
8208,410,2024-01-02,ATM Withdrawal,-1164.4
8209,394,2025-05-05,Shopping,-1130.7
8210,114,2025-01-02,ATM Withdrawal,-490.65
8211,460,2025-03-12,Shopping,-1176.57
8212,247,2024-03-05,groceries,-1440.92
8213,151,2024-09-06,ATM Withdrawal,-1728.15
8214,105,2024-09-06,Groceries,-1799.8
8215,171,2024-05-25,dining ,-2288.17
8216,18,2025-04-06,Dining,-1296.88
8217,324,2024-04-12,Utilities,-50.06
8218,332,2024-02-08,Entertainment,-933.84
8219,313,2024-05-07,Groceries,-57.85
8220,257,2025-06-23,Utilities,-1960.54
8221,170,2024-03-02,Transfer,-4981.63
8222,339,2024-11-12,Entertainment,-2246.09
8223,408,2024-04-09,ATM Withdrawal,-2184.6
8224,42,2024-08-03,Healthcare,-1473.31
8225,180,2024-10-27,ATM Withdrawal,-1674.0
8226,466,2024-01-11,ATM Withdrawal,-2053.85
8227,404,2024-05-11,Travel,-56.41
8228,466,2024-11-15,Utilities,-1423.04
8229,86,2024-01-08,shopping,-1698.68
8230,218,2024-09-26,Transfer,696.5
8231,62,2024-11-24,ATM Withdrawal,-2921.0
8232,406,2024-04-27,Transfer,-8302.14
8233,243,2024-03-29,Salary Credit,48271.16
8234,114,2024-09-24,ATM Withdrawal,-346.28
8235,43,2025-01-26,Dining,-58.37
8236,346,2024-01-07,Utilities,-1110.7
8237,380,2024-07-03,shopping,-1827.14
8238,412,2025-06-28,GROCERIES,-1688.24
8239,455,2024-07-01,Entertainment,-2739.2
8240,382,2024-06-30,dining ,-920.36
8241,368,2025-02-06,groceries,-875.98
8242,380,2024-09-18,ATM Withdrawal,-1206.99
8243,468,2024-08-01,dining ,-159.42
8244,217,2025-03-03,Shopping,-2551.7
8245,356,2024-01-17,Dining,-974.96
8246,384,2025-01-23,dining ,-1427.91
8247,55,2024-07-26,ATM Withdrawal,-1932.88
8248,324,2025-04-29,Travel,-522.63
8249,159,2025-01-30,shopping,-1449.65
8250,62,2025-05-28,Dining,-1193.1
8251,80,2024-03-11,shopping,-2077.85
8252,54,2024-04-13,Travel,-1207.57
8253,421,2025-05-07,groceries,-1371.2
8254,362,2024-07-31,ATM Withdrawal,-359.0
8255,48,2025-03-20,shopping,-149.77
8256,293,2025-01-09,Entertainment,-2934.48
8257,310,2024-09-29,Transfer,9243.73
8258,244,2024-01-25,Shopping,-735.34
8259,284,2024-02-10,GROCERIES,-290.51
8260,425,2025-01-25,Transfer,5649.32
8261,243,2024-02-23,shopping,-339.69
8262,309,2024-01-03,Transfer,4203.55
8263,268,2024-04-29,Shopping,-39.47
8264,186,2025-05-13,groceries,-1587.29
8265,417,2024-12-07,Transfer,-12509.26
8266,194,2025-01-26,Transfer,9513.03
8267,375,2024-12-21,GROCERIES,-3433.51
8268,284,2024-11-04,ATM Withdrawal,-1745.75
8269,321,2024-05-19,Shopping,-2601.29
8270,356,2024-08-21,Shopping,-2003.51
8271,345,2024-10-23,Entertainment,-295.97
8272,265,2025-06-22,dining ,-864.97
8273,289,2025-05-05,,-1581.64
8274,239,2025-02-05,dining ,-2237.0
8275,159,2025-03-19,Entertainment,-1194.07
8276,341,2025-03-15,Dining,-1699.14
8277,412,2024-12-29,ATM Withdrawal,-900.61
8278,331,2025-03-25,Transfer,585.38
8279,362,2024-02-09,Transfer,6328.1
8280,389,2024-01-12,groceries,-757.05
8281,172,2024-08-30,GROCERIES,-43.6
8282,30,2024-01-30,Healthcare,-666.37
8283,158,2024-07-03,shopping,-1456.76
8284,354,2024-04-18,Groceries,-1801.29
8285,382,2025-06-05,GROCERIES,-1033.99
8286,241,2024-12-23,Transfer,9470.75
8287,365,2024-01-23,Entertainment,-941.93
8288,35,2024-12-06,shopping,-2076.36
8289,302,2025-02-03,Travel,-599.35
8290,318,2024-06-26,ATM Withdrawal,-29.68
8291,238,2025-04-26,Groceries,-349.7
8292,336,2025-06-14,Entertainment,-421.89
8293,231,2025-06-18,dining ,-806.03
8294,246,2024-02-20,dining ,-2984.02
8295,283,2024-09-01,Utilities,-728.75
8296,372,2025-02-27,GROCERIES,-861.2
8297,117,2024-08-29,Travel,-1338.25
8298,141,2024-09-19,ATM Withdrawal,-11.38
8299,197,2024-06-27,shopping,-1331.32
8300,95,2024-08-16,ATM Withdrawal,-1791.04
8301,157,2025-01-13,Dining,-2534.34
8302,165,2024-01-14,Travel,-2382.47
8303,148,2025-03-11,shopping,-1526.8
8304,192,2025-01-31,Shopping,-998.97
8305,237,2024-03-16,dining ,-1051.02
8306,326,2025-02-24,Transfer,6222.55
8307,142,2024-10-11,Groceries,-1158.04
8308,396,2024-06-22,Groceries,-1118.34
8309,225,2024-09-05,Dining,-358.92
8310,338,2024-10-08,ATM Withdrawal,-1803.6
8311,54,2024-04-24,GROCERIES,-1467.98
8312,82,2024-11-26,groceries,-519.34
8313,213,2024-12-08,Shopping,-2540.12
8314,172,2024-07-19,Utilities,-1387.68
8315,233,2024-09-07,dining ,-81.68
8316,75,2024-12-01,ATM Withdrawal,-2050.4
8317,222,2024-10-01,Salary Credit,39618.74
8318,322,2024-08-24,groceries,-831.18
8319,341,2025-06-05,dining ,-1031.77
8320,117,2025-04-23,Utilities,-1976.89
8321,162,2024-07-25,Healthcare,-1148.04
8322,246,2025-01-26,Transfer,-279.23
8323,243,2025-03-17,Utilities,-207.0
8324,371,2024-03-01,Healthcare,-1228.77
8325,183,2024-11-18,shopping,-547.35
8326,314,2025-03-11,Travel,-1016.08
8327,414,2024-02-01,Healthcare,-1871.3
8328,140,2024-07-02,ATM Withdrawal,-477.15
8329,386,2025-03-10,shopping,-538.19
8330,156,2025-05-24,Salary Credit,45877.78
8331,157,2025-06-24,Healthcare,-713.69
8332,306,2024-11-24,Dining,-2106.82
8333,291,2024-01-24,Utilities,-1317.12
8334,258,2024-01-16,Travel,-1283.75
8335,109,2025-03-18,Healthcare,-714.61
8336,46,2025-02-04,GROCERIES,-1820.16
8337,426,2024-04-15,groceries,-1054.72
8338,410,2024-03-12,Travel,-2303.52
8339,415,2024-03-20,dining ,-339.82
8340,240,2025-04-23,ATM Withdrawal,-1256.94
8341,414,2025-02-20,Utilities,-1238.14
8342,222,2025-05-31,Transfer,5933.82
8343,36,2024-03-02,ATM Withdrawal,-2463.29
8344,93,2025-01-13,shopping,-27.42
8345,128,2025-05-18,Transfer,-3940.8
8346,177,2024-10-17,Groceries,-503.26
8347,440,2025-02-25,shopping,-3275.89
8348,156,2024-11-24,Salary Credit,52467.35
8349,287,2024-01-04,dining ,-1665.53
8350,127,2024-08-21,groceries,-1904.6
8351,302,2024-05-22,Shopping,-2343.92
8352,266,2024-02-15,shopping,-646.81
8353,71,2024-11-20,ATM Withdrawal,-875.09
8354,217,2025-05-21,dining ,-1508.05
8355,50,2024-01-30,Dining,-746.19
8356,417,2024-06-28,Healthcare,-365.21
8357,330,2024-12-30,Groceries,-723.43
8358,441,2024-06-19,Healthcare,-1543.54
8359,410,2024-03-04,ATM Withdrawal,-2020.31
8360,103,2024-04-14,Salary Credit,34833.58
8361,331,2024-01-14,Utilities,-1029.22
8362,47,2025-06-24,Entertainment,-1151.38
8363,450,2024-09-24,Entertainment,-51.61
8364,368,2025-05-28,ATM Withdrawal,-1603.96
8365,319,2025-01-08,ATM Withdrawal,-1103.63
8366,466,2024-07-09,Shopping,-355.31
8367,397,2025-05-28,Groceries,-765.9
8368,405,2024-05-21,Healthcare,-1681.73
8369,47,2024-04-08,Groceries,-2080.08
8370,12,2025-03-14,Shopping,-1505.62
8371,450,2024-10-28,Utilities,-2915.49
8372,118,2024-08-18,Transfer,-8346.16
8373,200,2024-11-16,ATM Withdrawal,-1696.21
8374,21,2025-06-11,Salary Credit,39378.02
8375,292,2024-06-01,groceries,-2218.04
8376,385,2025-05-06,dining ,-508.25
8377,394,2025-05-11,groceries,-1872.12
8378,273,2025-02-17,Healthcare,-999.62
8379,310,2024-03-26,Groceries,-755.59
8380,241,2024-02-19,Healthcare,-57.95
8381,209,2024-03-06,Groceries,-942.38
8382,260,2025-01-17,Entertainment,-185.25
8383,438,2024-08-05,shopping,-1225.7
8384,119,2025-06-22,Transfer,3049.69
8385,221,2024-01-04,Salary Credit,42439.7
8386,282,2024-07-22,Transfer,5658.45
8387,267,2024-05-23,ATM Withdrawal,-1157.61
8388,15,2025-04-25,Dining,-2413.13
8389,135,2024-03-07,Healthcare,-583.15
8390,303,2024-08-10,Salary Credit,49297.86
8391,325,2025-04-17,dining ,-1434.2
8392,344,2025-06-13,Utilities,-229.87
8393,464,2025-05-14,Shopping,-1278.54
8394,315,2024-12-22,Entertainment,-1121.82
8395,272,2024-03-29,Transfer,10323.0
8396,156,2024-02-22,Utilities,-2356.51
8397,174,2024-08-12,ATM Withdrawal,-513.63
8398,387,2024-09-18,groceries,-1771.78
8399,220,2024-10-07,Utilities,-1869.49
8400,335,2024-01-28,Transfer,5437.64
8401,59,2025-01-03,dining ,-211.7
8402,61,2024-08-03,Utilities,-342.88
8403,101,2024-02-29,GROCERIES,-1675.09
8404,92,2025-05-13,Groceries,-1656.16
8405,285,2024-07-13,groceries,-943.17
8406,299,2024-05-06,groceries,-2384.2
8407,262,2024-09-25,shopping,-2544.08
8408,136,2025-06-02,Entertainment,-2533.46
8409,270,2025-03-25,GROCERIES,-2537.29
8410,56,2024-02-24,Entertainment,-1185.75
8411,222,2025-01-09,ATM Withdrawal,-1.36
8412,73,2024-12-28,Dining,-909.84
8413,36,2025-04-27,Utilities,-1096.66
8414,78,2025-06-10,dining ,-633.24
8415,53,2025-02-10,Transfer,1533.61
8416,224,2024-12-22,ATM Withdrawal,-1843.0
8417,256,2024-07-11,Utilities,-2665.47
8418,285,2025-05-04,groceries,-3343.8
8419,206,2025-05-28,dining ,-1423.41
8420,83,2025-06-24,Salary Credit,43627.11
8421,10,2025-06-04,Groceries,-1166.74
8422,334,2024-12-15,Shopping,-2425.07
8423,460,2025-06-05,Salary Credit,55754.34
8424,132,2025-03-02,ATM Withdrawal,-983.47
8425,96,2024-05-10,Groceries,-2283.1
8426,146,2024-01-18,Shopping,-1345.45
8427,101,2025-06-18,shopping,-538.03
8428,105,2024-08-20,Transfer,4536.13
8429,232,2025-04-21,Shopping,-2732.78
8430,368,2024-06-06,Travel,-1849.52
8431,334,2024-07-15,groceries,-743.91
8432,450,2025-03-25,ATM Withdrawal,-2043.6
8433,168,2024-10-13,Salary Credit,50711.37
8434,231,2025-01-04,ATM Withdrawal,-921.04
8435,178,2024-06-23,ATM Withdrawal,-528.05
8436,20,2024-11-30,Entertainment,-199.85
8437,182,2024-09-22,Entertainment,-279.85
8438,122,2025-05-22,Utilities,-611.16
8439,225,2024-09-25,dining ,-1040.08
8440,74,2024-02-18,Entertainment,-2334.14
8441,348,2025-02-05,ATM Withdrawal,-1941.84
8442,395,2025-06-03,Healthcare,-1376.86
8443,450,2025-04-26,Shopping,-486.43
8444,40,2024-02-24,Healthcare,-1465.74
8445,56,2025-06-28,Groceries,-280.9
8446,453,2024-07-08,Shopping,-1985.88
8447,397,2025-03-30,Shopping,-2011.32
8448,276,2024-12-09,GROCERIES,-1245.81
8449,151,2025-06-14,Dining,-1935.16
8450,243,2024-07-05,dining ,-2112.79
8451,251,2024-11-27,groceries,-1298.61
8452,397,2025-01-06,Healthcare,-1069.6
8453,248,2024-03-25,Healthcare,-4.13
8454,13,2025-02-26,Entertainment,-880.44
8455,328,2024-03-19,Healthcare,-303.07
8456,364,2025-03-27,Transfer,2801.23
8457,140,2024-03-09,Healthcare,-565.38
8458,55,2024-04-07,Dining,-2081.42
8459,67,2024-09-26,Dining,-1397.1
8460,394,2024-04-09,Entertainment,-2244.79
8461,210,2024-02-11,shopping,-1921.76
8462,248,2024-01-29,ATM Withdrawal,-1648.97
8463,450,2024-06-05,Shopping,-1914.8
8464,29,2024-09-24,Utilities,-1335.73
8465,97,2024-01-24,Utilities,-2374.56
8466,390,2024-03-15,ATM Withdrawal,-741.22
8467,253,2024-11-29,shopping,-1181.88
8468,13,2024-06-22,Utilities,-948.73
8469,329,2025-02-16,Salary Credit,61136.42
8470,65,2025-04-03,Travel,-631.34
8471,367,2024-01-17,Shopping,-2358.97
8472,374,2025-06-01,ATM Withdrawal,-27.01
8473,386,2025-01-07,Shopping,-1290.25
8474,218,2025-03-24,Healthcare,-1036.57
8475,126,2024-09-17,Shopping,-281.21
8476,413,2024-01-01,Healthcare,-601.99
8477,262,2025-04-27,Transfer,6509.2
8478,298,2024-11-05,Entertainment,-897.18
8479,64,2024-01-21,Transfer,7693.33
8480,292,2024-03-31,Salary Credit,44830.5
8481,272,2024-04-22,Shopping,-1498.09
8482,137,2024-07-23,Shopping,-2183.86
8483,359,2024-08-29,Dining,-2591.23
8484,63,2024-08-21,dining ,-857.47
8485,337,2025-04-18,GROCERIES,-1103.31
8486,450,2025-05-28,ATM Withdrawal,-309.23
8487,266,2025-01-04,GROCERIES,-3653.45
8488,50,2024-12-11,shopping,-1335.68
8489,259,2025-04-15,groceries,-2075.84
8490,248,2024-05-25,Groceries,-635.6
8491,259,2024-10-31,Shopping,-880.11
8492,128,2024-12-16,Entertainment,-2189.43
8493,294,2024-06-04,Utilities,-1663.59
8494,124,2025-06-02,Entertainment,-2709.96
8495,262,2024-05-08,GROCERIES,-449.05
8496,279,2024-02-02,shopping,-1003.75
8497,303,2024-06-25,GROCERIES,-1661.82
8498,374,2025-03-20,Utilities,-1799.12
8499,414,2024-07-23,groceries,-1577.35
8500,364,2024-04-28,GROCERIES,-9.19
8501,373,2025-04-20,ATM Withdrawal,-351.63
8502,407,2024-03-24,ATM Withdrawal,-1507.45
8503,114,2024-03-27,Dining,-189.0
8504,138,2025-05-04,Entertainment,-402.57
8505,250,2024-06-24,ATM Withdrawal,-1233.59
8506,218,2024-01-02,Utilities,-501.52
8507,329,2024-08-24,Travel,-1406.35
8508,5,2025-02-07,Utilities,-1119.35
8509,66,2025-02-16,Transfer,2635.49
8510,350,2024-02-17,shopping,-511.95
8511,385,2024-06-02,Groceries,-2350.1
8512,142,2024-12-02,Dining,-1545.71
8513,146,2024-12-25,Utilities,-1422.59
8514,263,2024-12-04,Travel,-1249.38
8515,224,2024-07-03,shopping,-383.32
8516,80,2025-04-15,Healthcare,-692.07
8517,235,2024-02-12,dining ,-960.65
8518,384,2025-03-24,Utilities,-627.14
8519,342,2025-05-27,groceries,-642.3
8520,383,2025-01-08,Travel,-1693.74
8521,302,2024-08-22,ATM Withdrawal,-657.18
8522,411,2024-07-26,Healthcare,-1907.31
8523,117,2024-08-25,ATM Withdrawal,-966.24
8524,22,2024-03-31,GROCERIES,-1333.68
8525,54,2024-04-30,Entertainment,-1171.93
8526,465,2024-12-12,Transfer,-8618.63
8527,300,2024-10-26,Dining,-311.69
8528,116,2024-09-27,Healthcare,-2783.49
8529,400,2024-09-15,ATM Withdrawal,-428.91
8530,145,2024-02-12,Transfer,4447.21
8531,280,2025-04-17,shopping,-723.95
8532,117,2025-06-04,Dining,-2556.98
8533,45,2024-05-13,Transfer,-7152.63
8534,126,2024-06-20,,-787.53
8535,107,2024-12-09,Healthcare,-1932.46
8536,259,2024-01-02,dining ,-1027.84
8537,10,2024-02-25,Utilities,-862.96
8538,113,2025-05-06,ATM Withdrawal,-577.46
8539,266,2024-04-04,Shopping,-1140.06
8540,185,2024-11-10,Travel,-880.53
8541,298,2025-04-25,ATM Withdrawal,-141.81
8542,307,2025-02-03,ATM Withdrawal,-493.62
8543,452,2024-05-28,Shopping,-1918.57
8544,392,2024-03-24,Utilities,-837.6
8545,107,2025-01-26,Salary Credit,38675.32
8546,325,2024-08-08,shopping,-1241.85
8547,294,2025-06-11,Transfer,-6465.8
8548,279,2024-12-17,ATM Withdrawal,-1785.13
8549,374,2024-01-07,shopping,-1504.1
8550,70,2024-05-16,Groceries,-2288.06
8551,176,2025-02-09,Dining,-1244.26
8552,382,2025-01-17,Utilities,-987.51
8553,418,2025-02-08,Salary Credit,51987.59
8554,18,2024-05-07,Transfer,-3787.47
8555,221,2024-05-15,Healthcare,-233.78
8556,124,2024-04-23,Shopping,-2832.5
8557,79,2025-01-14,ATM Withdrawal,-3076.86
8558,27,2024-01-07,Salary Credit,43599.82
8559,252,2025-03-19,Travel,-1887.12
8560,313,2024-06-02,Salary Credit,50596.45
8561,249,2024-09-22,Travel,-1370.46
8562,173,2024-05-14,Shopping,-2293.93
8563,361,2024-08-19,Entertainment,-61.66
8564,306,2025-02-20,shopping,-1033.64
8565,426,2024-04-18,GROCERIES,-678.18
8566,163,2024-11-06,Shopping,-290.07
8567,112,2024-02-01,Healthcare,-263.11
8568,214,2024-04-06,groceries,-454.04
8569,238,2025-01-08,Healthcare,-754.14
8570,215,2024-11-05,Healthcare,-1528.4
8571,390,2024-11-29,Shopping,-601.28
8572,22,2024-05-02,Utilities,-709.41
8573,247,2024-04-22,Groceries,-538.75
8574,202,2024-08-19,GROCERIES,-1326.36
8575,99,2024-03-11,Travel,-655.93
8576,301,2025-04-29,Transfer,-1980.33
8577,376,2024-05-26,Healthcare,-2039.09
8578,256,2025-01-26,dining ,-414.9
8579,40,2024-03-26,shopping,-55.35
8580,36,2024-12-20,shopping,-1865.92
8581,198,2024-04-21,Travel,-315.41
8582,313,2024-06-02,Shopping,-2306.42
8583,147,2024-08-12,Entertainment,-276.6
8584,145,2024-03-08,Travel,-1272.15
8585,403,2024-03-08,groceries,-304.87
8586,7,2025-02-14,ATM Withdrawal,-1211.65
8587,38,2024-07-07,GROCERIES,-731.1
8588,73,2024-11-05,Healthcare,-315.73
8589,461,2024-12-18,Healthcare,-243.26
8590,233,2024-12-05,groceries,-713.31
8591,75,2024-12-07,shopping,-1627.54
8592,146,2025-06-15,Transfer,2844.21
8593,454,2024-12-09,Shopping,-555.4
8594,325,2024-07-08,Shopping,-1043.11
8595,105,2024-06-04,Healthcare,-1201.24
8596,113,2025-03-12,dining ,-1197.06
8597,36,2024-08-17,,-809.5
8598,362,2024-10-31,GROCERIES,-871.02
8599,65,2025-03-20,Utilities,-941.47
8600,135,2024-05-08,Entertainment,-973.66
8601,164,2024-05-01,ATM Withdrawal,-834.96
8602,291,2024-01-29,Salary Credit,51257.05
8603,284,2024-02-09,Groceries,-2453.92
8604,375,2024-12-01,Entertainment,-2258.79
8605,140,2024-10-01,Utilities,-1281.07
8606,181,2024-06-11,shopping,-130.01
8607,182,2024-04-25,dining ,-707.08
8608,22,2025-01-14,Shopping,-514.35
8609,346,2024-02-16,Shopping,-68.14
8610,251,2025-01-16,Utilities,-352.13
8611,223,2025-05-08,Shopping,-544.01
8612,466,2024-09-05,Travel,-55.29
8613,84,2024-09-26,ATM Withdrawal,-2039.5
8614,454,2024-10-19,Shopping,-1748.17
8615,319,2024-02-21,Entertainment,-1155.73
8616,104,2024-12-07,groceries,-1543.52
8617,318,2024-07-18,Groceries,-1475.31
8618,354,2024-09-12,dining ,-539.86
8619,170,2024-01-13,groceries,-2819.03
8620,162,2025-04-23,shopping,-508.23
8621,391,2024-06-30,,-301.2
8622,76,2024-02-11,Groceries,-1345.17
8623,7,2025-03-02,Utilities,-1707.83
8624,312,2025-06-18,Shopping,-928.3
8625,425,2024-10-10,ATM Withdrawal,-2320.22
8626,235,2024-01-19,Travel,-1362.57
8627,64,2025-06-24,Healthcare,-461.43
8628,253,2024-04-23,Dining,-665.62
8629,118,2024-05-11,Shopping,-1333.77
8630,388,2025-01-21,dining ,-1272.46
8631,287,2024-06-29,Transfer,8640.3
8632,158,2024-02-16,Dining,-1951.31
8633,293,2025-01-07,Healthcare,-210.89
8634,313,2024-05-22,ATM Withdrawal,-1048.15
8635,318,2025-04-14,Shopping,-81.4
8636,172,2024-03-24,Shopping,-2512.73
8637,268,2025-05-08,Utilities,-323.86
8638,20,2025-01-29,GROCERIES,-1381.88
8639,189,2024-05-10,Entertainment,-571.95
8640,177,2024-11-11,,-1234.04
8641,251,2025-05-26,groceries,-975.53
8642,445,2024-02-05,groceries,-1711.71
8643,447,2025-03-22,Utilities,-1677.89
8644,227,2024-09-07,Transfer,-1007.8
8645,303,2025-06-01,Shopping,-1481.97
8646,51,2024-04-23,ATM Withdrawal,-2054.81
8647,226,2025-01-27,GROCERIES,-1661.43
8648,322,2025-06-11,Entertainment,-874.46
8649,320,2024-07-06,dining ,-1243.27
8650,451,2024-02-28,Utilities,-1337.19
8651,219,2024-08-01,Healthcare,-2457.33
8652,425,2024-11-21,ATM Withdrawal,-2731.2
8653,459,2024-12-09,Shopping,-1780.4
8654,268,2024-09-19,,-1248.08
8655,43,2025-05-23,GROCERIES,-1172.04
8656,177,2024-11-11,groceries,-1265.36
8657,358,2024-12-15,dining ,-1384.85
8658,272,2025-06-05,dining ,-735.38
8659,439,2025-05-26,ATM Withdrawal,-2971.32
8660,382,2024-07-04,Shopping,-487.25
8661,30,2024-06-04,Travel,-2366.0
8662,404,2025-02-12,Transfer,-4173.92
8663,168,2024-10-13,Utilities,-895.05
8664,384,2024-08-31,groceries,-1405.84
8665,238,2025-01-15,Travel,-872.11
8666,214,2024-12-26,Transfer,9157.99
8667,34,2025-05-13,shopping,-981.92
8668,56,2024-07-18,Healthcare,-273.64
8669,279,2025-02-14,Entertainment,-330.63
8670,267,2024-05-03,Transfer,-7173.01
8671,260,2025-05-25,Transfer,-7716.53
8672,74,2024-02-15,Shopping,-117.94
8673,239,2025-02-12,Entertainment,-479.9
8674,29,2024-02-25,Shopping,-241.01
8675,68,2025-04-24,Travel,-943.1
8676,234,2025-06-06,dining ,-2065.79
8677,289,2025-03-21,Transfer,-6650.42
8678,307,2025-03-05,Travel,-1872.2
8679,460,2024-09-17,Transfer,3239.69
8680,400,2024-05-13,Healthcare,-47.15
8681,178,2025-06-21,Travel,-671.37
8682,367,2024-10-15,Utilities,-1939.23
8683,45,2025-03-21,Dining,-1742.58
8684,402,2025-01-24,Shopping,-1271.2
8685,181,2025-01-17,ATM Withdrawal,-2053.99
8686,356,2024-07-11,Utilities,-1331.08
8687,455,2024-08-20,shopping,-901.34
8688,330,2024-08-27,shopping,-211.92
8689,431,2024-11-24,Utilities,-2344.18
8690,5,2025-01-26,groceries,-1113.54
8691,80,2024-04-18,Dining,-793.74
8692,294,2024-05-03,Transfer,-9496.24
8693,253,2024-01-27,Utilities,-2093.38
8694,57,2024-10-13,Groceries,-876.0
8695,337,2024-12-30,Travel,-1622.78
8696,28,2024-04-24,ATM Withdrawal,-2304.38
8697,464,2025-01-22,Transfer,-6042.28
8698,74,2024-01-02,Travel,-1308.65
8699,209,2025-04-17,shopping,-681.27
8700,386,2025-01-11,ATM Withdrawal,-2321.18
8701,241,2025-01-07,Entertainment,-274.51
8702,349,2025-01-20,Salary Credit,30034.28
8703,330,2024-07-14,ATM Withdrawal,-423.87
8704,445,2025-06-26,groceries,-430.4
8705,218,2025-02-10,Travel,-1637.37
8706,459,2024-04-08,Entertainment,-2244.57
8707,242,2025-05-17,dining ,-1507.49
8708,419,2025-02-07,Utilities,-2761.96
8709,343,2024-06-18,ATM Withdrawal,-837.17
8710,63,2025-05-31,Entertainment,-991.14
8711,302,2024-05-15,Groceries,-480.08
8712,412,2024-12-17,Entertainment,-681.78
8713,61,2024-12-31,Dining,-637.82
8714,393,2025-06-08,Entertainment,-7.55
8715,50,2024-11-06,Entertainment,-1767.11
8716,408,2025-06-25,Transfer,235.42
8717,370,2024-06-03,Entertainment,-382.03
8718,71,2025-03-12,Healthcare,-1898.73
8719,340,2024-05-13,Entertainment,-2675.01
8720,55,2025-06-28,Shopping,-1132.74
8721,266,2025-02-20,Shopping,-2048.6
8722,433,2024-12-07,Groceries,-152.34
8723,97,2024-02-06,dining ,-2306.9
8724,82,2024-09-27,ATM Withdrawal,-555.89
8725,198,2024-03-19,Groceries,-1800.82
8726,173,2025-05-15,Healthcare,-1175.5
8727,23,2024-07-25,Dining,-526.17
8728,214,2025-03-28,GROCERIES,-403.36
8729,122,2025-05-08,Dining,-1353.99
8730,59,2024-03-01,groceries,-464.68
8731,130,2025-02-17,dining ,-1466.9
8732,10,2024-06-13,Shopping,-74.65
8733,429,2024-02-29,Utilities,-1686.56
8734,466,2024-05-22,Transfer,-918.21
8735,173,2024-10-26,Travel,-1598.86
8736,411,2025-04-11,ATM Withdrawal,-1934.95
8737,216,2025-01-11,ATM Withdrawal,-1048.74
8738,427,2024-05-07,Groceries,-1127.88
8739,82,2024-06-10,groceries,-2536.99
8740,134,2024-06-14,Transfer,3397.27
8741,347,2025-02-05,ATM Withdrawal,-1776.59
8742,104,2024-10-09,dining ,-1580.09
8743,386,2024-01-14,ATM Withdrawal,-981.45
8744,200,2024-02-11,Utilities,-106.48
8745,190,2024-02-11,GROCERIES,-2076.26
8746,213,2025-06-07,dining ,-85.62
8747,374,2024-10-02,Transfer,-11834.62
8748,3,2024-09-24,Travel,-124.02
8749,352,2025-02-18,shopping,-205.28
8750,365,2024-04-13,groceries,-1507.57
8751,385,2024-01-18,groceries,-1694.21
8752,467,2024-05-27,Dining,-323.43
8753,367,2024-04-23,shopping,-2723.19
8754,248,2025-03-10,Transfer,4256.28
8755,219,2025-03-22,Transfer,6158.01
8756,182,2024-12-11,dining ,-2289.61
8757,388,2025-05-10,Groceries,-2648.31
8758,184,2024-09-10,Dining,-1373.58
8759,268,2024-05-11,Entertainment,-53.33
8760,45,2024-06-29,Shopping,-67.35
8761,149,2024-03-18,Transfer,3072.5
8762,125,2025-05-05,Utilities,-1234.01
8763,204,2024-11-25,shopping,-1392.54
8764,235,2025-02-25,Shopping,-2214.0
8765,336,2024-06-02,Salary Credit,28413.26
8766,203,2025-01-26,Shopping,-1190.32
8767,71,2024-06-29,dining ,-1614.73
8768,256,2024-08-31,Travel,-1327.2
8769,26,2024-12-21,Healthcare,-1608.19
8770,398,2025-06-18,Utilities,-3657.07
8771,361,2024-10-31,ATM Withdrawal,-1896.03
8772,106,2025-01-21,Healthcare,-1477.1
8773,124,2024-11-20,Shopping,-953.76
8774,13,2024-08-18,Shopping,-1409.51
8775,171,2025-05-23,groceries,-2583.42
8776,18,2025-06-07,Transfer,3959.77
8777,439,2024-06-18,Entertainment,-2274.22
8778,63,2025-05-03,Healthcare,-1617.71
8779,309,2024-09-02,dining ,-2663.93
8780,267,2025-02-07,Entertainment,-2180.14
8781,111,2024-10-08,Travel,-1370.58
8782,379,2025-02-22,Salary Credit,46000.52
8783,51,2025-04-20,Dining,-918.06
8784,416,2024-08-18,dining ,-2079.23
8785,347,2025-01-16,Salary Credit,40278.33
8786,298,2024-10-03,Shopping,-1302.37
8787,412,2025-03-11,Healthcare,-1025.92
8788,189,2024-04-14,Dining,-7.1
8789,132,2025-02-01,Entertainment,-1398.37
8790,73,2024-11-20,shopping,-172.81
8791,433,2024-09-03,GROCERIES,-796.62
8792,188,2024-07-20,Dining,-1800.43
8793,389,2025-01-17,Transfer,-5458.86
8794,156,2024-07-08,Transfer,-2405.85
8795,447,2024-01-18,Groceries,-2143.98
8796,408,2025-05-31,Travel,-402.46
8797,145,2024-09-01,Shopping,-1835.72
8798,228,2024-03-30,Salary Credit,55390.87
8799,372,2024-05-03,ATM Withdrawal,-177.49
8800,106,2025-03-28,Transfer,3504.76
8801,12,2024-06-29,Utilities,-1445.6
8802,136,2024-06-02,groceries,-350.91
8803,277,2024-09-22,Dining,-151.13
8804,64,2024-01-16,Healthcare,-1151.77
8805,157,2024-11-01,shopping,-694.99
8806,430,2024-01-23,Dining,-1068.64
8807,36,2025-03-31,Transfer,7678.09
8808,24,2024-08-21,shopping,-255.66
8809,199,2024-04-28,Utilities,-1097.6
8810,7,2024-09-04,Groceries,-668.13
8811,14,2024-04-05,Transfer,3238.98
8812,86,2024-06-23,ATM Withdrawal,-137.84
8813,48,2024-03-12,Dining,-1553.75
8814,380,2024-12-30,Dining,-3694.29
8815,58,2025-06-15,Utilities,-1109.47
8816,245,2024-09-21,ATM Withdrawal,-546.48
8817,331,2024-02-23,Utilities,-543.74
8818,293,2024-02-10,Utilities,-2041.24
8819,307,2025-03-29,Travel,-410.74
8820,168,2024-07-08,Healthcare,-2369.67
8821,416,2024-06-10,shopping,-273.12
8822,33,2024-02-25,Travel,-1373.09
8823,51,2024-12-27,shopping,-1797.02
8824,401,2024-02-04,ATM Withdrawal,-1886.2
8825,32,2025-05-07,Entertainment,-1823.05
8826,90,2024-04-23,Healthcare,-1439.42
8827,82,2024-02-07,Shopping,-2238.23
8828,16,2025-01-16,Shopping,-308.13
8829,55,2024-07-12,Utilities,-620.28
8830,269,2025-01-14,Transfer,-3790.87
8831,310,2024-01-22,ATM Withdrawal,-2535.16
8832,39,2025-04-14,Utilities,-1619.58
8833,442,2024-06-17,shopping,-1813.74
8834,45,2025-02-16,Dining,-1038.81
8835,322,2025-05-24,ATM Withdrawal,-1935.13
8836,375,2024-10-18,Dining,-196.81
8837,244,2024-07-01,Utilities,-831.98
8838,231,2024-06-19,GROCERIES,-1004.35
8839,52,2025-01-09,Dining,-773.11
8840,114,2024-01-04,dining ,-910.86
8841,399,2024-03-21,ATM Withdrawal,-1692.17
8842,164,2024-12-18,ATM Withdrawal,-1414.52
8843,17,2024-01-14,Shopping,-2274.31
8844,342,2024-06-06,Travel,-677.65
8845,320,2024-12-18,Entertainment,-2539.42
8846,32,2024-05-16,Entertainment,-615.25
8847,24,2025-05-22,Salary Credit,55527.82
8848,55,2025-06-15,ATM Withdrawal,-824.21
8849,24,2024-01-19,Transfer,1769.56
8850,289,2024-04-04,ATM Withdrawal,-105.48
8851,63,2025-05-09,Dining,-1723.02
8852,285,2024-01-18,Shopping,-1197.65
8853,83,2024-09-22,dining ,-106.34
8854,456,2025-06-01,Transfer,7300.06
8855,340,2024-11-16,ATM Withdrawal,-827.06
8856,176,2024-06-15,Healthcare,-406.02
8857,201,2024-01-04,groceries,-2570.52
8858,31,2024-08-02,shopping,-2886.94
8859,26,2024-10-22,ATM Withdrawal,-1200.38
8860,252,2024-02-14,Entertainment,-2346.36
8861,11,2024-10-14,Entertainment,-2565.33
8862,299,2024-08-08,dining ,-1185.32
8863,179,2024-06-26,Healthcare,-739.01
8864,66,2025-06-13,Healthcare,-1279.85
8865,251,2025-05-02,Healthcare,-109.05
8866,259,2025-01-13,Salary Credit,49543.57
8867,350,2024-11-18,Transfer,5169.45
8868,93,2024-09-15,GROCERIES,-1237.81
8869,257,2024-02-08,Dining,-437.23
8870,396,2024-06-16,groceries,-1167.76
8871,127,2024-01-06,Shopping,-23.45
8872,391,2024-07-18,Healthcare,-765.87
8873,339,2024-09-15,Salary Credit,36093.44
8874,202,2024-11-29,shopping,-411.03
8875,414,2024-07-12,Transfer,-1772.76
8876,453,2024-05-18,shopping,-813.67
8877,111,2025-01-21,shopping,-1636.99
8878,459,2024-03-23,Salary Credit,46422.35
8879,2,2024-03-09,shopping,-2175.51
8880,61,2025-01-14,Salary Credit,37378.38
8881,21,2024-11-15,Transfer,7751.42
8882,173,2025-04-18,Shopping,-1122.07
8883,439,2025-02-06,Travel,-1366.5
8884,281,2025-05-06,shopping,-3102.76
8885,289,2024-12-28,Entertainment,-971.21
8886,40,2025-04-03,Travel,-764.27
8887,242,2024-04-02,,2021.08
8888,180,2024-10-16,Salary Credit,42686.3
8889,225,2025-05-29,GROCERIES,-2119.59
8890,123,2025-03-05,Shopping,-1716.22
8891,95,2024-08-07,Dining,-2489.32
8892,446,2025-05-19,Dining,-1524.76
8893,262,2024-06-19,dining ,-816.75
8894,193,2024-01-13,ATM Withdrawal,-1766.18
8895,35,2025-03-10,Salary Credit,45834.04
8896,357,2024-08-12,Shopping,-1201.54
8897,222,2024-01-19,shopping,-2296.41
8898,181,2024-04-21,Travel,-953.07
8899,313,2024-02-09,Entertainment,-1721.7
8900,62,2025-06-27,Healthcare,-230.93
8901,250,2025-04-06,Transfer,3203.59
8902,404,2025-05-21,Utilities,-917.69
8903,218,2024-04-09,Entertainment,-1693.23
8904,1,2025-03-13,Transfer,1707.64
8905,108,2024-11-03,GROCERIES,-2556.26
8906,27,2024-06-10,Utilities,-330.96
8907,235,2024-12-30,Utilities,-1120.68
8908,171,2025-06-02,ATM Withdrawal,-1210.47
8909,62,2024-09-07,Shopping,-1469.33
8910,322,2024-01-16,Dining,-1605.71
8911,83,2025-04-04,Dining,-3235.87
8912,160,2024-04-12,shopping,-657.63
8913,463,2024-04-09,ATM Withdrawal,-1481.46
8914,32,2024-12-02,shopping,-1124.81
8915,116,2025-03-11,dining ,-2084.62
8916,149,2025-03-08,Salary Credit,48590.99
8917,239,2025-04-18,Healthcare,-1397.79
8918,115,2025-04-26,dining ,-144.44
8919,454,2024-03-10,shopping,-792.19
8920,3,2024-06-12,Travel,-321.08
8921,444,2025-01-27,dining ,-797.54
8922,251,2024-07-31,Entertainment,-456.7
8923,18,2025-01-25,Healthcare,-733.64
8924,55,2024-09-04,Utilities,-830.11
8925,49,2024-09-03,Utilities,-845.81
8926,135,2024-01-15,GROCERIES,-935.18
8927,156,2024-11-27,Salary Credit,37575.61
8928,301,2025-04-15,GROCERIES,-1233.33
8929,146,2025-03-22,shopping,-388.3
8930,340,2024-07-03,Dining,-661.03
8931,138,2025-01-03,ATM Withdrawal,-1154.83
8932,124,2024-04-18,Entertainment,-1123.43
8933,129,2024-12-11,groceries,-3442.4
8934,155,2024-08-11,Transfer,-5959.5
8935,393,2025-05-20,Transfer,3434.48
8936,116,2025-01-22,dining ,-1284.57
8937,128,2024-02-09,Entertainment,-111.11
8938,448,2025-04-19,Salary Credit,48921.82
8939,306,2025-01-29,shopping,-315.41
8940,90,2024-04-27,ATM Withdrawal,-58.0
8941,407,2024-06-02,Utilities,-561.06
8942,86,2024-04-04,groceries,-2558.91
8943,76,2024-06-18,Travel,-208.32
8944,209,2025-05-29,ATM Withdrawal,-1500.31
8945,324,2025-05-06,Entertainment,-656.52
8946,89,2024-10-27,Travel,-1222.33
8947,353,2024-07-16,Dining,-2761.66
8948,74,2024-07-18,Groceries,-1650.23
8949,366,2025-06-05,Healthcare,-665.78
8950,45,2024-04-18,dining ,-1239.16
8951,218,2025-02-16,Entertainment,-782.39
8952,300,2025-06-26,Dining,-2303.74
8953,125,2025-04-11,Groceries,-1109.85
8954,287,2025-01-26,dining ,-96.11
8955,323,2025-05-05,shopping,-1077.3
8956,305,2024-04-28,Utilities,-573.43
8957,186,2025-06-20,Entertainment,-744.19
8958,362,2024-02-19,shopping,-1043.18
8959,343,2024-01-08,groceries,-1204.01
8960,153,2024-04-18,Salary Credit,48050.63
8961,344,2024-11-27,Travel,-2115.76
8962,430,2024-05-15,ATM Withdrawal,-947.33
8963,383,2024-12-11,Transfer,2489.94
8964,344,2024-03-01,Healthcare,-1183.25
8965,359,2025-01-14,shopping,-2293.7
8966,377,2024-05-05,Utilities,-1203.56
8967,136,2024-10-12,Travel,-1081.02
8968,338,2024-03-04,Travel,-987.24
8969,94,2025-06-12,Shopping,-1192.63
8970,168,2024-07-24,groceries,-2919.4
8971,438,2024-11-25,Dining,-1124.06
8972,133,2024-09-21,Healthcare,-962.77
8973,395,2024-11-20,Entertainment,-1234.44
8974,198,2024-09-05,GROCERIES,-591.29
8975,99,2024-02-09,Healthcare,-205.16
8976,46,2025-03-27,Transfer,220.01
8977,257,2024-12-16,groceries,-545.9
8978,212,2024-05-18,Entertainment,-2263.11
8979,240,2024-02-15,Healthcare,-2250.38
8980,21,2025-04-28,Salary Credit,36072.13
8981,126,2024-06-30,Transfer,5394.59
8982,2,2025-05-09,Utilities,-547.56
8983,142,2025-02-21,Shopping,-2377.82
8984,436,2025-06-07,ATM Withdrawal,-1885.83
8985,72,2024-12-25,shopping,-1524.77
8986,323,2024-04-08,Utilities,-1261.66
8987,3,2024-01-20,Salary Credit,32495.82
8988,263,2024-05-13,Transfer,9070.91
8989,431,2024-08-27,Transfer,-6227.78
8990,160,2024-12-05,Groceries,-535.84
8991,93,2025-05-03,Travel,-613.91
8992,268,2024-03-17,GROCERIES,-1645.1
8993,131,2024-12-12,Salary Credit,53817.92
8994,418,2024-02-16,dining ,-2752.36
8995,398,2024-09-19,Healthcare,-538.17
8996,306,2024-02-10,Salary Credit,43728.99
8997,300,2024-07-22,Travel,-684.9
8998,282,2024-11-26,ATM Withdrawal,-1015.01
8999,345,2025-02-06,dining ,-1671.95
9000,216,2025-03-14,groceries,-432.03
9001,454,2024-10-12,GROCERIES,-575.9
9002,162,2024-05-21,shopping,-153.33
9003,5,2025-05-12,Entertainment,-1508.54
9004,327,2025-05-23,Dining,-1545.52
9005,310,2025-06-11,Transfer,88.24
9006,460,2025-03-07,groceries,-2312.78
9007,186,2025-02-27,Utilities,-573.87
9008,199,2024-02-12,ATM Withdrawal,-1447.42
9009,264,2024-11-08,Transfer,-4965.33
9010,184,2024-08-09,Healthcare,-356.76
9011,368,2024-05-21,Salary Credit,44805.46
9012,201,2024-02-07,shopping,-1442.43
9013,367,2024-04-26,GROCERIES,-1020.62
9014,200,2025-05-13,Utilities,-1290.83
9015,106,2025-05-10,Entertainment,-2191.64
9016,464,2025-02-08,Shopping,-775.87
9017,247,2024-02-25,Utilities,-1788.02
9018,331,2025-01-09,dining ,-1010.63
9019,277,2024-03-10,Groceries,-2482.09
9020,169,2025-01-07,Transfer,782.07
9021,455,2024-01-19,Travel,-2373.42
9022,174,2024-06-04,Healthcare,-721.52
9023,465,2024-03-07,Shopping,-3100.61
9024,202,2025-05-23,Transfer,7550.75
9025,11,2024-11-05,Groceries,-1055.17
9026,18,2025-05-17,dining ,-1812.65
9027,456,2024-01-12,Utilities,-1812.28
9028,248,2025-02-07,Dining,-1071.83
9029,182,2024-09-18,Healthcare,-1887.87
9030,380,2024-09-12,Transfer,5082.63
9031,289,2025-04-20,Utilities,-620.27
9032,310,2024-01-26,shopping,-1219.26
9033,321,2025-05-29,Shopping,-1651.7
9034,93,2024-01-16,Salary Credit,52776.11
9035,42,2024-07-16,Groceries,-972.57
9036,341,2024-03-16,Utilities,-848.6
9037,11,2024-10-12,Groceries,-1984.37
9038,337,2024-11-20,Entertainment,-2236.39
9039,61,2024-12-15,Travel,-1865.88
9040,123,2025-03-10,ATM Withdrawal,-1062.26
9041,332,2025-02-13,Entertainment,-3493.71
9042,292,2025-05-31,Utilities,-1271.42
9043,366,2024-09-02,GROCERIES,-1394.79
9044,286,2024-04-05,Utilities,-2669.65
9045,23,2024-03-25,ATM Withdrawal,-2575.25
9046,394,2024-05-30,shopping,-1836.76
9047,101,2024-11-24,groceries,-388.5
9048,64,2024-01-30,GROCERIES,-1301.39
9049,412,2025-06-04,ATM Withdrawal,-1665.7
9050,92,2025-06-23,ATM Withdrawal,-2956.86
9051,251,2024-03-30,groceries,-3854.78
9052,228,2025-03-01,Transfer,-7557.99
9053,361,2024-11-20,Utilities,-466.51
9054,21,2024-09-18,GROCERIES,-1087.62
9055,50,2025-02-04,Utilities,-419.25
9056,195,2024-11-09,ATM Withdrawal,-2702.31
9057,222,2024-06-25,ATM Withdrawal,-1414.05
9058,369,2024-11-02,shopping,-1464.1
9059,284,2024-03-14,Utilities,-1244.33
9060,70,2024-05-18,Travel,-1538.67
9061,459,2025-06-14,Travel,-1569.42
9062,216,2024-04-11,Travel,-583.32
9063,452,2024-11-22,shopping,-319.03
9064,464,2024-06-10,Shopping,-5.32
9065,25,2024-09-10,GROCERIES,-249.63
9066,237,2024-05-14,Utilities,-1375.42
9067,198,2024-11-05,Groceries,-465.17
9068,234,2024-10-30,Salary Credit,52840.8
9069,146,2024-12-02,Travel,-1416.6
9070,262,2024-06-16,ATM Withdrawal,-451.88
9071,231,2024-11-11,Groceries,-830.57
9072,88,2025-02-01,Utilities,-710.56
9073,136,2025-01-27,Dining,-170.22
9074,69,2024-11-05,GROCERIES,-758.76
9075,395,2024-06-12,Transfer,2163.9
9076,318,2024-10-17,GROCERIES,-2896.42
9077,182,2024-10-19,dining ,-1873.92
9078,186,2025-06-02,Utilities,-904.96
9079,38,2024-07-24,Utilities,-2484.2
9080,136,2024-06-24,,-322.98
9081,433,2025-02-12,Healthcare,-901.04
9082,15,2024-12-12,Travel,-1968.51
9083,69,2024-08-20,Dining,-195.94
9084,396,2024-01-01,Shopping,-1816.53
9085,244,2025-01-19,shopping,-1463.51
9086,16,2025-02-05,Shopping,-1729.27
9087,230,2025-05-22,Groceries,-2817.66
9088,351,2024-09-30,Groceries,-1609.98
9089,162,2024-10-07,groceries,-1313.44
9090,179,2024-04-23,Utilities,-147.62
9091,296,2024-09-07,shopping,-1389.26
9092,281,2024-01-01,Entertainment,-768.05
9093,423,2024-09-29,dining ,-1089.18
9094,116,2025-01-20,Transfer,6474.54
9095,130,2025-03-04,Dining,-308.44
9096,73,2024-12-27,Groceries,-1390.85
9097,312,2025-03-14,Salary Credit,36667.41
9098,250,2024-12-28,Dining,-418.86
9099,163,2025-03-01,Entertainment,-892.44
9100,326,2024-08-26,Healthcare,-1617.5
9101,177,2024-11-24,groceries,-500.7
9102,92,2024-12-14,dining ,-1322.93
9103,253,2024-11-08,Dining,-873.32
9104,205,2024-11-07,Entertainment,-268.12
9105,190,2025-03-02,Groceries,-1701.57
9106,209,2024-05-10,Transfer,-3046.02
9107,428,2024-06-21,Utilities,-1537.16
9108,102,2024-10-09,Shopping,-114.17
9109,130,2024-12-17,dining ,-1323.13
9110,265,2024-10-07,Transfer,-6055.32
9111,22,2024-04-18,ATM Withdrawal,-2003.29
9112,69,2025-03-24,groceries,-1780.94
9113,266,2024-10-24,dining ,-1469.29
9114,239,2024-08-24,shopping,-1961.41
9115,306,2025-04-23,Shopping,-863.62
9116,54,2024-08-25,Transfer,6563.84
9117,400,2024-03-29,Travel,-1219.6
9118,228,2025-06-20,Entertainment,-2865.55
9119,73,2024-07-27,Dining,-1446.15
9120,146,2025-05-02,Entertainment,-43.09
9121,107,2024-10-08,Entertainment,-1427.73
9122,212,2024-05-12,Salary Credit,37390.26
9123,220,2024-07-24,Healthcare,-1855.64
9124,203,2025-05-11,Travel,-1871.85
9125,216,2025-05-29,ATM Withdrawal,-651.84
9126,425,2024-03-16,GROCERIES,-265.95
9127,449,2025-06-21,Utilities,-1319.49
9128,230,2025-04-10,Shopping,-386.43
9129,451,2024-12-19,Entertainment,-445.39
9130,384,2024-04-09,Healthcare,-744.54
9131,384,2024-11-15,shopping,-1761.88
9132,106,2024-08-19,Entertainment,-135.54
9133,206,2024-03-08,Transfer,-12196.21
9134,165,2025-06-20,Transfer,10861.41
9135,46,2024-11-24,groceries,-2288.82
9136,36,2024-02-22,Shopping,-1239.41
9137,292,2024-07-05,shopping,-1876.79
9138,197,2025-04-02,Transfer,-3114.26
9139,387,2024-08-29,Shopping,-686.81
9140,313,2024-09-26,Transfer,3578.06
9141,40,2024-03-18,Healthcare,-1225.41
9142,393,2024-03-01,shopping,-1634.68
9143,233,2025-06-16,Transfer,-5095.34
9144,265,2025-06-03,Shopping,-296.83
9145,452,2024-02-21,Salary Credit,43432.58
9146,300,2024-10-26,shopping,-1779.7
9147,11,2025-01-06,Healthcare,-1099.0
9148,83,2025-04-24,Transfer,-2589.44
9149,200,2024-11-01,Transfer,1571.61
9150,18,2025-04-18,Utilities,-409.28
9151,79,2024-03-06,Shopping,-1574.48
9152,371,2024-01-08,Entertainment,-493.31
9153,67,2024-09-10,Healthcare,-882.7
9154,79,2024-05-24,Healthcare,-1214.32
9155,237,2025-02-15,ATM Withdrawal,-1162.27
9156,43,2024-07-02,ATM Withdrawal,-329.09
9157,120,2024-08-09,groceries,-1495.99
9158,439,2024-10-18,Transfer,2247.33
9159,296,2025-06-07,Utilities,-2685.58
9160,451,2024-02-09,Entertainment,-838.74
9161,166,2024-10-28,Groceries,-1747.1
9162,289,2024-07-30,Healthcare,-1859.83
9163,112,2024-01-20,shopping,-880.61
9164,178,2025-03-19,Groceries,-329.63
9165,82,2025-05-13,Salary Credit,50837.28
9166,390,2024-04-04,ATM Withdrawal,-80.34
9167,87,2025-02-18,Transfer,-6820.95
9168,96,2025-01-17,ATM Withdrawal,-1019.3
9169,218,2025-01-19,Shopping,-563.8
9170,201,2024-09-07,Groceries,-751.2
9171,147,2024-06-23,Entertainment,-484.05
9172,168,2024-02-08,Healthcare,-3163.03
9173,139,2024-01-20,Transfer,-8055.17
9174,428,2024-04-06,groceries,-458.12
9175,272,2024-10-14,Transfer,6790.45
9176,431,2024-03-17,Dining,-321.78
9177,462,2025-01-09,Healthcare,-697.15
9178,305,2024-12-03,groceries,-931.69
9179,387,2024-07-06,Groceries,-406.76
9180,52,2024-02-17,dining ,-2186.76
9181,445,2024-10-08,Transfer,-2856.92
9182,226,2025-03-24,ATM Withdrawal,-1095.21
9183,334,2024-08-02,ATM Withdrawal,-1305.01
9184,115,2025-03-15,Utilities,-2627.53
9185,45,2024-06-04,Entertainment,-1122.33
9186,415,2024-02-13,Travel,-3123.26
9187,211,2024-12-20,groceries,-873.58
9188,65,2025-04-29,Transfer,7810.9
9189,309,2025-04-26,shopping,-2928.07
9190,26,2025-06-06,Shopping,-961.95
9191,211,2024-02-28,Travel,-2312.54
9192,330,2024-01-24,ATM Withdrawal,-1962.68
9193,338,2024-11-06,GROCERIES,-515.3
9194,213,2025-06-01,Shopping,-1183.71
9195,174,2025-06-27,Travel,-1163.39
9196,393,2024-06-01,ATM Withdrawal,-271.63
9197,87,2024-07-23,Dining,-1347.76
9198,35,2024-12-28,dining ,-1272.01
9199,74,2025-05-12,,-1537.26
9200,375,2024-04-05,shopping,-1262.85
9201,220,2025-06-15,dining ,-599.46
9202,18,2025-03-21,ATM Withdrawal,-3401.55
9203,79,2024-02-07,Utilities,-1395.26
9204,14,2025-04-03,Travel,-2369.91
9205,382,2024-12-15,shopping,-1594.26
9206,216,2025-06-17,Travel,-2556.29
9207,32,2024-04-24,ATM Withdrawal,-501.58
9208,104,2025-06-24,ATM Withdrawal,-1119.98
9209,289,2024-01-26,Transfer,3655.79
9210,278,2024-02-11,shopping,-685.23
9211,384,2024-09-01,Utilities,-1440.76
9212,13,2024-12-24,Dining,-978.41
9213,33,2024-03-31,Travel,-84.44
9214,17,2024-05-28,Entertainment,-927.55
9215,185,2024-07-31,GROCERIES,-852.6
9216,341,2024-03-09,Dining,-1992.66
9217,311,2024-04-05,ATM Withdrawal,-102.23
9218,99,2024-03-22,shopping,-738.39
9219,308,2025-06-03,Entertainment,-524.65
9220,308,2025-05-25,GROCERIES,-1870.46
9221,90,2024-12-08,Entertainment,-709.09
9222,351,2025-01-07,ATM Withdrawal,-2141.45
9223,198,2024-03-15,Transfer,-6469.32
9224,28,2024-01-28,Travel,-2195.13
9225,183,2024-07-24,Utilities,-118.08
9226,361,2025-06-20,GROCERIES,-977.54
9227,326,2024-09-17,Transfer,-6263.3
9228,126,2025-03-16,Dining,-1378.09
9229,355,2024-07-20,Dining,-32.7
9230,183,2024-06-17,Utilities,-1826.86
9231,216,2025-03-18,Entertainment,-1242.95
9232,41,2024-09-13,Utilities,-1315.4
9233,467,2025-02-02,Travel,-1000.78
9234,393,2025-01-30,ATM Withdrawal,-1663.61
9235,92,2025-01-31,Entertainment,-1690.91
9236,263,2025-01-03,Transfer,-3735.69
9237,366,2025-03-17,Shopping,-136.07
9238,237,2024-09-09,groceries,-718.13
9239,99,2024-06-14,dining ,-2095.5
9240,454,2024-10-06,Dining,-832.94
9241,126,2024-06-25,Travel,-1220.27
9242,157,2024-01-24,Utilities,-899.79
9243,174,2024-07-16,shopping,-1483.84
9244,417,2024-09-29,Travel,-14.84
9245,235,2024-10-10,ATM Withdrawal,-1017.97
9246,337,2024-07-04,Groceries,-2186.65
9247,422,2025-01-30,Healthcare,-374.64
9248,435,2024-06-04,Transfer,4175.58
9249,401,2024-12-18,Utilities,-2147.64
9250,425,2024-05-26,Travel,-1872.03
9251,444,2025-06-21,Healthcare,-1607.15
9252,464,2024-12-19,Healthcare,-1549.97
9253,301,2024-10-30,Travel,-1535.72
9254,62,2024-08-21,groceries,-992.58
9255,54,2025-02-16,Healthcare,-2191.91
9256,373,2024-08-20,ATM Withdrawal,-778.32
9257,148,2025-03-13,ATM Withdrawal,-305.14
9258,377,2024-03-27,,-45.52
9259,438,2025-03-23,Transfer,-3111.87
9260,302,2025-06-08,Shopping,-559.75
9261,358,2024-05-12,shopping,-141.95
9262,131,2024-05-02,ATM Withdrawal,-1536.62
9263,204,2025-06-04,Travel,-348.17
9264,452,2024-08-09,Travel,-1693.61
9265,383,2025-01-13,ATM Withdrawal,-1848.9
9266,96,2024-04-13,Salary Credit,65584.01
9267,439,2024-08-21,Healthcare,-790.86
9268,234,2025-01-18,shopping,-1056.29
9269,395,2025-05-02,Utilities,-528.3
9270,245,2024-08-25,Utilities,-145.6
9271,283,2024-02-10,shopping,-821.78
9272,76,2024-08-13,GROCERIES,-501.6
9273,159,2024-12-16,shopping,-134.37
9274,339,2025-04-21,Travel,-1413.0
9275,395,2025-03-30,Utilities,-235.18
9276,42,2025-02-17,dining ,-1709.3
9277,36,2024-03-31,shopping,-1970.25
9278,325,2024-10-10,groceries,-421.75
9279,210,2024-11-09,Salary Credit,56188.11
9280,398,2024-09-12,Utilities,-1561.07
9281,32,2025-05-18,Entertainment,-1134.4
9282,164,2025-06-07,shopping,-400.77
9283,17,2024-04-24,Transfer,139.57
9284,333,2025-06-05,Entertainment,-2615.4
9285,402,2025-04-06,Entertainment,-2387.67
9286,74,2025-01-19,Entertainment,-2639.66
9287,152,2024-07-26,Dining,-2871.56
9288,396,2025-02-18,Utilities,-2437.24
9289,20,2024-11-15,ATM Withdrawal,-1414.54
9290,446,2025-05-05,shopping,-1703.83
9291,416,2025-01-22,Salary Credit,39525.38
9292,72,2025-06-09,ATM Withdrawal,-1414.74
9293,66,2024-08-16,groceries,-1871.05
9294,324,2024-02-14,Dining,-1888.35
9295,5,2024-09-25,Salary Credit,43996.39
9296,237,2025-06-27,Salary Credit,28763.05
9297,31,2024-12-23,Transfer,6428.01
9298,249,2025-01-18,ATM Withdrawal,-745.17
9299,164,2024-12-06,Dining,-1798.7
9300,331,2024-11-19,Groceries,-104.49
9301,413,2024-02-03,Travel,-2425.43
9302,229,2024-08-13,Travel,-356.14
9303,301,2024-02-17,Transfer,9429.56
9304,281,2024-07-02,ATM Withdrawal,-196.35
9305,461,2025-01-27,Entertainment,-1743.01
9306,109,2025-03-14,shopping,-361.68
9307,112,2024-05-01,Utilities,-1192.02
9308,178,2024-12-22,Shopping,-2168.71
9309,345,2024-05-03,dining ,-2011.59
9310,405,2024-04-19,Groceries,-459.21
9311,131,2025-06-07,shopping,-648.69
9312,52,2024-11-28,Travel,-215.5
9313,285,2024-04-17,Groceries,-412.79
9314,280,2024-03-17,ATM Withdrawal,-449.53
9315,176,2024-01-27,Salary Credit,38162.18
9316,87,2024-09-27,groceries,-155.67
9317,398,2024-02-25,ATM Withdrawal,-1015.23
9318,397,2024-11-13,groceries,-1170.83
9319,350,2024-08-24,Shopping,-1188.05
9320,271,2024-12-12,Salary Credit,38608.19
9321,123,2024-04-23,Shopping,-678.84
9322,189,2024-03-20,ATM Withdrawal,-914.87
9323,33,2024-02-24,Travel,-1935.34
9324,117,2024-02-22,Dining,-590.9
9325,211,2024-02-09,Shopping,-310.83
9326,205,2024-05-20,Utilities,-910.95
9327,38,2025-03-12,dining ,-807.42
9328,449,2024-11-26,shopping,-253.56
9329,126,2024-05-16,dining ,-840.64
9330,239,2025-05-22,Shopping,-403.58
9331,218,2025-02-18,shopping,-1129.89
9332,220,2025-02-28,Transfer,-3390.3
9333,396,2025-05-04,Entertainment,-1659.96
9334,350,2025-02-10,ATM Withdrawal,-924.51
9335,407,2025-06-05,Entertainment,-961.93
9336,178,2024-06-28,shopping,-921.77
9337,125,2025-04-11,ATM Withdrawal,-1025.46
9338,201,2024-03-01,Transfer,870.5
9339,263,2024-06-12,Transfer,8353.84
9340,158,2025-05-01,Transfer,-5634.68
9341,216,2024-03-13,Entertainment,-711.64
9342,71,2024-09-29,Shopping,-2156.93
9343,274,2024-07-04,Healthcare,-3777.96
9344,335,2024-02-24,Travel,-150.05
9345,247,2024-05-08,groceries,-1164.94
9346,409,2024-10-18,Dining,-1800.42
9347,466,2024-12-09,shopping,-267.15
9348,424,2025-01-03,Groceries,-173.94
9349,44,2024-03-12,Dining,-2057.51
9350,413,2024-06-23,Travel,-1151.21
9351,157,2024-02-26,Salary Credit,39450.52
9352,212,2024-01-06,dining ,-276.62
9353,193,2024-07-31,Shopping,-1493.66
9354,133,2024-12-04,ATM Withdrawal,-61.36
9355,411,2024-07-21,Transfer,2132.8
9356,299,2024-01-22,ATM Withdrawal,-895.02
9357,453,2024-04-29,dining ,-209.01
9358,447,2024-08-23,Healthcare,-345.1
9359,197,2024-07-12,Entertainment,-2050.49
9360,341,2025-03-25,Travel,-1351.1
9361,236,2024-11-21,groceries,-1213.84
9362,232,2025-06-28,shopping,-1592.58
9363,347,2024-04-05,Entertainment,-246.89
9364,323,2024-07-20,Transfer,-6090.41
9365,427,2024-02-17,Entertainment,-1584.13
9366,362,2024-01-11,Healthcare,-278.69
9367,292,2025-05-18,ATM Withdrawal,-1737.03
9368,431,2024-09-25,dining ,-1412.12
9369,48,2024-12-25,GROCERIES,-1436.09
9370,358,2024-05-30,dining ,-2699.61
9371,184,2024-01-29,dining ,-1310.12
9372,203,2025-05-01,Groceries,-368.93
9373,366,2024-12-24,shopping,-1317.27
9374,129,2025-01-22,Transfer,1673.79
9375,414,2024-10-17,Groceries,-621.58
9376,234,2024-08-08,Transfer,-4804.55
9377,164,2024-08-18,Entertainment,-2048.8
9378,154,2025-02-19,dining ,-2057.28
9379,197,2024-05-03,Groceries,-1454.26
9380,442,2024-07-04,,-2613.04
9381,49,2024-06-16,Entertainment,-1357.05
9382,238,2024-10-11,ATM Withdrawal,-1022.52
9383,391,2025-06-11,GROCERIES,-1383.67
9384,221,2025-05-17,ATM Withdrawal,-540.27
9385,265,2024-10-23,Transfer,2063.84
9386,163,2024-04-19,Utilities,-768.57
9387,64,2025-05-27,,-1979.55
9388,300,2024-06-19,Shopping,-102.35
9389,431,2024-07-13,Dining,-323.33
9390,244,2025-04-27,Entertainment,-1924.76
9391,203,2024-05-23,Dining,-878.85
9392,61,2024-09-08,Transfer,-4402.01
9393,443,2025-05-14,ATM Withdrawal,-862.7
9394,407,2024-06-22,Dining,-2939.35
9395,423,2024-12-06,ATM Withdrawal,-1704.27
9396,169,2024-01-21,GROCERIES,-1426.76
9397,293,2025-06-26,dining ,-1377.71
9398,203,2024-08-16,Utilities,-1568.53
9399,110,2024-12-31,Entertainment,-2863.39
9400,97,2024-09-29,Entertainment,-863.46
9401,180,2024-08-24,Utilities,-1351.84
9402,259,2024-08-09,shopping,-1226.22
9403,58,2024-01-10,Healthcare,-2013.07
9404,329,2024-05-31,ATM Withdrawal,-2734.39
9405,215,2024-07-26,Groceries,-670.57
9406,413,2024-07-20,Travel,-1607.81
9407,131,2024-05-29,Travel,-1358.59
9408,25,2024-12-16,Utilities,-53.45
9409,147,2025-03-27,Shopping,-2073.14
9410,456,2025-04-30,ATM Withdrawal,-2607.07
9411,151,2025-06-13,ATM Withdrawal,-1937.74
9412,330,2024-12-20,Utilities,-631.11
9413,395,2024-08-12,ATM Withdrawal,-21.07
9414,134,2024-12-18,Shopping,-1776.99
9415,301,2024-03-13,Transfer,-2060.59
9416,96,2025-03-21,Groceries,-1388.4
9417,170,2024-10-18,Travel,-1862.25
9418,139,2024-03-31,Travel,-897.47
9419,315,2024-08-20,Utilities,-1014.01
9420,410,2024-06-13,ATM Withdrawal,-1099.29
9421,119,2024-07-09,Shopping,-375.55
9422,137,2024-01-28,Travel,-857.89
9423,385,2024-01-09,shopping,-255.73
9424,217,2024-07-09,ATM Withdrawal,-1861.9
9425,241,2024-06-13,ATM Withdrawal,-3709.43
9426,331,2025-06-28,Transfer,-5180.25
9427,65,2024-05-23,Entertainment,-2271.95
9428,409,2024-06-28,ATM Withdrawal,-964.52
9429,171,2025-05-13,dining ,-11.8
9430,309,2025-04-13,Transfer,-2463.03
9431,203,2024-01-31,Utilities,-2052.37
9432,353,2024-02-16,ATM Withdrawal,-1394.45
9433,287,2024-02-21,Healthcare,-2268.46
9434,82,2024-09-07,Utilities,-1139.63
9435,88,2024-11-08,Utilities,-152.54
9436,411,2024-07-10,Dining,-601.77
9437,244,2024-01-08,Healthcare,-3317.01
9438,130,2024-04-19,Travel,-1487.71
9439,68,2024-11-30,Transfer,11532.24
9440,61,2024-07-22,groceries,-869.19
9441,431,2024-03-08,dining ,-1842.44
9442,457,2024-12-20,groceries,-44.48
9443,185,2024-11-30,Transfer,-11669.3
9444,95,2024-09-24,Groceries,-494.57
9445,197,2025-05-27,Entertainment,-578.66
9446,64,2025-04-05,ATM Withdrawal,-1944.83
9447,258,2024-01-22,Entertainment,-1303.15
9448,293,2025-05-08,Travel,-2906.52
9449,462,2024-01-28,Shopping,-983.16
9450,150,2024-09-19,Groceries,-1261.91
9451,93,2025-05-06,shopping,-1485.17
9452,63,2025-06-19,shopping,-231.81
9453,177,2024-01-13,Groceries,-31.25
9454,282,2024-02-09,Healthcare,-50.79
9455,32,2024-05-11,Groceries,-1777.07
9456,356,2024-05-30,Dining,-1123.47
9457,216,2024-06-01,Salary Credit,34594.38
9458,372,2024-08-15,shopping,-714.89
9459,217,2024-06-22,dining ,-2118.07
9460,73,2024-11-13,Healthcare,-348.7
9461,11,2025-04-10,Dining,-1820.83
9462,261,2024-10-24,shopping,-222.18
9463,253,2024-06-29,groceries,-583.5
9464,381,2024-11-05,GROCERIES,-2766.96
9465,411,2024-12-04,shopping,-814.96
9466,76,2025-05-03,Transfer,8863.43
9467,148,2025-05-31,shopping,-3319.87
9468,98,2024-05-31,Utilities,-823.03
9469,50,2025-05-15,groceries,-600.84
9470,2,2025-03-21,Healthcare,-744.23
9471,39,2024-03-10,dining ,-1462.62
9472,246,2024-10-31,shopping,-1541.34
9473,72,2024-03-23,groceries,-1893.66
9474,92,2024-09-24,Groceries,-2452.22
9475,56,2024-01-25,Dining,-276.68
9476,339,2024-06-12,groceries,-2883.99
9477,298,2024-11-16,shopping,-946.4
9478,451,2024-06-14,Travel,-1527.3
9479,53,2024-01-06,Transfer,-2685.93
9480,98,2024-07-30,GROCERIES,-121.05
9481,214,2024-10-21,Travel,-1389.27
9482,304,2025-02-20,Travel,-332.25
9483,61,2024-03-15,dining ,-1001.63
9484,100,2024-09-16,GROCERIES,-829.07
9485,198,2024-04-18,Groceries,-873.97
9486,9,2024-03-24,GROCERIES,-419.39
9487,185,2024-03-07,Travel,-1650.4
9488,356,2025-02-18,,-1955.14
9489,247,2025-05-16,Travel,-2212.95
9490,204,2024-12-27,Travel,-1105.52
9491,229,2024-07-25,Travel,-1576.37
9492,444,2025-06-01,Dining,-1395.51
9493,244,2024-09-27,Shopping,-8.34
9494,251,2024-10-15,Travel,-2008.07
9495,436,2024-12-11,Healthcare,-2224.37
9496,74,2024-12-22,Groceries,-2153.43
9497,45,2024-09-25,Groceries,-2770.35
9498,211,2024-09-18,Transfer,8000.28
9499,150,2024-06-22,dining ,-451.69
9500,95,2025-01-06,Dining,-1215.63
9501,56,2025-01-01,Entertainment,-1546.89
9502,411,2024-08-25,Shopping,-2567.06
9503,288,2025-01-23,Salary Credit,42991.18
9504,324,2024-03-16,Groceries,-630.91
9505,56,2024-08-14,Dining,-288.55
9506,160,2025-06-21,dining ,-1985.79
9507,291,2025-02-03,Transfer,-2400.41
9508,248,2025-01-27,Travel,-1893.48
9509,326,2025-04-15,Shopping,-893.85
9510,314,2024-11-27,Healthcare,-7.73
9511,194,2024-12-27,Healthcare,-2397.73
9512,367,2024-09-19,groceries,-656.79
9513,122,2025-03-26,shopping,-1329.42
9514,38,2025-01-22,ATM Withdrawal,-1100.26
9515,428,2024-10-12,Transfer,83.73
9516,11,2024-03-10,Entertainment,-1492.87
9517,133,2025-03-15,ATM Withdrawal,-575.88
9518,54,2024-06-26,ATM Withdrawal,-2715.22
9519,109,2024-07-14,Groceries,-2103.62
9520,185,2024-03-08,Shopping,-1399.04
9521,61,2024-04-28,Shopping,-1042.53
9522,219,2024-03-09,ATM Withdrawal,-699.89
9523,434,2024-02-23,shopping,-630.52
9524,64,2024-01-12,Travel,-2289.33
9525,434,2024-06-09,shopping,-1360.17
9526,193,2025-02-15,Healthcare,-1485.21
9527,278,2025-04-15,Utilities,-2115.63
9528,207,2024-05-03,Transfer,-9376.47
9529,149,2024-08-19,Salary Credit,49369.58
9530,52,2025-03-29,Travel,-955.35
9531,278,2025-01-20,Travel,-1591.44
9532,429,2025-05-07,shopping,-1170.31
9533,244,2024-08-17,Transfer,7358.0
9534,281,2024-04-01,GROCERIES,-689.0
9535,302,2024-03-19,Entertainment,-2013.12
9536,182,2025-01-21,Transfer,6158.14
9537,57,2024-01-15,Utilities,-123.36
9538,238,2024-09-07,GROCERIES,-953.74
9539,407,2024-07-11,Groceries,-1601.87
9540,148,2025-05-15,GROCERIES,-1035.94
9541,408,2025-06-28,GROCERIES,-912.12
9542,400,2024-09-21,GROCERIES,-89.36
9543,115,2024-11-12,Healthcare,-1507.63
9544,270,2024-07-25,ATM Withdrawal,-2553.85
9545,350,2025-02-27,Transfer,-4302.23
9546,232,2024-06-09,Shopping,-759.96
9547,328,2025-02-09,Salary Credit,53418.05
9548,427,2025-05-07,Entertainment,-1209.81
9549,294,2024-04-03,dining ,-1868.78
9550,393,2024-05-03,ATM Withdrawal,-933.85
9551,375,2024-07-25,Entertainment,-834.42
9552,381,2025-03-27,Healthcare,-1939.76
9553,399,2024-12-15,Travel,-1805.24
9554,106,2024-04-15,Entertainment,-911.26
9555,9,2024-07-19,Shopping,-188.2
9556,72,2024-12-16,Dining,-302.26
9557,117,2025-06-09,Dining,-183.71
9558,323,2024-09-02,Shopping,-630.09
9559,239,2024-02-10,dining ,-1484.93
9560,220,2024-02-27,groceries,-299.07
9561,5,2024-01-16,GROCERIES,-240.34
9562,320,2024-03-09,Transfer,-9706.19
9563,171,2024-08-12,Entertainment,-2179.91
9564,356,2024-06-02,Entertainment,-457.47
9565,53,2024-06-13,shopping,-1552.56
9566,139,2025-02-21,Healthcare,-2060.22
9567,26,2024-09-17,shopping,-754.27
9568,134,2025-02-01,,-986.81
9569,433,2024-10-22,Shopping,-1500.16
9570,230,2024-04-21,dining ,-1639.03
9571,206,2025-05-31,Salary Credit,48016.99
9572,129,2024-09-16,Travel,-1851.85
9573,124,2025-03-31,Healthcare,-1394.09
9574,313,2024-02-22,Dining,-636.76
9575,462,2025-04-07,groceries,-798.36
9576,350,2025-01-25,Utilities,-498.75
9577,345,2024-05-16,Dining,-785.05
9578,221,2025-03-08,Healthcare,-1705.55
9579,47,2025-02-08,Shopping,-504.51
9580,339,2025-05-01,Utilities,-2162.96
9581,379,2024-04-24,Salary Credit,37093.44
9582,239,2025-04-27,Shopping,-1382.92
9583,43,2025-02-19,Dining,-1952.24
9584,334,2024-07-03,Travel,-1603.92
9585,432,2024-07-09,Utilities,-462.73
9586,106,2024-05-18,Salary Credit,46066.06
9587,75,2024-09-16,Transfer,-2786.61
9588,346,2025-05-03,dining ,-10.0
9589,156,2025-04-01,Salary Credit,46783.04
9590,335,2024-03-20,ATM Withdrawal,-75.97
9591,330,2024-03-12,Travel,-1420.33
9592,125,2024-02-02,shopping,-2510.38
9593,20,2024-11-30,Utilities,-1472.02
9594,261,2024-06-20,Travel,-990.47
9595,191,2025-02-18,Travel,-1055.37
9596,401,2025-02-18,Utilities,-2022.59
9597,168,2024-04-17,shopping,-924.96
9598,117,2025-01-13,Transfer,2206.05
9599,403,2025-02-20,Travel,-395.34
9600,345,2025-06-21,Healthcare,-2003.92
9601,290,2025-01-28,dining ,-762.62
9602,447,2024-07-14,Travel,-1699.7
9603,367,2025-06-28,Salary Credit,50088.02
9604,406,2024-05-30,Shopping,-339.58
9605,374,2025-03-14,Healthcare,-484.43
9606,188,2024-07-25,Utilities,-1719.54
9607,30,2025-05-24,Travel,-1326.41
9608,285,2025-03-02,shopping,-1039.04
9609,358,2024-11-22,shopping,-1615.55
9610,465,2024-04-26,Transfer,8037.34
9611,319,2024-04-12,Transfer,-3293.37
9612,267,2025-05-31,Groceries,-1305.52
9613,270,2025-03-12,Transfer,-2585.86
9614,54,2024-10-06,ATM Withdrawal,-1328.46
9615,4,2025-04-23,Shopping,-1201.72
9616,22,2025-03-02,Utilities,-465.73
9617,424,2024-07-30,Entertainment,-835.71
9618,370,2025-03-26,ATM Withdrawal,-908.2
9619,122,2025-03-09,dining ,-1859.87
9620,199,2024-09-17,Utilities,-412.39
9621,227,2024-01-11,ATM Withdrawal,-471.5
9622,116,2025-02-08,Entertainment,-863.76
9623,198,2024-07-04,Shopping,-1707.56
9624,163,2024-07-17,Entertainment,-1854.59
9625,326,2025-01-23,Travel,-1435.69
9626,355,2025-03-17,Travel,-1843.35
9627,47,2024-02-17,ATM Withdrawal,-2246.01
9628,218,2025-03-25,GROCERIES,-1341.76
9629,464,2024-06-08,groceries,-478.53
9630,407,2024-11-04,ATM Withdrawal,-1130.33
9631,372,2025-04-18,dining ,-25.53
9632,344,2024-04-28,dining ,-1555.25
9633,3,2024-04-30,groceries,-757.5
9634,456,2025-06-12,Dining,-1300.87
9635,345,2024-07-22,dining ,-1123.56
9636,416,2025-05-31,Utilities,-855.29
9637,426,2024-07-13,Healthcare,-1402.85
9638,120,2024-12-03,Salary Credit,44001.49
9639,7,2024-10-05,ATM Withdrawal,-632.57
9640,309,2025-06-20,Groceries,-211.88
9641,215,2024-10-26,dining ,-1520.36
9642,10,2024-10-01,Entertainment,-114.26
9643,127,2024-09-11,Salary Credit,59358.5
9644,464,2024-07-23,Transfer,230.5
9645,171,2024-08-27,Utilities,-1764.76
9646,123,2024-09-07,Shopping,-2224.49
9647,307,2025-02-20,shopping,-672.51
9648,312,2024-01-26,dining ,-1516.0
9649,156,2024-09-30,Transfer,-4624.46
9650,398,2024-10-26,Utilities,-1813.66
9651,272,2025-02-14,Shopping,-798.27
9652,76,2024-12-29,groceries,-2112.57
9653,153,2024-08-23,Salary Credit,43852.79
9654,397,2024-02-29,Transfer,6945.42
9655,42,2024-07-21,Travel,-2010.64
9656,6,2024-05-19,Healthcare,-902.69
9657,308,2024-04-21,dining ,-1413.65
9658,207,2025-01-28,Entertainment,-1507.51
9659,119,2024-09-17,ATM Withdrawal,-604.2
9660,221,2025-03-08,Entertainment,-11.08
9661,86,2024-03-16,ATM Withdrawal,-863.43
9662,176,2025-06-21,shopping,-3820.01
9663,110,2024-09-14,Travel,-2.93
9664,275,2024-05-18,Transfer,7656.96
9665,316,2024-07-16,Transfer,643.44
9666,429,2025-04-03,shopping,-649.24
9667,32,2025-01-21,ATM Withdrawal,-79.25
9668,154,2024-04-03,shopping,-211.25
9669,124,2025-06-23,Dining,-547.58
9670,272,2024-03-12,GROCERIES,-218.78
9671,250,2024-05-30,ATM Withdrawal,-1068.56
9672,411,2025-02-01,ATM Withdrawal,-1351.74
9673,431,2024-10-15,ATM Withdrawal,-489.85
9674,362,2024-08-31,Shopping,-1766.61
9675,94,2025-05-19,Utilities,-602.26
9676,20,2025-03-08,Dining,-1061.8
9677,421,2025-06-08,groceries,-752.33
9678,442,2024-06-02,Groceries,-1273.9
9679,118,2025-04-08,Salary Credit,63016.55
9680,22,2024-04-26,Transfer,7384.94
9681,319,2025-03-15,Entertainment,-1044.7
9682,276,2024-10-26,GROCERIES,-157.73
9683,416,2024-11-21,Transfer,-4517.01
9684,270,2024-03-03,Shopping,-593.9
9685,356,2025-04-24,Utilities,-616.45
9686,369,2024-05-31,ATM Withdrawal,-3065.69
9687,5,2024-11-21,Healthcare,-1093.65
9688,70,2024-03-31,Travel,-1605.51
9689,366,2025-05-19,Salary Credit,43375.08
9690,84,2024-06-23,dining ,-1141.3
9691,97,2025-02-19,dining ,-817.59
9692,352,2025-02-21,groceries,-2480.09
9693,96,2024-10-26,GROCERIES,-1239.65
9694,70,2024-03-06,ATM Withdrawal,-67.05
9695,7,2024-06-01,Groceries,-1554.71
9696,220,2024-11-29,ATM Withdrawal,-1096.72
9697,299,2024-10-19,Entertainment,-1543.01
9698,343,2024-11-14,Transfer,4005.23
9699,424,2024-05-15,Utilities,-713.05
9700,305,2024-10-20,Groceries,-2004.73
9701,355,2024-02-16,Travel,-2873.22
9702,99,2024-09-20,dining ,-473.0
9703,160,2024-02-19,Travel,-1273.84
9704,143,2024-12-27,Shopping,-713.86
9705,31,2024-11-04,Salary Credit,37704.95
9706,454,2025-04-09,Dining,-740.87
9707,113,2024-09-08,Dining,-1524.71
9708,210,2024-03-29,Entertainment,-764.89
9709,168,2024-05-08,Healthcare,-711.3
9710,21,2025-03-19,Salary Credit,54621.62
9711,423,2025-06-06,shopping,-804.53
9712,103,2024-02-03,ATM Withdrawal,-766.36
9713,47,2025-01-03,groceries,-2.38
9714,161,2024-09-19,Entertainment,-382.91
9715,68,2024-05-20,Dining,-2519.78
9716,468,2024-10-05,ATM Withdrawal,-1750.43
9717,89,2025-05-25,Dining,-2358.85
9718,142,2024-04-17,ATM Withdrawal,-443.48
9719,127,2025-04-01,Transfer,8143.46
9720,13,2024-02-18,ATM Withdrawal,-1721.38
9721,7,2025-01-27,Travel,-2622.29
9722,241,2024-02-10,Salary Credit,48216.11
9723,109,2024-02-03,Shopping,-1198.35
9724,40,2024-01-21,ATM Withdrawal,-918.95
9725,137,2025-03-14,shopping,-1575.12
9726,129,2024-11-08,Shopping,-1737.88
9727,199,2025-01-11,ATM Withdrawal,-2232.8
9728,465,2024-03-25,Dining,-484.89
9729,144,2025-05-17,ATM Withdrawal,-1169.78
9730,330,2025-03-16,GROCERIES,-231.0
9731,360,2024-09-23,ATM Withdrawal,-251.88
9732,24,2025-05-04,Travel,-1661.67
9733,235,2024-03-18,Transfer,-8799.6
9734,210,2024-06-08,Groceries,-2371.44
9735,238,2024-01-27,shopping,-1594.62
9736,81,2024-03-30,dining ,-3041.37
9737,218,2025-04-03,Entertainment,-846.74
9738,58,2024-08-11,GROCERIES,-2008.42
9739,443,2024-12-17,shopping,-13.92
9740,275,2025-04-25,Groceries,-1629.13
9741,17,2025-02-20,Transfer,4638.08
9742,237,2024-08-05,Utilities,-1411.1
9743,434,2024-07-08,Shopping,-1032.45
9744,348,2024-02-29,Dining,-1525.23
9745,128,2025-03-28,Utilities,-2766.27
9746,418,2025-06-20,GROCERIES,-1864.09
9747,87,2024-09-29,Shopping,-510.93
9748,116,2024-09-29,groceries,-1061.31
9749,73,2025-04-07,Healthcare,-232.22
9750,432,2024-07-05,Travel,-2408.71
9751,336,2024-08-09,Salary Credit,40971.33
9752,243,2025-05-02,Utilities,-1810.79
9753,313,2024-07-25,Dining,-1776.27
9754,122,2025-05-20,Transfer,-4832.97
9755,34,2024-03-28,Transfer,-3007.07
9756,396,2024-09-27,Salary Credit,62817.66
9757,452,2024-09-23,Transfer,-2132.08
9758,17,2024-06-16,dining ,-2208.86
9759,25,2025-06-08,Healthcare,-1947.7
9760,262,2024-09-20,shopping,-1753.62
9761,21,2025-04-24,Entertainment,-1092.11
9762,338,2024-04-29,ATM Withdrawal,-131.81
9763,443,2024-07-09,Utilities,-166.75
9764,132,2024-09-17,shopping,-502.7
9765,138,2024-11-03,Healthcare,-1532.78
9766,405,2024-05-05,groceries,-2001.56
9767,167,2024-06-19,Travel,-1482.61
9768,113,2024-12-05,Salary Credit,47077.68
9769,40,2024-05-31,Utilities,-2138.2
9770,394,2025-02-18,Utilities,-680.96
9771,434,2024-09-17,ATM Withdrawal,-786.23
9772,37,2025-06-12,Entertainment,-192.94
9773,376,2024-05-09,shopping,-2032.99
9774,75,2025-04-04,Healthcare,-608.41
9775,65,2024-09-24,GROCERIES,-1191.14
9776,179,2024-02-16,dining ,-380.65
9777,205,2025-01-19,GROCERIES,-1339.67
9778,400,2024-04-25,Travel,-1072.5
9779,328,2024-03-16,Salary Credit,47002.62
9780,68,2024-10-16,Dining,-840.75
9781,274,2025-03-04,Travel,-1836.65
9782,410,2024-05-20,ATM Withdrawal,-2517.13
9783,310,2024-12-05,Salary Credit,55117.83
9784,108,2024-01-08,Salary Credit,42100.79
9785,61,2024-04-10,Salary Credit,38079.6
9786,212,2025-02-15,Healthcare,-1376.05
9787,221,2024-01-08,ATM Withdrawal,-2977.86
9788,166,2024-07-13,Entertainment,-1152.13
9789,52,2024-10-03,Healthcare,-1954.87
9790,56,2024-02-06,Entertainment,-1905.4
9791,248,2025-06-17,Groceries,-1894.84
9792,442,2024-10-04,shopping,-2345.56
9793,280,2024-07-03,Travel,-14.87
9794,206,2025-06-16,GROCERIES,-333.09
9795,436,2024-10-31,Shopping,-1242.8
9796,324,2025-01-04,Dining,-2307.32
9797,336,2024-02-19,Shopping,-2305.26
9798,270,2024-03-27,Transfer,-7994.52
9799,358,2024-01-25,Travel,-820.58
9800,235,2024-10-07,Healthcare,-456.22
9801,292,2025-03-31,Transfer,-1013.0
9802,289,2025-05-06,Transfer,3960.2
9803,353,2024-11-09,groceries,-2103.07
9804,421,2024-01-30,Healthcare,-1706.52
9805,138,2024-12-07,Groceries,-1248.81
9806,328,2024-12-13,Transfer,-5174.83
9807,15,2024-11-21,GROCERIES,-822.76
9808,250,2025-01-28,dining ,-401.23
9809,421,2024-10-30,Utilities,-135.83
9810,302,2025-01-18,ATM Withdrawal,-1908.01
9811,126,2024-09-22,Entertainment,-1075.38
9812,284,2024-03-22,ATM Withdrawal,-19.32
9813,168,2024-02-13,ATM Withdrawal,-2430.36
9814,203,2025-05-09,Utilities,-2728.36
9815,107,2024-08-28,Healthcare,-2284.06
9816,293,2024-06-24,Travel,-1581.59
9817,93,2024-06-08,Entertainment,-1457.58
9818,208,2024-01-29,Transfer,5490.31
9819,440,2025-05-30,Utilities,-1765.84
9820,355,2024-02-15,Utilities,-1836.69
9821,194,2024-04-29,ATM Withdrawal,-1608.71
9822,454,2024-09-06,Healthcare,-1749.29
9823,7,2024-07-14,ATM Withdrawal,-2236.07
9824,450,2024-01-22,Entertainment,-1379.54
9825,165,2024-06-28,Healthcare,-21.71
9826,385,2025-02-28,Utilities,-1378.23
9827,444,2024-05-16,shopping,-1472.25
9828,282,2025-04-16,Salary Credit,32433.51
9829,286,2024-07-15,dining ,-621.69
9830,351,2024-01-08,Transfer,1682.33
9831,113,2024-02-29,Dining,-323.84
9832,84,2025-03-17,ATM Withdrawal,-1713.33
9833,161,2024-08-09,shopping,-640.03
9834,225,2025-06-18,Transfer,-7212.86
9835,348,2025-03-05,shopping,-809.5
9836,121,2024-01-17,Shopping,-1899.78
9837,265,2024-06-19,dining ,-2419.62
9838,2,2025-01-30,Transfer,7538.67
9839,15,2024-02-04,Travel,-1739.91
9840,453,2025-06-28,Shopping,-1969.02
9841,398,2024-03-31,Transfer,-7546.55
9842,405,2025-03-10,shopping,-143.63
9843,154,2025-04-03,Utilities,-1132.95
9844,241,2024-10-02,dining ,-1552.92
9845,316,2025-03-13,Shopping,-1132.55
9846,119,2025-04-27,Utilities,-3452.15
9847,349,2025-02-04,Utilities,-1027.72
9848,325,2025-01-20,Dining,-404.26
9849,191,2024-07-30,Travel,-1249.6
9850,204,2024-06-08,Shopping,-1945.48
9851,144,2025-04-17,Shopping,-414.42
9852,376,2024-05-02,Shopping,-1166.97
9853,462,2024-08-13,shopping,-1134.12
9854,468,2024-10-06,Utilities,-1146.37
9855,362,2024-07-31,Entertainment,-661.58
9856,164,2024-07-22,shopping,-2187.25
9857,366,2024-11-22,Transfer,-11502.27
9858,115,2024-06-28,shopping,-444.44
9859,420,2025-06-22,Travel,-23.76
9860,126,2024-04-06,ATM Withdrawal,-806.24
9861,189,2024-07-31,Dining,-2466.32
9862,44,2025-04-05,Healthcare,-967.79
9863,39,2024-09-16,Shopping,-1529.62
9864,185,2025-01-19,GROCERIES,-378.91
9865,258,2024-12-18,Travel,-2805.43
9866,9,2024-06-29,ATM Withdrawal,-934.15
9867,397,2025-02-09,groceries,-1424.47
9868,54,2024-05-09,Dining,-483.63
9869,468,2025-02-12,Entertainment,-397.04
9870,128,2024-03-10,Utilities,-1196.74
9871,178,2025-01-13,dining ,-1293.67
9872,75,2024-03-02,Groceries,-1976.5
9873,386,2025-04-18,Salary Credit,31498.13
9874,343,2024-12-06,Shopping,-344.14
9875,37,2024-01-23,Salary Credit,39502.1
9876,50,2024-02-29,Healthcare,-1308.09
9877,286,2024-04-12,GROCERIES,-183.41
9878,406,2025-06-07,dining ,-1114.11
9879,52,2024-11-17,dining ,-620.67
9880,104,2024-06-01,Travel,-1078.0
9881,256,2024-05-30,Groceries,-502.8
9882,51,2024-01-15,Travel,-289.59
9883,143,2024-04-20,Transfer,8338.94
9884,5,2025-04-11,Dining,-1932.08
9885,234,2024-11-22,Entertainment,-2201.43
9886,335,2024-07-19,Entertainment,-2307.03
9887,193,2024-01-12,Shopping,-1055.49
9888,121,2024-07-05,Entertainment,-2883.82
9889,199,2024-07-27,ATM Withdrawal,-1880.51
9890,239,2024-03-05,Utilities,-345.12
9891,78,2024-11-26,shopping,-598.2
9892,53,2024-12-25,Groceries,-1335.8
9893,86,2025-06-28,shopping,-1992.48
9894,462,2024-07-14,Transfer,-4313.44
9895,339,2024-05-30,Shopping,-326.03
9896,59,2025-03-24,Travel,-1911.43
9897,142,2024-07-09,ATM Withdrawal,-194.81
9898,193,2024-12-09,Healthcare,-1473.5
9899,85,2025-02-05,groceries,-1238.83
9900,399,2025-04-24,Utilities,-8.21
9901,441,2024-06-22,Dining,-2799.57
9902,115,2024-12-05,Healthcare,-1215.06
9903,8,2024-03-12,Shopping,-132.63
9904,125,2025-02-28,Groceries,-1243.69
9905,273,2024-01-25,Salary Credit,31159.03
9906,379,2025-01-14,shopping,-1524.98
9907,159,2024-04-23,GROCERIES,-1974.98
9908,128,2024-09-09,Entertainment,-3631.7
9909,117,2024-02-11,ATM Withdrawal,-1288.07
9910,2,2025-01-10,Groceries,-606.97
9911,7,2024-09-19,Healthcare,-1386.04
9912,201,2024-12-27,dining ,-2496.31
9913,290,2024-07-08,GROCERIES,-1650.82
9914,6,2024-01-04,Travel,-1949.41
9915,94,2024-11-12,Groceries,-1884.05
9916,426,2025-01-15,shopping,-1655.7
9917,464,2024-12-28,Utilities,-61.66
9918,301,2024-05-22,Dining,-110.68
9919,245,2025-01-25,Healthcare,-221.38
9920,273,2024-10-22,Utilities,-122.26
9921,174,2024-04-24,Travel,-225.87
9922,95,2024-03-01,Utilities,-2873.75
9923,176,2024-06-26,Transfer,-5299.58
9924,328,2024-01-13,Dining,-980.5
9925,311,2025-01-25,Groceries,-1374.15
9926,317,2024-01-09,Entertainment,-1263.06
9927,285,2024-01-27,Dining,-69.62
9928,29,2024-03-27,Entertainment,-1737.97
9929,294,2024-06-26,shopping,-588.16
9930,413,2024-01-11,Transfer,-2859.88
9931,304,2024-12-09,Groceries,-924.18
9932,272,2024-03-13,Healthcare,-1928.07
9933,105,2025-03-13,Utilities,-637.9
9934,371,2024-10-31,groceries,-1282.6
9935,212,2024-02-15,Transfer,5770.49
9936,124,2024-08-06,dining ,-1381.87
9937,230,2024-03-17,Utilities,-63.22
9938,58,2025-06-18,Shopping,-1314.18
9939,434,2024-11-18,Groceries,-376.75
9940,329,2025-03-16,dining ,-383.98
9941,153,2024-07-23,shopping,-783.62
9942,372,2024-03-20,Travel,-733.04
9943,26,2024-05-08,Shopping,-3864.17
9944,181,2024-08-15,ATM Withdrawal,-2078.58
9945,305,2025-02-23,Utilities,-1905.87
9946,12,2024-08-22,Travel,-833.04
9947,332,2025-05-21,Utilities,-1033.26
9948,383,2024-07-16,Utilities,-3514.41
9949,279,2024-05-07,GROCERIES,-627.66
9950,97,2024-09-27,shopping,-1429.43
9951,351,2024-03-01,Dining,-2857.17
9952,159,2024-12-31,ATM Withdrawal,-548.68
9953,345,2024-02-25,groceries,-1334.81
9954,295,2024-12-15,groceries,-1183.67
9955,44,2024-07-27,Utilities,-400.1
9956,47,2024-07-13,Travel,-1897.46
9957,8,2024-11-28,ATM Withdrawal,-196.21
9958,34,2025-01-19,ATM Withdrawal,-1898.28
9959,141,2025-05-21,Healthcare,-1586.59
9960,13,2024-06-06,Utilities,-2008.15
9961,440,2025-03-18,Groceries,-1025.22
9962,429,2025-03-31,Entertainment,-1550.51
9963,81,2025-06-26,ATM Withdrawal,-2123.56
9964,146,2025-06-09,Groceries,-68.01
9965,348,2025-03-06,Groceries,-112.39
9966,310,2024-06-09,Shopping,-1723.58
9967,273,2025-01-13,Utilities,-1940.69
9968,463,2025-03-03,Shopping,-1321.95
9969,295,2024-06-07,dining ,-2027.96
9970,314,2025-03-19,Healthcare,-874.02
9971,235,2025-01-17,shopping,-2340.43
9972,246,2024-09-24,Transfer,-4782.13
9973,137,2025-04-14,groceries,-499.14
9974,244,2024-02-17,Salary Credit,56398.96
9975,430,2025-01-07,Entertainment,-1944.18
9976,177,2025-03-04,GROCERIES,-794.74
9977,63,2024-01-23,shopping,-812.75
9978,281,2024-08-10,dining ,-1740.79
9979,368,2024-10-08,Shopping,-299.51
9980,449,2024-04-23,Transfer,-4493.83
9981,254,2025-04-24,ATM Withdrawal,-1393.29
9982,369,2024-12-07,Transfer,-1063.96
9983,118,2024-05-29,dining ,-383.68
9984,199,2024-08-26,Transfer,-8157.85
9985,197,2024-03-02,Salary Credit,43950.78
9986,156,2024-02-17,GROCERIES,-1850.3
9987,336,2025-02-10,Entertainment,-133.41
9988,414,2025-06-20,GROCERIES,-796.26
9989,153,2024-05-30,groceries,-1451.87
9990,64,2024-05-13,Transfer,4812.9
9991,387,2025-01-07,groceries,-1886.36
9992,398,2024-10-05,Groceries,-968.82
9993,438,2024-03-16,groceries,-977.59
9994,120,2024-12-29,Entertainment,-1788.27
9995,337,2024-04-24,groceries,-716.35
9996,335,2024-03-03,Travel,-383.1
9997,370,2024-09-10,Dining,-1618.37
9998,378,2025-02-06,Utilities,-332.67
9999,446,2024-10-11,Utilities,-2476.69
10000,224,2024-12-19,Entertainment,-457.88
10001,36,2024-05-09,Transfer,9879.88
10002,90,2024-09-26,Entertainment,-2978.25
10003,415,2025-01-23,ATM Withdrawal,-1117.88
10004,396,2024-10-14,Utilities,-2193.58
10005,6,2024-05-10,Dining,-1897.6
10006,172,2025-06-04,shopping,-757.61
10007,115,2024-02-06,Utilities,-1620.49
10008,151,2025-05-11,Salary Credit,38107.31
10009,299,2025-01-29,GROCERIES,-205.82
10010,239,2024-03-02,ATM Withdrawal,-1653.84
10011,226,2024-05-19,Utilities,-1706.83
10012,204,2024-07-19,shopping,-133.07
10013,301,2025-06-05,Healthcare,-1071.54
10014,320,2024-10-08,Dining,-132.5
10015,21,2024-05-20,GROCERIES,-784.81
10016,65,2025-05-16,dining ,-807.18
10017,160,2024-03-05,Utilities,-1866.78
10018,204,2025-03-21,shopping,-749.92
10019,467,2025-03-28,Healthcare,-64.39
10020,418,2024-07-29,Entertainment,-2744.16
10021,304,2024-01-24,ATM Withdrawal,-1645.42
10022,17,2025-04-27,ATM Withdrawal,-2006.42
10023,48,2025-06-11,Utilities,-1747.37
10024,215,2024-07-25,Entertainment,-2046.94
10025,275,2024-04-11,Shopping,-1592.89
10026,310,2024-05-27,dining ,-1618.61
10027,67,2024-03-15,Healthcare,-1314.59
10028,416,2024-11-28,shopping,-804.81
10029,231,2024-10-09,Dining,-1998.0
10030,278,2024-07-12,ATM Withdrawal,-961.86
10031,19,2024-12-20,Dining,-1305.96
10032,386,2024-12-05,Dining,-1533.07
10033,255,2024-01-07,dining ,-1609.09
10034,105,2024-08-11,shopping,-287.09
10035,150,2025-04-15,Utilities,-1381.08
10036,166,2025-03-09,groceries,-281.28
10037,13,2025-04-10,Travel,-1360.73
10038,441,2025-06-04,dining ,-1901.8
10039,376,2024-02-03,shopping,-2819.88
10040,415,2024-05-27,shopping,-1719.92
10041,166,2024-09-07,groceries,-1977.56
10042,262,2024-10-04,Dining,-221.02
10043,215,2025-03-04,Utilities,-1684.36
10044,223,2025-01-29,shopping,-196.11
10045,276,2025-01-19,Transfer,8607.33
10046,212,2024-03-27,Dining,-240.4
10047,362,2025-01-04,dining ,-320.58
10048,28,2025-03-09,GROCERIES,-1879.26
10049,91,2025-02-13,Salary Credit,58438.17
10050,418,2024-11-13,Utilities,-2152.07
10051,413,2024-02-18,ATM Withdrawal,-881.42
10052,383,2024-03-22,ATM Withdrawal,-309.59
10053,173,2025-02-09,groceries,-814.94
10054,214,2025-04-18,Travel,-1313.15
10055,12,2025-03-25,Healthcare,-1130.34
10056,131,2024-08-20,Utilities,-274.01
10057,340,2024-11-16,shopping,-2357.55
10058,161,2024-04-06,shopping,-2377.13
10059,225,2024-11-18,dining ,-2896.46
10060,58,2024-04-16,Transfer,2574.11
10061,233,2025-03-09,Groceries,-1425.76
10062,338,2025-03-04,Dining,-1204.35
10063,268,2024-01-28,shopping,-795.4
10064,261,2025-05-24,Entertainment,-429.43
10065,429,2025-03-09,Groceries,-302.05
10066,110,2024-07-25,Salary Credit,61209.22
10067,141,2024-09-02,GROCERIES,-84.29
10068,292,2024-02-12,Salary Credit,32539.92
10069,225,2025-05-25,Travel,-130.63
10070,459,2024-02-24,Travel,-1372.99
10071,28,2025-05-17,Healthcare,-954.27
10072,58,2024-12-22,ATM Withdrawal,-1572.27
10073,161,2025-05-15,Dining,-563.99
10074,215,2024-07-21,Healthcare,-1279.27
10075,417,2025-05-03,dining ,-1276.29
10076,232,2024-08-20,ATM Withdrawal,-2617.3
10077,205,2024-07-09,ATM Withdrawal,-2801.11
10078,79,2024-07-02,Transfer,4547.16
10079,204,2025-06-02,Travel,-1969.44
10080,249,2024-09-10,ATM Withdrawal,-1346.13
10081,274,2024-09-17,Salary Credit,51166.06
10082,284,2024-12-16,Travel,-1546.37
10083,202,2024-10-29,Entertainment,-1862.33
10084,74,2024-10-21,Dining,-1967.76
10085,72,2024-07-25,Dining,-1582.12
10086,73,2024-03-30,Salary Credit,46094.23
10087,290,2025-06-26,Dining,-2138.54
10088,401,2024-09-24,Transfer,-3271.71
10089,414,2025-06-13,Utilities,-198.78
10090,146,2024-09-08,Travel,-1582.77
10091,38,2024-11-22,ATM Withdrawal,-1823.07
10092,295,2024-10-24,Entertainment,-351.52
10093,18,2025-06-10,ATM Withdrawal,-647.6
10094,294,2024-03-01,groceries,-1875.91
10095,180,2024-10-09,Utilities,-1070.69
10096,393,2024-03-24,Transfer,-5165.75
10097,293,2025-04-18,Entertainment,-2021.38
10098,347,2024-10-15,Salary Credit,44134.99
10099,190,2025-05-18,Shopping,-1545.87
10100,394,2024-05-30,Travel,-227.18
10101,246,2024-03-29,Shopping,-1516.39
10102,293,2024-12-08,Travel,-4.96
10103,169,2024-03-20,Groceries,-32.92
10104,211,2024-07-22,groceries,-746.91
10105,394,2024-06-20,Salary Credit,49390.63
10106,185,2024-04-30,Shopping,-1247.23
10107,11,2024-03-12,Dining,-489.66
10108,178,2024-12-23,Entertainment,-1989.73
10109,184,2025-02-17,dining ,-1486.88
10110,196,2024-08-02,ATM Withdrawal,-2140.55
10111,34,2024-06-02,Transfer,-9302.86
10112,61,2024-03-26,Transfer,9745.76
10113,152,2025-01-03,Transfer,6463.61
10114,199,2025-03-16,Transfer,6489.31
10115,14,2024-10-25,Shopping,-1497.6
10116,183,2024-08-23,Salary Credit,34014.73
10117,150,2024-12-19,Entertainment,-661.21
10118,17,2025-05-13,Travel,-1106.37
10119,118,2025-06-23,ATM Withdrawal,-272.66
10120,129,2024-04-15,dining ,-2491.38
10121,68,2024-09-16,shopping,-1650.32
10122,352,2025-04-22,groceries,-2804.11
10123,34,2024-12-10,ATM Withdrawal,-1911.13
10124,271,2025-03-20,Travel,-57.04
10125,312,2025-06-26,dining ,-2376.28
10126,378,2024-02-26,Utilities,-794.41
10127,256,2024-11-29,ATM Withdrawal,-2428.08
10128,254,2024-10-16,Entertainment,-2557.28
10129,357,2024-06-04,GROCERIES,-2416.52
10130,400,2024-12-22,dining ,-2166.06
10131,99,2024-02-26,ATM Withdrawal,-1590.05
10132,373,2024-09-27,,-1190.71
10133,217,2024-08-14,Utilities,-2896.59
10134,46,2024-07-31,ATM Withdrawal,-1445.14
10135,287,2024-11-30,Entertainment,-853.25
10136,458,2025-05-29,Dining,-1597.72
10137,66,2025-05-31,shopping,-2233.95
10138,7,2025-01-16,GROCERIES,-2200.81
10139,429,2024-06-29,Healthcare,-222.51
10140,280,2025-06-10,Transfer,-7068.01
10141,103,2025-06-28,Shopping,-889.08
10142,371,2025-04-06,Healthcare,-458.01
10143,185,2025-04-20,dining ,-2487.08
10144,156,2025-03-21,ATM Withdrawal,-2575.95
10145,136,2025-02-18,Transfer,9709.31
10146,281,2025-01-30,Transfer,4371.15
10147,63,2024-12-13,ATM Withdrawal,-1251.26
10148,170,2024-12-18,Dining,-2552.23
10149,143,2024-07-31,GROCERIES,-1926.83
10150,29,2025-04-28,Dining,-998.54
10151,358,2024-12-11,Entertainment,-1345.79
10152,4,2024-11-30,Travel,-1842.42
10153,450,2025-02-08,Shopping,-1872.92
10154,45,2024-02-11,GROCERIES,-2712.47
10155,168,2025-05-15,shopping,-2510.87
10156,47,2024-11-13,Travel,-2322.36
10157,172,2025-05-29,shopping,-512.22
10158,286,2024-02-26,Travel,-567.4
10159,41,2024-05-07,GROCERIES,-308.33
10160,247,2025-06-01,groceries,-1580.84
10161,362,2025-01-12,Healthcare,-777.39
10162,214,2024-12-18,Salary Credit,49765.47
10163,53,2024-08-08,Salary Credit,50920.33
10164,324,2024-10-29,Entertainment,-1421.8
10165,88,2024-10-24,Shopping,-2016.35
10166,8,2024-04-17,Salary Credit,40074.43
10167,205,2024-11-04,shopping,-103.31
10168,127,2024-10-08,Dining,-591.69
10169,14,2024-06-19,Utilities,-1981.11
10170,364,2024-07-05,Entertainment,-2883.64
10171,281,2025-02-22,Travel,-2559.55
10172,426,2025-01-03,Dining,-1049.66
10173,225,2024-09-13,Transfer,7983.08
10174,206,2024-11-25,groceries,-17.12
10175,395,2024-05-11,Salary Credit,57675.08
10176,39,2024-09-29,ATM Withdrawal,-1707.07
10177,170,2024-11-02,Utilities,-1947.13
10178,374,2024-05-17,dining ,-484.54
10179,137,2024-04-02,Travel,-1654.35
10180,415,2024-10-13,Transfer,-6022.66
10181,133,2025-05-27,Entertainment,-1159.77
10182,194,2024-09-08,Transfer,4375.55
10183,420,2025-05-06,GROCERIES,-594.62
10184,114,2025-04-08,Dining,-1324.53
10185,454,2025-02-09,Salary Credit,35659.53
10186,21,2025-05-02,ATM Withdrawal,-1649.72
10187,125,2024-08-12,groceries,-2243.63
10188,277,2025-02-17,groceries,-858.12
10189,279,2024-03-19,GROCERIES,-1590.22
10190,426,2024-06-23,Utilities,-1187.48
10191,450,2024-11-04,ATM Withdrawal,-1600.42
10192,318,2024-01-21,Healthcare,-2064.32
10193,309,2025-02-21,Groceries,-1618.18
10194,149,2025-05-19,shopping,-2019.36
10195,378,2024-02-27,Travel,-1714.61
10196,301,2025-06-24,Travel,-2021.93
10197,12,2024-02-18,groceries,-1529.67
10198,390,2024-03-10,Utilities,-1543.18
10199,169,2025-02-19,dining ,-1867.54
10200,223,2025-01-08,ATM Withdrawal,-1179.86
10201,228,2025-05-25,Salary Credit,48999.21
10202,384,2024-08-19,Salary Credit,38269.0
10203,126,2024-11-08,Shopping,-386.37
10204,184,2024-03-21,Utilities,-1327.73
10205,19,2025-01-12,Dining,-525.54
10206,164,2025-06-27,groceries,-2981.57
10207,42,2024-11-21,GROCERIES,-522.93
10208,273,2025-05-23,Dining,-1930.28
10209,419,2024-08-02,Healthcare,-601.73
10210,218,2025-06-19,Healthcare,-1219.22
10211,427,2024-10-19,Transfer,1503.86
10212,458,2024-03-19,Salary Credit,47638.58
10213,26,2024-07-16,ATM Withdrawal,-882.14
10214,242,2024-09-25,Salary Credit,51290.15
10215,248,2024-02-06,Salary Credit,55331.88
10216,181,2025-05-03,dining ,-195.6
10217,389,2024-05-10,Healthcare,-2183.47
10218,185,2025-01-02,Transfer,2116.07
10219,26,2025-05-16,dining ,-900.24
10220,257,2024-08-24,shopping,-61.68
10221,95,2024-11-28,Transfer,835.58
10222,167,2024-10-08,Entertainment,-835.96
10223,235,2025-02-20,Travel,-1255.11
10224,339,2024-01-22,Shopping,-865.67
10225,131,2024-07-15,Utilities,-411.58
10226,179,2024-11-29,Travel,-561.26
10227,32,2024-02-19,dining ,-1209.1
10228,180,2025-04-13,Groceries,-1910.13
10229,272,2024-12-10,Travel,-1423.01
10230,289,2024-01-02,shopping,-2881.12
10231,138,2024-01-07,Transfer,4885.65
10232,29,2024-03-28,shopping,-1483.89
10233,271,2024-12-27,Utilities,-1181.09
10234,307,2024-10-09,Shopping,-496.62
10235,40,2024-09-19,Transfer,7515.52
10236,237,2024-11-01,Shopping,-1989.81
10237,45,2024-09-26,shopping,-1521.81
10238,213,2024-07-06,Dining,-2624.04
10239,300,2024-01-04,GROCERIES,-1611.74
10240,337,2024-01-16,Entertainment,-1494.08
10241,335,2025-01-10,Dining,-2551.98
10242,355,2025-02-09,Utilities,-556.47
10243,113,2024-05-10,groceries,-2485.23
10244,397,2024-05-12,shopping,-323.45
10245,164,2024-08-10,ATM Withdrawal,-960.58
10246,176,2024-12-17,ATM Withdrawal,-452.77
10247,369,2024-11-19,Entertainment,-1426.12
10248,154,2024-10-31,Utilities,-2393.05
10249,36,2024-01-21,Utilities,-355.97
10250,335,2024-08-22,Healthcare,-945.47
10251,310,2025-02-14,Shopping,-1000.51
10252,273,2024-11-17,Transfer,-4354.74
10253,68,2025-03-15,Salary Credit,36617.16
10254,296,2025-01-13,Dining,-1233.75
10255,93,2025-05-05,Healthcare,-2613.01
10256,260,2024-11-07,Utilities,-749.2
10257,238,2024-11-06,Salary Credit,46841.75
10258,362,2024-10-30,Dining,-1399.99
10259,458,2024-05-24,Shopping,-843.92
10260,89,2024-08-25,shopping,-1450.44
10261,54,2024-04-01,Dining,-857.24
10262,261,2024-08-22,Healthcare,-1575.87
10263,446,2024-03-22,groceries,-1136.55
10264,74,2024-09-24,Travel,-65.19
10265,229,2025-06-04,groceries,-419.15
10266,191,2024-09-03,ATM Withdrawal,-724.16
10267,149,2025-02-06,shopping,-830.86
10268,311,2024-08-27,shopping,-1947.61
10269,139,2025-05-08,ATM Withdrawal,-542.94
10270,231,2024-04-24,Transfer,-3038.5
10271,396,2025-03-30,Healthcare,-448.52
10272,178,2025-01-30,Entertainment,-3182.34
10273,10,2025-04-29,Utilities,-481.74
10274,415,2024-03-13,ATM Withdrawal,-17.01
10275,129,2025-05-02,Groceries,-394.55
10276,362,2025-05-10,Groceries,-1267.28
10277,357,2024-06-10,shopping,-683.88
10278,247,2024-12-06,Shopping,-1457.33
10279,42,2024-11-15,shopping,-542.74
10280,445,2024-01-27,shopping,-670.82
10281,319,2024-10-13,Salary Credit,39341.17
10282,199,2024-12-25,Healthcare,-1117.74
10283,400,2024-04-21,dining ,-1842.19
10284,369,2024-07-16,Utilities,-1937.27
10285,356,2024-11-15,groceries,-2466.78
10286,79,2025-05-21,Dining,-18.73
10287,297,2024-02-03,Healthcare,-264.13
10288,134,2025-05-25,Groceries,-373.23
10289,37,2025-03-20,Dining,-1196.99
10290,159,2025-04-06,Travel,-230.58
10291,49,2024-01-26,Utilities,-579.84
10292,50,2024-11-05,Shopping,-1816.01
10293,341,2024-07-19,Healthcare,-2163.07
10294,235,2025-05-15,ATM Withdrawal,-1823.72
10295,187,2025-02-07,Travel,-1488.47
10296,90,2024-12-20,ATM Withdrawal,-603.65
10297,361,2024-01-16,Entertainment,-1219.14
10298,297,2025-04-21,Dining,-2226.63
10299,275,2024-09-23,ATM Withdrawal,-1795.4
10300,89,2024-03-28,Salary Credit,52077.18
10301,58,2025-04-21,ATM Withdrawal,-2055.59
10302,58,2025-05-07,GROCERIES,-904.83
10303,12,2024-09-27,ATM Withdrawal,-1770.37
10304,454,2024-12-26,Transfer,3860.7
10305,173,2024-11-28,ATM Withdrawal,-1735.65
10306,309,2024-06-14,Dining,-2304.05
10307,460,2025-02-11,dining ,-2598.44
10308,439,2025-06-27,ATM Withdrawal,-1735.23
10309,151,2025-05-24,Salary Credit,48151.29
10310,230,2025-01-09,Healthcare,-2448.97
10311,217,2024-07-15,shopping,-421.89
10312,16,2025-05-10,Dining,-2501.25
10313,360,2025-05-20,Transfer,-5414.04
10314,269,2024-01-04,ATM Withdrawal,-794.18
10315,174,2024-07-03,shopping,-144.11
10316,262,2024-10-28,ATM Withdrawal,-2524.42
10317,345,2024-11-10,Utilities,-1563.61
10318,8,2025-01-23,Dining,-867.74
10319,303,2024-10-06,groceries,-1515.0
10320,404,2024-01-08,Utilities,-897.0
10321,340,2024-03-31,ATM Withdrawal,-334.32
10322,291,2025-02-19,Dining,-1039.72
10323,43,2025-01-12,Entertainment,-66.27
10324,349,2024-12-21,Dining,-1414.06
10325,352,2024-08-28,ATM Withdrawal,-2627.31
10326,232,2024-05-29,Shopping,-622.79
10327,273,2024-06-16,dining ,-1911.83
10328,290,2025-01-10,shopping,-624.08
10329,57,2024-10-01,Healthcare,-1181.62
10330,121,2024-03-12,Healthcare,-409.84
10331,371,2024-08-05,Utilities,-1757.39
10332,456,2025-03-25,Shopping,-2411.83
10333,127,2024-11-22,Dining,-1373.2
10334,188,2025-04-17,Shopping,-1681.98
10335,429,2024-10-04,Utilities,-1680.3
10336,76,2024-09-21,,-976.27
10337,123,2025-06-01,Salary Credit,55459.07
10338,27,2024-10-03,dining ,-734.09
10339,110,2024-03-14,Healthcare,-215.15
10340,298,2024-08-07,ATM Withdrawal,-370.75
10341,163,2024-12-18,GROCERIES,-1754.17
10342,461,2024-07-07,Transfer,-3839.19
10343,418,2024-08-11,shopping,-1283.53
10344,420,2025-04-20,Travel,-985.31
10345,340,2024-08-25,Dining,-1362.8
10346,329,2024-06-15,Utilities,-2184.02
10347,239,2024-02-28,Dining,-2572.98
10348,464,2024-08-07,Transfer,7796.08
10349,45,2025-02-21,Utilities,-1377.05
10350,339,2024-06-12,Shopping,-99.12
10351,66,2024-09-13,Healthcare,-1644.82
10352,159,2024-12-23,Healthcare,-2863.63
10353,120,2025-05-20,Transfer,2785.78
10354,282,2025-03-19,Transfer,-182.27
10355,369,2024-06-04,Healthcare,-1094.91
10356,38,2024-03-30,Transfer,-5480.57
10357,282,2024-12-31,Shopping,-2976.44
10358,104,2024-05-18,groceries,-359.13
10359,37,2024-08-01,Dining,-2067.53
10360,196,2024-02-26,Travel,-1470.6
10361,273,2025-02-26,Dining,-3210.67
10362,95,2024-03-28,Utilities,-1357.7
10363,183,2024-07-26,GROCERIES,-1153.71
10364,447,2024-08-09,Shopping,-1961.95
10365,163,2024-01-24,Utilities,-1640.0
10366,466,2025-02-26,Dining,-2042.11
10367,391,2024-12-03,Salary Credit,49490.03
10368,174,2024-10-22,Utilities,-127.92
10369,270,2024-04-06,shopping,-1669.92
10370,332,2024-01-30,Dining,-1648.98
10371,218,2024-01-31,ATM Withdrawal,-534.29
10372,191,2024-12-06,Entertainment,-1460.62
10373,155,2025-02-11,GROCERIES,-452.28
10374,66,2025-03-09,Transfer,-7054.28
10375,12,2025-03-12,Entertainment,-2063.55
10376,158,2024-08-02,Healthcare,-1830.68
10377,373,2024-01-01,Transfer,2341.29
10378,110,2024-05-13,Shopping,-118.84
10379,85,2025-03-04,groceries,-2047.08
10380,154,2025-02-20,Groceries,-1564.42
10381,281,2024-10-03,Dining,-1643.86
10382,101,2024-01-14,Travel,-2713.14
10383,104,2025-02-27,Healthcare,-246.5
10384,53,2025-03-20,Dining,-2822.76
10385,156,2024-05-03,Shopping,-694.05
10386,102,2025-03-14,Healthcare,-1942.44
10387,390,2024-12-14,Groceries,-1188.16
10388,424,2025-04-28,GROCERIES,-888.9
10389,174,2024-12-07,dining ,-158.03
10390,40,2024-02-18,Dining,-594.82
10391,41,2024-12-18,shopping,-1620.32
10392,152,2024-02-28,Travel,-1519.53
10393,217,2024-05-21,Shopping,-2056.82
10394,248,2025-04-20,GROCERIES,-577.54
10395,143,2025-06-11,ATM Withdrawal,-1872.11
10396,166,2024-09-16,dining ,-1259.54
10397,133,2024-06-07,Shopping,-1769.52
10398,243,2024-08-01,GROCERIES,-1661.86
10399,327,2024-05-11,Transfer,-5756.6
10400,21,2024-11-08,Salary Credit,48687.25
10401,225,2024-08-17,Dining,-1907.84
10402,304,2024-02-01,Salary Credit,57041.19
10403,315,2024-11-28,Travel,-629.05
10404,264,2024-12-16,Transfer,-1500.84
10405,246,2024-12-29,Healthcare,-2357.99
10406,319,2025-05-30,GROCERIES,-42.28
10407,178,2025-01-18,Shopping,-2130.23
10408,266,2025-01-03,Dining,-381.74
10409,150,2024-04-25,ATM Withdrawal,-633.32
10410,205,2024-09-10,Groceries,-1128.83
10411,59,2024-08-24,shopping,-106.24
10412,164,2025-06-07,Entertainment,-326.98
10413,67,2024-09-15,Travel,-305.89
10414,106,2025-01-10,Transfer,4965.22
10415,197,2024-10-21,GROCERIES,-1212.98
10416,235,2024-02-01,Entertainment,-1145.02
10417,441,2025-05-24,Transfer,-4946.97
10418,13,2024-12-31,Travel,-766.18
10419,421,2024-05-05,GROCERIES,-2060.72
10420,154,2024-02-02,shopping,-386.84
10421,339,2025-05-25,ATM Withdrawal,-98.37
10422,318,2024-06-16,GROCERIES,-2422.4
10423,455,2024-01-10,Healthcare,-1440.37
10424,51,2024-12-01,Transfer,-5958.24
10425,453,2024-01-09,Healthcare,-230.58
10426,30,2024-04-27,Utilities,-2370.36
10427,411,2025-05-01,Travel,-2028.06
10428,306,2024-01-21,Dining,-3087.53
10429,226,2025-02-13,Utilities,-930.92
10430,187,2024-12-02,groceries,-104.71
10431,44,2024-06-15,GROCERIES,-713.5
10432,376,2024-06-04,ATM Withdrawal,-734.09
10433,341,2024-09-15,dining ,-1546.99
10434,439,2024-10-17,Groceries,-448.4
10435,342,2025-04-30,Shopping,-1195.19
10436,448,2024-05-22,ATM Withdrawal,-287.0
10437,416,2024-11-17,Transfer,3461.09
10438,200,2025-01-09,shopping,-2444.69
10439,330,2024-01-07,dining ,-2102.42
10440,124,2025-05-03,Shopping,-1856.79
10441,373,2025-06-24,Salary Credit,50091.59
10442,285,2024-02-17,dining ,-961.99
10443,207,2024-05-22,GROCERIES,-1156.35
10444,294,2025-03-04,Entertainment,-215.32
10445,130,2025-03-17,GROCERIES,-89.52
10446,292,2024-03-26,Utilities,-1314.05
10447,223,2025-05-15,dining ,-192.17
10448,151,2024-06-28,Entertainment,-1820.78
10449,457,2024-06-08,shopping,-1155.27
10450,30,2024-07-13,Healthcare,-932.2
10451,355,2024-12-31,Transfer,-6352.31
10452,99,2024-04-22,Transfer,7033.46
10453,105,2024-10-22,Dining,-407.78
10454,73,2024-02-11,Utilities,-728.06
10455,48,2024-03-21,Transfer,-5962.94
10456,58,2025-02-22,Healthcare,-1477.45
10457,390,2024-07-28,Entertainment,-1108.0
10458,434,2025-03-08,Healthcare,-1837.38
10459,274,2025-02-06,,43913.87
10460,7,2025-06-27,shopping,-57.0
10461,405,2024-03-15,shopping,-2403.48
10462,282,2025-05-24,Shopping,-2081.96
10463,244,2025-05-01,Dining,-39.37
10464,444,2024-08-24,Utilities,-1360.66
10465,192,2024-03-14,GROCERIES,-2370.51
10466,169,2024-03-13,GROCERIES,-926.19
10467,365,2024-10-05,Utilities,-1894.47
10468,247,2024-01-06,ATM Withdrawal,-2199.5
10469,336,2024-02-22,Salary Credit,47145.54
10470,326,2024-10-16,Shopping,-3128.74
10471,393,2024-11-02,ATM Withdrawal,-1784.87
10472,149,2025-04-14,Travel,-1291.86
10473,34,2025-06-15,Travel,-1049.65
10474,224,2024-05-26,Shopping,-1157.48
10475,304,2024-06-28,GROCERIES,-691.99
10476,383,2024-04-18,shopping,-197.86
10477,125,2024-05-02,Transfer,-2302.53
10478,349,2024-08-27,Dining,-1071.75
10479,390,2025-06-25,Entertainment,-1922.98
10480,379,2025-05-01,dining ,-1493.87
10481,379,2025-05-12,shopping,-1352.13
10482,463,2024-09-03,Entertainment,-3108.32
10483,310,2024-12-24,ATM Withdrawal,-2714.57
10484,174,2025-01-28,Shopping,-378.72
10485,205,2024-05-12,Salary Credit,50635.35
10486,350,2024-09-09,groceries,-131.45
10487,111,2024-10-26,ATM Withdrawal,-1441.0
10488,283,2024-07-22,Salary Credit,34015.31
10489,269,2024-09-14,Groceries,-653.73
10490,312,2024-08-28,Groceries,-1761.5
10491,198,2024-02-03,Healthcare,-790.99
10492,347,2025-02-22,dining ,-229.0
10493,34,2025-05-05,Entertainment,-581.22
10494,351,2025-02-15,Utilities,-350.61
10495,380,2025-05-23,Travel,-1571.18
10496,415,2024-08-23,Shopping,-2282.47
10497,432,2024-01-31,Salary Credit,43423.92
10498,164,2024-05-25,Shopping,-2126.56
10499,22,2025-04-10,Utilities,-684.06
10500,306,2024-03-16,Shopping,-1108.97
10501,43,2024-10-25,ATM Withdrawal,-2805.53
10502,132,2024-01-01,Travel,-1039.94
10503,329,2024-06-25,Shopping,-2162.96
10504,279,2024-03-02,Travel,-551.95
10505,284,2024-03-02,Utilities,-1181.87
10506,352,2024-03-30,Utilities,-427.63
10507,78,2024-10-20,Dining,-1259.82
10508,371,2025-01-11,Transfer,7269.95
10509,275,2024-06-06,Healthcare,-678.75
10510,197,2025-03-21,groceries,-1049.49
10511,217,2024-08-01,dining ,-2269.81
10512,239,2025-02-05,Healthcare,-111.93
10513,258,2024-10-15,Utilities,-1027.66
10514,157,2025-01-29,Travel,-611.89
10515,105,2025-06-17,ATM Withdrawal,-1749.13
10516,80,2025-06-25,Utilities,-1274.6
10517,160,2024-11-16,shopping,-339.43
10518,122,2025-06-08,Entertainment,-1264.27
10519,242,2025-01-17,shopping,-869.99
10520,427,2024-05-26,ATM Withdrawal,-209.01
10521,51,2025-05-24,dining ,-893.69
10522,145,2024-03-20,dining ,-1870.22
10523,24,2024-09-12,Entertainment,-949.9
10524,457,2024-03-24,Entertainment,-161.69
10525,328,2025-03-03,Transfer,10177.46
10526,114,2025-05-03,Groceries,-306.1
10527,194,2025-03-22,Transfer,7505.37
10528,339,2024-02-25,Groceries,-1579.56
10529,449,2024-05-27,Shopping,-990.85
10530,269,2024-07-04,ATM Withdrawal,-434.73
10531,127,2024-03-04,Travel,-2255.14
10532,327,2024-10-16,shopping,-150.08
10533,321,2024-01-19,ATM Withdrawal,-2074.9
10534,302,2024-11-30,Entertainment,-2199.8
10535,22,2024-11-09,Dining,-100.82
10536,331,2024-11-20,groceries,-87.21
10537,10,2025-05-12,Salary Credit,41855.01
10538,424,2025-03-04,dining ,-2027.66
10539,413,2024-05-21,dining ,-662.09
10540,264,2024-11-07,Dining,-1284.49
10541,303,2025-03-13,dining ,-748.13
10542,32,2025-04-08,Shopping,-1907.11
10543,410,2024-12-16,Healthcare,-628.58
10544,127,2024-02-16,Transfer,2837.66
10545,123,2024-08-24,shopping,-270.79
10546,332,2025-04-13,GROCERIES,-243.02
10547,440,2024-02-10,ATM Withdrawal,-2157.63
10548,232,2024-11-17,shopping,-877.97
10549,238,2024-10-21,Transfer,-13.14
10550,257,2024-05-01,shopping,-956.58
10551,137,2024-07-06,ATM Withdrawal,-461.24
10552,280,2025-06-16,dining ,-290.46
10553,450,2024-11-20,,-2677.63
10554,180,2025-05-27,Transfer,1517.16
10555,362,2024-09-13,Travel,-924.44
10556,363,2025-04-05,Healthcare,-1997.04
10557,399,2024-12-03,Dining,-701.93
10558,339,2025-05-11,groceries,-242.31
10559,432,2024-06-27,Transfer,8165.78
10560,335,2024-07-27,Salary Credit,44295.13
10561,457,2024-01-23,GROCERIES,-1042.83
10562,335,2024-05-04,dining ,-1668.97
10563,392,2024-03-16,Groceries,-1122.21
10564,417,2024-04-09,Dining,-1262.9
10565,461,2024-06-17,shopping,-213.88
10566,279,2025-04-21,GROCERIES,-444.47
10567,333,2024-07-25,Shopping,-2876.2
10568,453,2025-03-26,Salary Credit,36677.87
10569,178,2025-03-19,ATM Withdrawal,-1261.8
10570,56,2025-06-18,Healthcare,-2767.75
10571,414,2024-10-04,groceries,-1818.11
10572,296,2025-04-07,Groceries,-1461.37
10573,201,2024-08-16,Groceries,-478.54
10574,336,2024-12-10,Utilities,-639.02
10575,16,2025-03-17,shopping,-921.75
10576,224,2024-03-18,Groceries,-1503.41
10577,125,2024-02-01,ATM Withdrawal,-2345.31
10578,135,2024-03-30,Healthcare,-1305.8
10579,454,2025-01-28,dining ,-686.23
10580,258,2024-09-15,groceries,-1113.03
10581,66,2024-06-01,Transfer,6010.55
10582,171,2025-02-22,Transfer,4253.77
10583,114,2024-01-09,groceries,-191.75
10584,426,2024-04-04,Salary Credit,53616.22
10585,137,2024-09-13,dining ,-964.35
10586,167,2025-05-13,Salary Credit,46962.92
10587,157,2025-02-12,ATM Withdrawal,-591.0
10588,83,2025-01-07,dining ,-567.97
10589,366,2025-01-22,Dining,-1647.63
10590,270,2024-06-19,Salary Credit,34868.64
10591,205,2024-09-01,Shopping,-152.85
10592,186,2025-04-27,Entertainment,-2557.84
10593,313,2025-02-01,Shopping,-1943.55
10594,45,2024-11-22,Transfer,1782.49
10595,437,2024-02-15,ATM Withdrawal,-1398.57
10596,265,2025-02-03,ATM Withdrawal,-1133.69
10597,107,2024-07-18,Dining,-801.94
10598,252,2024-07-29,Utilities,-1119.33
10599,399,2025-01-02,shopping,-87.81
10600,82,2024-08-02,groceries,-662.42
10601,246,2024-11-08,groceries,-1467.26
10602,280,2024-01-07,GROCERIES,-1345.43
10603,380,2024-04-10,Entertainment,-1426.69
10604,266,2024-10-20,ATM Withdrawal,-1892.63
10605,345,2025-06-05,Transfer,6534.67
10606,363,2025-02-18,Healthcare,-2536.3
10607,418,2024-08-15,ATM Withdrawal,-2261.49
10608,170,2025-06-12,shopping,-1252.62
10609,330,2024-05-30,shopping,-1342.4
10610,117,2025-05-01,ATM Withdrawal,-1402.11
10611,396,2024-08-07,Entertainment,-180.43
10612,446,2024-02-17,Transfer,6756.03
10613,138,2024-01-02,shopping,-291.79
10614,263,2025-06-18,Transfer,-9648.67
10615,385,2024-12-15,Shopping,-814.68
10616,13,2024-03-22,Travel,-1088.19
10617,330,2025-06-24,Utilities,-1070.95
10618,385,2024-01-23,groceries,-1045.31
10619,408,2024-07-01,dining ,-3355.22
10620,93,2025-02-12,ATM Withdrawal,-964.98
10621,355,2024-01-30,Dining,-908.0
10622,368,2025-05-08,Entertainment,-1217.53
10623,2,2025-01-04,groceries,-436.45
10624,331,2025-06-01,groceries,-1462.66
10625,294,2025-04-01,Shopping,-460.95
10626,454,2025-03-25,dining ,-1650.71
10627,21,2024-05-03,Groceries,-261.34
10628,452,2024-04-21,GROCERIES,-671.53
10629,268,2024-05-11,Shopping,-295.56
10630,129,2024-03-24,Dining,-721.15
10631,182,2024-12-28,shopping,-407.95
10632,359,2024-02-02,GROCERIES,-1000.71
10633,467,2024-08-21,GROCERIES,-910.14
10634,149,2024-11-13,GROCERIES,-182.4
10635,461,2024-10-20,groceries,-2760.45
10636,295,2024-09-22,Transfer,-7125.75
10637,90,2024-05-01,Travel,-1478.19
10638,280,2024-02-29,Salary Credit,36498.56
10639,376,2025-06-22,Entertainment,-821.42
10640,26,2024-09-10,Dining,-1866.61
10641,37,2024-11-20,Entertainment,-1807.96
10642,3,2024-11-05,ATM Withdrawal,-1979.74
10643,267,2024-07-20,ATM Withdrawal,-609.19
10644,28,2025-01-29,Entertainment,-1725.72
10645,437,2024-07-24,Groceries,-655.61
10646,60,2024-08-13,shopping,-2109.79
10647,34,2025-03-13,shopping,-2082.0
10648,121,2024-06-22,ATM Withdrawal,-36.64
10649,358,2025-01-16,Dining,-1448.36
10650,425,2024-12-28,Groceries,-214.15
10651,118,2024-01-17,Healthcare,-1945.08
10652,243,2025-01-07,Shopping,-184.58
10653,363,2025-03-12,dining ,-1490.32
10654,373,2024-05-27,GROCERIES,-1864.86
10655,72,2025-05-13,Shopping,-1260.54
10656,393,2024-01-11,Groceries,-1975.47
10657,406,2024-04-07,Dining,-1463.89
10658,344,2025-05-30,Healthcare,-2609.96
10659,247,2025-04-11,GROCERIES,-208.52
10660,184,2025-02-15,Dining,-854.44
10661,417,2024-11-25,ATM Withdrawal,-527.68
10662,405,2024-04-19,dining ,-933.06
10663,243,2024-09-23,dining ,-131.7
10664,348,2024-11-04,shopping,-48.17
10665,188,2024-02-18,ATM Withdrawal,-199.89
10666,348,2024-11-20,Travel,-774.22
10667,42,2024-02-18,Transfer,5761.64
10668,422,2024-03-09,Transfer,-8005.81
10669,242,2024-04-02,Salary Credit,52553.68
10670,281,2024-04-14,Shopping,-184.2
10671,89,2024-02-14,Transfer,2772.22
10672,248,2025-06-05,GROCERIES,-1373.53
10673,2,2025-03-13,Shopping,-1387.67
10674,417,2024-10-03,groceries,-2442.08
10675,351,2024-07-19,Dining,-940.85
10676,213,2024-04-14,Healthcare,-1890.86
10677,392,2025-06-01,GROCERIES,-1071.42
10678,380,2025-03-10,Utilities,-1521.97
10679,56,2025-02-13,dining ,-1549.5
10680,26,2024-09-13,shopping,-1179.92
10681,119,2024-01-15,Transfer,-5830.02
10682,1,2024-12-13,Travel,-1778.88
10683,269,2024-09-22,Transfer,5321.01
10684,248,2024-06-11,Travel,-1286.56
10685,252,2024-06-20,Entertainment,-1041.06
10686,35,2024-02-01,Transfer,-2060.6
10687,430,2025-04-20,dining ,-2159.42
10688,458,2024-03-30,Entertainment,-648.55
10689,277,2025-03-19,dining ,-912.23
10690,3,2025-06-14,shopping,-1385.55
10691,186,2024-01-26,dining ,-370.83
10692,337,2024-12-05,Travel,-2020.68
10693,351,2024-02-06,Healthcare,-2337.88
10694,114,2025-03-28,Transfer,-1699.7
10695,386,2024-10-03,shopping,-1033.04
10696,453,2024-01-12,Healthcare,-2903.97
10697,239,2025-02-24,Utilities,-2189.47
10698,179,2025-02-21,Dining,-252.15
10699,247,2025-05-19,Transfer,5263.07
10700,13,2024-09-21,groceries,-1753.17
10701,245,2025-05-23,Transfer,2429.64
10702,13,2024-12-28,groceries,-1613.95
10703,17,2024-10-13,Utilities,-1422.18
10704,259,2024-07-14,Utilities,-1320.47
10705,240,2024-06-08,Utilities,-1727.11
10706,462,2024-12-04,Dining,-753.62
10707,238,2025-02-07,groceries,-661.0
10708,459,2024-01-20,Groceries,-2037.5
10709,378,2024-08-12,Transfer,3291.27
10710,158,2024-01-25,shopping,-1039.73
10711,434,2024-08-04,Dining,-961.72
10712,226,2025-03-11,Groceries,-888.73
10713,279,2025-01-11,Utilities,-1598.81
10714,48,2024-03-08,Utilities,-416.77
10715,100,2025-01-25,shopping,-2568.68
10716,245,2024-01-08,groceries,-1401.46
10717,127,2024-01-07,Healthcare,-452.54
10718,281,2025-05-12,dining ,-1447.55
10719,38,2024-01-18,Travel,-362.7
10720,118,2024-05-24,ATM Withdrawal,-1175.23
10721,312,2024-03-12,Utilities,-1062.77
10722,287,2024-11-13,GROCERIES,-1810.0
10723,461,2024-10-11,Travel,-1799.75
10724,422,2025-04-02,shopping,-1399.23
10725,380,2025-06-21,Transfer,10728.8
10726,1,2025-02-10,Utilities,-547.68
10727,282,2024-09-11,Entertainment,-2429.1
10728,108,2024-01-26,shopping,-2454.06
10729,125,2025-05-17,ATM Withdrawal,-1503.6
10730,99,2024-11-01,groceries,-1612.89
10731,214,2024-04-28,Entertainment,-2055.65
10732,58,2024-10-22,Dining,-915.79
10733,249,2024-08-01,Utilities,-744.48
10734,78,2024-07-09,shopping,-791.36
10735,235,2024-09-04,,-1463.18
10736,293,2025-02-14,Utilities,-777.82
10737,85,2024-03-30,Dining,-550.01
10738,49,2025-06-09,Healthcare,-267.76
10739,378,2024-02-04,Transfer,3080.89
10740,346,2024-03-21,ATM Withdrawal,-644.78
10741,123,2025-01-03,Travel,-1296.55
10742,416,2024-03-20,Travel,-501.38
10743,104,2025-02-27,Healthcare,-1642.51
10744,434,2025-02-04,GROCERIES,-2971.0
10745,54,2024-08-22,Transfer,-8748.61
10746,309,2024-09-04,Salary Credit,36511.78
10747,9,2025-06-28,Healthcare,-930.76
10748,93,2025-03-09,shopping,-56.4
10749,190,2024-12-10,Utilities,-1375.56
10750,40,2024-03-17,Transfer,5521.89
10751,214,2024-11-17,Healthcare,-255.56
10752,109,2024-01-22,Entertainment,-615.44
10753,47,2024-05-17,Utilities,-2060.21
10754,451,2025-01-15,Utilities,-1557.18
10755,460,2024-08-10,Transfer,-2395.75
10756,451,2025-06-26,Shopping,-44.45
10757,73,2025-05-26,GROCERIES,-1134.52
10758,179,2024-02-21,groceries,-1089.7
10759,154,2025-04-26,groceries,-42.39
10760,153,2025-04-16,dining ,-922.56
10761,195,2024-02-27,Utilities,-763.86
10762,239,2024-07-28,Healthcare,-671.39
10763,228,2025-05-31,ATM Withdrawal,-814.82
10764,137,2024-01-10,groceries,-1446.88
10765,459,2024-02-01,Salary Credit,45716.46
10766,459,2024-10-04,Travel,-2329.7
10767,156,2025-06-03,Transfer,7414.44
10768,104,2024-05-31,Entertainment,-8.82
10769,250,2025-02-25,groceries,-1336.63
10770,173,2025-01-12,Healthcare,-864.83
10771,462,2024-03-20,GROCERIES,-1851.5
10772,201,2024-06-05,ATM Withdrawal,-1428.69
10773,19,2024-12-06,Entertainment,-2617.59
10774,59,2024-09-19,Transfer,2204.45
10775,35,2024-05-09,dining ,-559.83
10776,180,2024-04-19,Dining,-1507.1
10777,149,2024-10-30,groceries,-1083.21
10778,401,2025-03-27,groceries,-350.8
10779,417,2024-08-13,GROCERIES,-1535.94
10780,66,2025-05-19,groceries,-754.26
10781,443,2024-12-29,Shopping,-1605.49
10782,274,2024-08-07,GROCERIES,-329.9
10783,144,2025-01-20,Travel,-935.94
10784,191,2024-09-01,ATM Withdrawal,-1341.23
10785,207,2025-02-16,GROCERIES,-1352.38
10786,80,2025-06-19,Salary Credit,50592.24
10787,406,2025-03-05,Transfer,6342.93
10788,6,2024-03-18,shopping,-1137.49
10789,33,2024-02-09,Shopping,-1859.96
10790,128,2025-03-16,ATM Withdrawal,-183.97
10791,68,2025-04-06,Shopping,-1143.88
10792,29,2024-11-05,Shopping,-2328.3
10793,180,2024-05-13,Transfer,3294.38
10794,177,2025-04-25,Transfer,4517.7
10795,59,2024-09-01,Utilities,-733.27
10796,380,2024-06-08,Travel,-1532.17
10797,414,2024-07-18,Transfer,6476.74
10798,337,2024-06-10,Shopping,-824.3
10799,245,2024-06-02,ATM Withdrawal,-2036.07
10800,444,2024-06-26,Groceries,-110.17
10801,165,2025-01-02,GROCERIES,-915.46
10802,200,2024-01-10,shopping,-1332.85
10803,8,2024-07-16,Transfer,-683.59
10804,332,2024-04-02,Utilities,-1748.39
10805,44,2024-12-19,Healthcare,-328.52
10806,312,2025-06-26,Transfer,-4662.6
10807,367,2025-03-05,Transfer,-5770.4
10808,102,2024-05-15,Transfer,-5601.39
10809,287,2024-10-06,Dining,-773.22
10810,143,2024-01-11,Utilities,-1351.65
10811,187,2024-08-13,Groceries,-1657.69
10812,248,2024-05-31,Travel,-619.87
10813,117,2024-09-30,groceries,-182.24
10814,373,2024-08-10,Transfer,10555.12
10815,185,2025-01-07,Transfer,9484.16
10816,217,2024-10-25,Dining,-1163.76
10817,382,2025-05-26,Shopping,-2326.25
10818,107,2024-02-07,ATM Withdrawal,-629.12
10819,212,2025-05-29,ATM Withdrawal,-2820.59
10820,465,2025-03-06,Healthcare,-265.31
10821,188,2025-01-23,dining ,-184.55
10822,55,2025-03-25,Dining,-1154.95
10823,134,2024-01-28,Entertainment,-838.47
10824,448,2024-04-26,groceries,-883.16
10825,356,2024-01-01,Transfer,8709.78
10826,379,2025-03-11,GROCERIES,-350.52
10827,119,2024-07-12,Shopping,-2676.29
10828,393,2024-07-15,Shopping,-92.44
10829,185,2024-11-28,Transfer,3186.77
10830,373,2024-08-18,groceries,-3480.09
10831,413,2024-12-13,Transfer,-3028.86
10832,98,2025-05-25,Entertainment,-1437.54
10833,440,2024-06-29,Transfer,-7116.71
10834,297,2025-05-01,Healthcare,-1503.62
10835,343,2024-10-17,Entertainment,-2352.39
10836,355,2024-07-23,Transfer,3038.54
10837,79,2025-05-15,Shopping,-398.83
10838,349,2024-09-23,Transfer,2508.01
10839,100,2024-03-10,Healthcare,-1238.19
10840,128,2024-06-05,Salary Credit,36490.08
10841,55,2025-04-05,dining ,-1461.58
10842,85,2024-10-07,Dining,-1769.47
10843,459,2024-11-01,Transfer,-3109.9
10844,154,2025-01-06,Healthcare,-740.59
10845,182,2024-04-15,dining ,-1002.63
10846,225,2024-02-20,Healthcare,-1051.84
10847,334,2024-08-28,Dining,-2014.81
10848,269,2025-05-16,Travel,-2081.74
10849,251,2024-03-10,Entertainment,-472.42
10850,392,2025-01-26,Healthcare,-1822.52
10851,233,2025-06-17,Shopping,-2437.44
10852,360,2024-02-22,Healthcare,-2288.58
10853,427,2024-03-13,Transfer,-5614.61
10854,317,2025-04-18,Entertainment,-1151.09
10855,17,2024-02-29,Entertainment,-63.26
10856,124,2025-02-09,Travel,-828.21
10857,290,2025-03-10,GROCERIES,-144.57
10858,225,2024-06-19,dining ,-2226.11
10859,134,2024-06-07,Groceries,-962.63
10860,157,2024-10-11,dining ,-1122.22
10861,37,2024-10-03,,-644.29
10862,110,2025-04-13,Utilities,-69.26
10863,367,2024-11-18,Shopping,-1841.28
10864,5,2025-06-11,GROCERIES,-1651.82
10865,392,2024-05-10,Utilities,-2040.23
10866,159,2024-06-02,Dining,-377.0
10867,379,2024-05-11,groceries,-2386.9
10868,120,2024-12-20,ATM Withdrawal,-1086.94
10869,388,2024-01-19,Entertainment,-1899.61
10870,268,2025-04-13,ATM Withdrawal,-1172.01
10871,399,2025-02-24,ATM Withdrawal,-1569.19
10872,30,2025-06-22,Healthcare,-1133.84
10873,374,2025-06-06,ATM Withdrawal,-1001.4
10874,127,2024-02-08,Groceries,-1111.55
10875,168,2025-02-11,dining ,-663.51
10876,21,2024-10-01,Salary Credit,33701.74
10877,447,2025-02-04,Salary Credit,34885.22
10878,301,2025-04-21,Transfer,4756.74
10879,460,2024-11-13,dining ,-1224.14
10880,266,2024-01-02,Healthcare,-2380.27
10881,75,2025-04-16,shopping,-2196.17
10882,158,2024-08-26,Entertainment,-1407.3
10883,206,2024-09-07,shopping,-760.16
10884,69,2024-11-14,dining ,-3056.76
10885,436,2025-05-11,Utilities,-1812.81
10886,449,2024-10-13,Dining,-1735.18
10887,264,2024-04-23,Dining,-0.78
10888,274,2025-02-03,Entertainment,-1429.98
10889,330,2024-12-10,Travel,-85.94
10890,318,2024-02-05,Dining,-3073.48
10891,30,2024-10-17,Utilities,-443.11
10892,249,2025-03-04,Salary Credit,40145.75
10893,364,2025-04-26,Dining,-615.65
10894,378,2024-06-03,Groceries,-866.85
10895,279,2024-10-11,Entertainment,-1803.37
10896,420,2025-03-25,dining ,-1202.73
10897,275,2024-11-14,Healthcare,-1238.1
10898,180,2024-08-16,groceries,-1847.2
10899,208,2024-04-10,ATM Withdrawal,-165.63
10900,323,2024-01-24,ATM Withdrawal,-1873.33
10901,415,2025-01-11,Dining,-1321.19
10902,108,2025-06-09,ATM Withdrawal,-567.5
10903,138,2024-11-23,Travel,-1318.59
10904,306,2025-03-01,Travel,-1301.98
10905,358,2025-01-04,Entertainment,-1161.5
10906,187,2024-07-08,Healthcare,-2437.32
10907,302,2024-10-11,dining ,-2287.87
10908,4,2024-05-27,ATM Withdrawal,-24.53
10909,137,2024-05-01,Dining,-519.77
10910,448,2024-11-16,GROCERIES,-2418.25
10911,270,2024-12-18,GROCERIES,-1798.02
10912,407,2025-06-22,Salary Credit,48110.61
10913,102,2024-05-08,ATM Withdrawal,-1592.29
10914,137,2024-06-07,shopping,-1536.58
10915,457,2024-03-31,Healthcare,-241.66
10916,467,2025-05-31,Transfer,3306.08
10917,411,2025-03-01,dining ,-2097.65
10918,149,2024-06-29,Dining,-1790.63
10919,376,2025-06-12,Shopping,-1455.6
10920,215,2025-01-18,Utilities,-616.85
10921,395,2024-09-16,groceries,-2090.3
10922,399,2024-07-27,groceries,-330.04
10923,204,2024-11-06,Travel,-2532.76
10924,143,2024-02-16,shopping,-547.18
10925,457,2024-04-03,ATM Withdrawal,-415.61
10926,211,2025-05-25,Transfer,5637.86
10927,203,2024-04-22,Healthcare,-1287.35
10928,312,2024-03-30,Transfer,-1031.6
10929,439,2025-04-13,Utilities,-1579.39
10930,62,2025-05-29,shopping,-2081.42
10931,461,2025-03-21,dining ,-1127.02
10932,198,2024-02-26,Healthcare,-191.54
10933,12,2025-04-02,shopping,-1009.82
10934,145,2024-05-25,dining ,-180.42
10935,217,2024-01-07,ATM Withdrawal,-538.53
10936,317,2025-05-16,Shopping,-706.61
10937,266,2024-05-25,Healthcare,-2661.72
10938,64,2024-12-24,Groceries,-1125.71
10939,229,2024-02-10,Utilities,-954.26
10940,109,2024-04-13,Healthcare,-1839.01
10941,127,2025-04-25,shopping,-1749.99
10942,333,2024-11-18,Utilities,-119.24
10943,376,2025-06-28,Salary Credit,59952.59
10944,74,2024-04-08,ATM Withdrawal,-1378.0
10945,282,2025-04-30,Groceries,-2016.01
10946,198,2025-04-21,dining ,-664.47
10947,158,2025-05-18,Utilities,-559.68
10948,334,2024-01-28,Dining,-1094.81
10949,117,2024-02-26,Travel,-207.93
10950,359,2024-10-15,Utilities,-2254.02
10951,188,2024-03-04,ATM Withdrawal,-75.3
10952,45,2024-02-04,Shopping,-1223.91
10953,371,2025-03-18,Travel,-1739.46
10954,399,2025-01-13,dining ,-1582.64
10955,264,2025-04-04,Travel,-749.14
10956,339,2025-05-25,Dining,-402.08
10957,70,2024-03-18,Healthcare,-156.3
10958,159,2025-03-28,Dining,-518.49
10959,164,2024-01-24,Entertainment,-69.12
10960,358,2024-07-21,Salary Credit,44396.35
10961,165,2024-06-11,Transfer,-1121.62
10962,341,2024-05-09,Entertainment,-80.41
10963,144,2025-01-26,Transfer,-224.17
10964,282,2024-03-06,shopping,-1149.22
10965,99,2025-03-16,dining ,-539.5
10966,262,2025-04-21,ATM Withdrawal,-1223.16
10967,38,2024-12-28,GROCERIES,-1130.36
10968,344,2024-02-14,Travel,-1017.02
10969,14,2024-11-21,Entertainment,-1782.56
10970,468,2024-12-08,Shopping,-125.99
10971,393,2024-07-22,dining ,-1787.42
10972,271,2024-07-19,Entertainment,-1553.3
10973,426,2024-09-12,GROCERIES,-1022.0
10974,379,2025-06-26,Entertainment,-472.82
10975,67,2024-01-02,Transfer,6345.81
10976,349,2024-10-04,groceries,-60.08
10977,177,2024-06-21,GROCERIES,-1748.85
10978,401,2024-10-26,Healthcare,-2764.94
10979,405,2024-01-03,Groceries,-1141.52
10980,447,2025-05-15,Healthcare,-2372.91
10981,212,2024-09-06,Travel,-1627.46
10982,91,2025-06-12,Utilities,-1437.14
10983,59,2024-03-25,ATM Withdrawal,-569.35
10984,78,2024-11-14,Shopping,-893.06
10985,465,2025-01-05,Travel,-317.26
10986,275,2025-03-09,Salary Credit,52545.97
10987,165,2024-01-05,Utilities,-529.91
10988,211,2024-12-11,GROCERIES,-2785.82
10989,81,2024-03-21,Transfer,6315.04
10990,268,2024-08-20,Shopping,-1554.64
10991,200,2024-01-30,ATM Withdrawal,-8.82
10992,374,2024-02-01,Shopping,-1798.94
10993,10,2025-02-21,Salary Credit,43237.39
10994,437,2025-01-26,dining ,-692.32
10995,29,2025-05-02,Healthcare,-609.67
10996,196,2025-01-16,Travel,-82.91
10997,160,2024-11-20,Entertainment,-1208.9
10998,336,2024-03-04,Transfer,1059.19
10999,309,2025-02-20,ATM Withdrawal,-1663.28
11000,93,2024-05-05,shopping,-3115.63
11001,230,2024-02-28,GROCERIES,-81.62
11002,251,2025-02-03,Utilities,-1098.09
11003,218,2024-11-16,ATM Withdrawal,-2692.48
11004,11,2024-03-22,Utilities,-500.36
11005,84,2024-10-26,groceries,-1595.71
11006,236,2025-01-11,Shopping,-1553.25
11007,122,2024-09-28,dining ,-1792.43
11008,256,2025-01-26,Utilities,-2849.37
11009,77,2024-10-01,Shopping,-410.86
11010,345,2024-07-11,groceries,-1371.79
11011,89,2024-05-01,GROCERIES,-749.11
11012,304,2024-05-20,dining ,-1164.2
11013,392,2025-03-16,Shopping,-1240.53
11014,168,2024-07-22,Healthcare,-935.27
11015,66,2025-01-25,Dining,-221.44
11016,3,2024-07-14,ATM Withdrawal,-282.74
11017,169,2024-10-13,Dining,-3113.05
11018,55,2024-11-26,Salary Credit,33947.42
11019,413,2024-09-17,groceries,-2303.98
11020,456,2025-02-09,Transfer,1894.89
11021,459,2025-05-18,ATM Withdrawal,-1285.85
11022,432,2025-04-14,ATM Withdrawal,-2971.36
11023,275,2025-05-17,GROCERIES,-1915.35
11024,153,2024-01-17,Transfer,3988.92
11025,209,2025-02-17,Dining,-1176.72
11026,122,2025-01-30,shopping,-2127.51
11027,394,2024-08-12,Transfer,5141.78
11028,205,2024-06-20,Salary Credit,43729.05
11029,181,2024-01-29,Transfer,9741.01
11030,323,2025-04-02,ATM Withdrawal,-1828.8
11031,175,2025-04-02,Transfer,3121.66
11032,167,2024-02-11,Utilities,-1186.14
11033,107,2024-11-13,Travel,-48.84
11034,32,2024-10-27,Shopping,-189.43
11035,18,2024-04-03,Shopping,-1144.93
11036,189,2024-10-26,ATM Withdrawal,-2044.13
11037,466,2025-03-18,shopping,-2978.24
11038,122,2024-06-26,ATM Withdrawal,-2346.25
11039,301,2025-01-30,dining ,-561.27
11040,153,2025-06-12,Travel,-1428.57
11041,142,2024-09-04,Entertainment,-1562.09
11042,77,2024-02-28,dining ,-203.52
11043,264,2024-06-11,GROCERIES,-413.73
11044,309,2024-03-15,ATM Withdrawal,-812.33
11045,164,2024-07-11,dining ,-3116.95
11046,247,2024-12-17,Shopping,-1547.81
11047,223,2024-04-20,ATM Withdrawal,-16.87
11048,127,2024-10-07,shopping,-817.65
11049,324,2025-06-27,Entertainment,-1603.92
11050,260,2024-05-24,Entertainment,-973.98
11051,31,2025-04-24,Shopping,-879.46
11052,231,2024-06-14,Healthcare,-1858.79
11053,183,2024-11-30,Utilities,-2461.33
11054,373,2024-03-26,Dining,-2294.54
11055,144,2024-05-26,ATM Withdrawal,-929.78
11056,448,2025-04-17,shopping,-1051.44
11057,288,2024-11-17,Dining,-921.78
11058,62,2024-11-06,Travel,-2150.39
11059,189,2024-10-05,dining ,-849.98
11060,414,2024-05-13,Dining,-531.1
11061,120,2025-05-21,Utilities,-1634.25
11062,330,2024-08-02,Entertainment,-1676.38
11063,367,2024-01-07,Transfer,-10559.51
11064,325,2025-05-09,shopping,-711.98
11065,43,2024-01-26,Shopping,-2475.92
11066,176,2025-04-28,groceries,-5.12
11067,163,2024-05-24,Shopping,-1448.74
11068,161,2024-02-07,Salary Credit,38530.74
11069,412,2024-04-30,Transfer,4780.78
11070,3,2024-12-22,Utilities,-1885.39
11071,253,2024-10-24,Entertainment,-687.25
11072,460,2024-03-24,Transfer,4332.25
11073,410,2024-06-12,Groceries,-4583.65
11074,284,2024-04-24,Entertainment,-1382.04
11075,468,2024-12-22,dining ,-1328.79
11076,189,2025-04-15,Entertainment,-1591.38
11077,287,2024-05-19,Salary Credit,31271.47
11078,255,2025-05-02,Travel,-2028.79
11079,23,2024-08-10,Travel,-1840.21
11080,19,2024-02-15,shopping,-405.49
11081,420,2024-06-24,Transfer,-12213.24
11082,82,2025-04-21,Transfer,1649.68
11083,167,2025-03-16,Travel,-1482.26
11084,292,2025-02-01,Transfer,-2273.45
11085,270,2024-08-05,shopping,-249.34
11086,241,2025-02-26,Travel,-954.7
11087,459,2025-01-22,Dining,-995.21
11088,369,2025-03-07,Transfer,-2659.13
11089,441,2024-10-30,Salary Credit,36735.52
11090,309,2024-10-03,Travel,-878.38
11091,459,2025-06-10,ATM Withdrawal,-1782.92
11092,282,2025-05-31,Entertainment,-1327.22
11093,254,2024-10-19,Dining,-1170.59
11094,382,2024-04-19,Travel,-442.62
11095,407,2024-08-10,Travel,-1174.72
11096,32,2024-10-02,GROCERIES,-220.88
11097,427,2025-01-04,Utilities,-346.08
11098,324,2024-06-22,Transfer,-7632.79
11099,421,2024-01-25,Dining,-2.13
11100,335,2025-03-24,Transfer,3538.45
11101,434,2025-06-01,Healthcare,-341.82
11102,129,2024-02-15,Dining,-2297.89
11103,88,2024-06-22,Travel,-659.59
11104,92,2024-08-24,GROCERIES,-720.72
11105,119,2025-02-18,ATM Withdrawal,-538.49
11106,101,2025-02-25,Shopping,-1358.3
11107,207,2024-07-06,Shopping,-1056.44
11108,93,2024-06-19,Transfer,2894.6
11109,75,2024-08-08,Transfer,-4875.99
11110,246,2024-05-11,Shopping,-614.64
11111,372,2024-08-25,Entertainment,-2752.06
11112,64,2024-05-23,Healthcare,-727.16
11113,240,2024-02-02,Salary Credit,47673.43
11114,309,2025-01-23,groceries,-1118.13
11115,331,2025-03-04,Transfer,-4132.71
11116,50,2024-06-05,Entertainment,-2009.38
11117,344,2024-08-06,shopping,-1722.17
11118,13,2024-08-07,ATM Withdrawal,-1704.87
11119,111,2024-01-13,Utilities,-1694.91
11120,150,2024-10-24,Shopping,-252.94
11121,400,2024-09-06,Transfer,4257.77
11122,90,2025-05-27,Entertainment,-738.39
11123,367,2024-07-21,groceries,-4314.29
11124,463,2025-03-08,GROCERIES,-126.28
11125,450,2024-07-31,Travel,-1118.5
11126,142,2024-04-10,Travel,-1045.85
11127,45,2024-07-09,Transfer,4754.37
11128,104,2025-04-26,groceries,-287.4
11129,360,2024-05-19,,1628.75
11130,93,2025-04-05,shopping,-1455.18
11131,303,2024-12-28,ATM Withdrawal,-1340.96
11132,175,2025-02-10,shopping,-980.25
11133,359,2025-02-14,Transfer,4782.01
11134,284,2024-10-08,Travel,-2625.72
11135,275,2024-11-24,Utilities,-1720.33
11136,366,2024-02-08,Salary Credit,46384.01
11137,447,2025-01-15,Travel,-1582.1
11138,171,2025-01-22,Utilities,-1236.2
11139,248,2024-02-26,Entertainment,-1696.95
11140,293,2024-10-09,ATM Withdrawal,-654.7
11141,386,2024-10-04,dining ,-3189.62
11142,226,2024-06-17,ATM Withdrawal,-1369.09
11143,176,2024-02-06,dining ,-3743.7
11144,397,2024-01-06,Travel,-3195.1
11145,447,2024-04-23,dining ,-746.58
11146,267,2024-05-05,GROCERIES,-1415.57
11147,49,2024-04-25,Travel,-1529.02
11148,136,2024-11-26,shopping,-2040.38
11149,217,2024-08-17,Utilities,-1318.13
11150,330,2024-03-02,groceries,-2286.21
11151,314,2024-02-15,Dining,-383.21
11152,384,2024-12-23,Dining,-651.02
11153,15,2025-05-24,shopping,-1028.19
11154,218,2025-03-22,Utilities,-600.02
11155,329,2025-02-16,shopping,-358.76
11156,463,2024-06-22,Shopping,-1995.48
11157,67,2025-01-18,Dining,-203.72
11158,412,2024-02-14,ATM Withdrawal,-593.12
11159,4,2024-04-03,ATM Withdrawal,-1879.37
11160,93,2024-03-17,ATM Withdrawal,-2301.94
11161,397,2024-04-10,Travel,-691.02
11162,369,2024-07-14,Utilities,-266.94
11163,456,2024-01-24,Shopping,-468.05
11164,282,2025-03-19,Healthcare,-2203.22
11165,289,2025-01-24,Travel,-2254.17
11166,251,2024-12-11,ATM Withdrawal,-1502.85
11167,240,2024-04-05,Travel,-1422.32
11168,241,2025-04-17,Healthcare,-13.17
11169,137,2024-01-04,dining ,-1618.58
11170,400,2025-06-25,shopping,-1907.15
11171,167,2025-01-31,Shopping,-1348.9
11172,286,2024-04-20,ATM Withdrawal,-1381.69
11173,314,2024-04-17,ATM Withdrawal,-271.43
11174,252,2025-01-13,ATM Withdrawal,-2251.6
11175,287,2025-03-16,ATM Withdrawal,-23.29
11176,23,2024-09-11,shopping,-1185.07
11177,148,2024-02-02,dining ,-1611.78
11178,210,2024-09-25,Entertainment,-2226.9
11179,185,2024-09-18,Utilities,-2148.29
11180,425,2024-06-26,GROCERIES,-2225.28
11181,420,2025-05-07,GROCERIES,-928.09
11182,334,2024-07-05,Shopping,-3291.53
11183,165,2024-05-12,Travel,-2179.04
11184,24,2025-01-03,ATM Withdrawal,-882.45
11185,354,2024-12-02,Salary Credit,42692.96
11186,414,2024-12-04,groceries,-1884.38
11187,230,2024-10-01,Utilities,-779.32
11188,387,2024-06-22,Entertainment,-50.31
11189,436,2024-05-20,Transfer,-1817.08
11190,256,2024-03-05,Entertainment,-1522.51
11191,99,2024-04-11,groceries,-1774.17
11192,11,2024-11-11,Entertainment,-960.59
11193,355,2024-08-09,Entertainment,-2234.97
11194,264,2025-02-06,Shopping,-1966.84
11195,72,2025-03-14,ATM Withdrawal,-282.97
11196,26,2024-10-31,Utilities,-1239.82
11197,454,2024-02-27,ATM Withdrawal,-732.56
11198,150,2024-01-02,Transfer,4030.71
11199,154,2024-05-04,shopping,-2231.67
11200,295,2024-06-02,Groceries,-1762.87
11201,171,2024-02-10,Travel,-554.21
11202,428,2025-02-28,ATM Withdrawal,-1401.77
11203,319,2024-07-19,ATM Withdrawal,-519.87
11204,168,2025-02-08,shopping,-763.73
11205,125,2024-04-23,Healthcare,-2585.26
11206,403,2024-01-06,Groceries,-3492.21
11207,277,2024-03-15,dining ,-2801.12
11208,430,2024-09-13,Dining,-1449.65
11209,162,2024-09-18,Transfer,-8058.18
11210,10,2024-08-26,Transfer,-5304.55
11211,421,2025-06-06,Transfer,10456.84
11212,113,2024-12-21,Entertainment,-131.02
11213,396,2025-02-02,Travel,-2287.05
11214,333,2024-03-09,Utilities,-1883.82
11215,109,2024-09-10,Salary Credit,59878.45
11216,355,2024-12-04,Travel,-1976.27
11217,39,2024-11-14,Shopping,-670.94
11218,184,2025-05-31,groceries,-2176.8
11219,167,2024-09-16,Travel,-872.98
11220,308,2024-07-21,shopping,-320.27
11221,251,2025-05-29,groceries,-448.35
11222,287,2024-07-02,Healthcare,-1088.71
11223,223,2024-11-06,Groceries,-319.76
11224,347,2024-01-16,Entertainment,-2492.91
11225,75,2024-03-31,Groceries,-213.82
11226,337,2024-02-01,Entertainment,-857.94
11227,24,2024-08-15,shopping,-896.43
11228,41,2025-05-22,Dining,-1354.54
11229,339,2024-02-08,dining ,-419.43
11230,75,2025-06-15,Utilities,-2221.29
11231,361,2025-04-18,Transfer,-5489.28
11232,63,2024-01-04,GROCERIES,-1184.09
11233,69,2024-01-09,dining ,-614.75
11234,437,2025-05-05,ATM Withdrawal,-1694.7
11235,83,2024-11-14,Salary Credit,56178.31
11236,428,2024-04-04,Travel,-3625.48
11237,163,2025-06-03,Groceries,-352.99
11238,374,2024-11-01,shopping,-1077.16
11239,440,2024-12-12,dining ,-516.37
11240,55,2025-01-04,Salary Credit,50438.68
11241,155,2024-04-19,Utilities,-28.73
11242,269,2024-07-14,Healthcare,-1447.9
11243,406,2024-03-11,shopping,-2311.39
11244,88,2024-10-15,shopping,-829.23
11245,88,2025-06-22,Transfer,-8954.33
11246,173,2024-12-08,Healthcare,-1839.62
11247,96,2025-01-12,Transfer,-1610.64
11248,125,2024-04-15,shopping,-1325.76
11249,61,2024-10-22,Entertainment,-431.66
11250,388,2025-06-25,Dining,-2154.51
11251,373,2024-02-18,Transfer,9583.07
11252,68,2024-04-21,ATM Withdrawal,-361.6
11253,252,2025-01-27,Shopping,-1404.38
11254,303,2024-01-06,,-1188.98
11255,294,2024-04-22,ATM Withdrawal,-1429.23
11256,461,2025-05-29,ATM Withdrawal,-690.31
11257,301,2024-01-11,Entertainment,-825.9
11258,322,2024-08-21,ATM Withdrawal,-1811.17
11259,16,2024-06-28,dining ,-1248.26
11260,38,2024-08-05,Dining,-451.85
11261,290,2024-05-20,shopping,-748.37
11262,425,2024-05-30,Dining,-147.65
11263,187,2025-02-18,ATM Withdrawal,-472.5
11264,301,2024-01-15,Transfer,8116.16
11265,99,2024-03-11,Utilities,-1714.42
11266,214,2024-05-24,Entertainment,-16.18
11267,352,2025-03-26,ATM Withdrawal,-3472.26
11268,309,2024-08-02,Healthcare,-185.87
11269,54,2024-01-19,dining ,-1843.12
11270,412,2024-10-10,shopping,-1203.36
11271,434,2024-12-07,Salary Credit,34896.34
11272,224,2024-09-06,Transfer,4446.67
11273,160,2024-02-18,Entertainment,-626.73
11274,249,2025-04-24,Entertainment,-2387.24
11275,376,2025-04-12,Dining,-1761.5
11276,212,2025-05-11,Travel,-1847.28
11277,15,2025-06-09,ATM Withdrawal,-1006.26
11278,34,2024-06-21,GROCERIES,-1516.94
11279,380,2024-08-17,Healthcare,-1175.81
11280,369,2025-06-06,ATM Withdrawal,-1649.29
11281,362,2024-09-02,Transfer,-2085.41
11282,60,2025-04-16,Entertainment,-936.76
11283,80,2024-12-19,Dining,-2420.52
11284,185,2025-05-20,Travel,-1186.72
11285,109,2024-01-06,ATM Withdrawal,-1714.56
11286,182,2025-01-19,Transfer,4328.73
11287,262,2025-03-12,ATM Withdrawal,-2568.28
11288,132,2024-04-18,GROCERIES,-1527.48
11289,58,2025-02-04,Salary Credit,62637.66
11290,189,2024-04-16,Utilities,-2002.43
11291,339,2025-05-08,Travel,-598.66
11292,290,2025-05-10,Healthcare,-1597.47
11293,151,2024-01-03,Dining,-2714.08
11294,146,2024-10-03,GROCERIES,-1398.24
11295,274,2024-07-27,Travel,-1780.88
11296,81,2025-04-30,Entertainment,-2471.5
11297,391,2024-06-23,Dining,-910.9
11298,407,2025-01-27,Groceries,-1831.16
11299,12,2024-03-04,Travel,-2412.13
11300,455,2024-04-25,Salary Credit,38859.64
11301,11,2025-06-20,Dining,-2140.76
11302,215,2024-07-28,Transfer,-4984.42
11303,313,2025-02-21,Transfer,-7371.85
11304,154,2025-06-11,shopping,-1191.4
11305,96,2025-06-10,GROCERIES,-1133.08
11306,23,2024-01-11,shopping,-1781.5
11307,341,2024-05-06,dining ,-345.73
11308,18,2025-01-24,Travel,-1894.63
11309,227,2025-05-20,Transfer,2263.22
11310,184,2025-06-17,Groceries,-2561.6
11311,453,2025-01-27,GROCERIES,-2225.14
11312,436,2024-02-26,GROCERIES,-2584.01
11313,383,2025-02-08,groceries,-1617.82
11314,342,2024-05-28,Dining,-818.66
11315,255,2025-03-16,Travel,-551.22
11316,164,2024-10-25,Transfer,-4482.22
11317,78,2024-04-10,Groceries,-582.31
11318,454,2025-04-04,Utilities,-1492.37
11319,181,2025-06-22,Entertainment,-475.16
11320,201,2024-10-03,shopping,-640.04
11321,67,2025-03-18,Transfer,-3857.34
11322,130,2024-02-02,Shopping,-501.45
11323,297,2024-05-27,groceries,-892.02
11324,200,2024-03-10,dining ,-1725.45
11325,275,2024-06-03,Transfer,-1388.72
11326,100,2024-07-23,Entertainment,-1039.6
11327,39,2024-08-23,Shopping,-174.73
11328,415,2024-06-24,Shopping,-2402.95
11329,203,2024-10-23,shopping,-571.2
11330,170,2024-04-29,groceries,-1243.28
11331,134,2024-07-08,GROCERIES,-1608.59
11332,308,2025-04-02,Healthcare,-64.1
11333,264,2024-11-02,Groceries,-439.76
11334,183,2024-01-15,Utilities,-632.99
11335,436,2024-06-27,ATM Withdrawal,-1904.24
11336,423,2025-03-27,Travel,-2848.39
11337,93,2024-04-08,Healthcare,-2870.34
11338,301,2025-05-17,groceries,-2345.98
11339,454,2024-06-10,Entertainment,-84.0
11340,229,2024-12-09,groceries,-411.21
11341,15,2024-09-15,dining ,-2448.72
11342,62,2024-12-06,Shopping,-2573.0
11343,313,2025-03-10,Entertainment,-1916.14
11344,423,2024-03-22,Travel,-1925.22
11345,61,2024-07-10,Utilities,-813.84
11346,256,2024-11-05,Travel,-2744.52
11347,233,2024-05-22,GROCERIES,-542.06
11348,134,2024-07-23,Transfer,-168.4
11349,296,2025-04-27,Entertainment,-1921.17
11350,411,2024-05-04,ATM Withdrawal,-675.5
11351,112,2024-04-13,Travel,-31.29
11352,26,2024-11-13,Salary Credit,52024.03
11353,169,2024-02-24,Shopping,-445.45
11354,147,2024-01-01,GROCERIES,-1608.89
11355,341,2025-04-18,Travel,-798.04
11356,252,2024-05-30,ATM Withdrawal,-2641.23
11357,9,2024-03-06,Transfer,8221.51
11358,160,2024-12-23,Utilities,-224.06
11359,345,2024-09-19,Transfer,-82.2
11360,224,2024-09-04,Transfer,-6835.17
11361,264,2024-08-26,Entertainment,-1264.15
11362,124,2024-03-20,Healthcare,-2235.69
11363,150,2025-04-12,GROCERIES,-1691.78
11364,61,2024-01-01,Travel,-255.52
11365,39,2024-09-20,Transfer,-6393.93
11366,18,2024-05-27,Transfer,8812.47
11367,293,2024-12-15,groceries,-366.57
11368,74,2024-10-26,Salary Credit,39694.04
11369,269,2024-07-28,Entertainment,-1557.22
11370,446,2024-10-18,dining ,-2472.41
11371,327,2024-05-03,Utilities,-1020.59
11372,270,2024-03-12,Travel,-1736.88
11373,55,2025-05-08,Travel,-1231.7
11374,229,2024-11-30,shopping,-1161.8
11375,418,2024-12-22,GROCERIES,-2236.7
11376,180,2025-06-28,Transfer,-5329.58
11377,387,2025-05-07,GROCERIES,-801.7
11378,332,2024-11-14,Transfer,-4078.74
11379,125,2025-03-07,GROCERIES,-577.16
11380,67,2024-10-14,Transfer,-4286.24
11381,8,2024-05-09,Utilities,-1252.96
11382,130,2024-12-05,ATM Withdrawal,-1458.07
11383,156,2025-05-12,Dining,-313.31
11384,307,2025-04-24,shopping,-821.49
11385,268,2024-10-02,Utilities,-865.51
11386,225,2025-05-30,Groceries,-512.99
11387,339,2024-04-17,ATM Withdrawal,-678.53
11388,361,2024-01-23,Groceries,-2010.66
11389,334,2024-08-07,Healthcare,-2427.59
11390,420,2024-04-21,Shopping,-918.28
11391,169,2025-06-05,groceries,-560.1
11392,386,2024-03-04,Healthcare,-1126.86
11393,197,2024-10-18,GROCERIES,-1275.87
11394,87,2025-02-24,Transfer,-3810.87
11395,69,2024-03-01,Utilities,-712.17
11396,43,2024-01-25,Shopping,-3406.44
11397,448,2024-10-28,Transfer,-1119.26
11398,80,2025-05-06,groceries,-2011.01
11399,391,2024-01-09,ATM Withdrawal,-2540.74
11400,367,2024-01-12,GROCERIES,-971.56
11401,206,2025-05-19,ATM Withdrawal,-1595.93
11402,428,2024-11-24,Dining,-309.14
11403,426,2025-01-17,GROCERIES,-1222.39
11404,434,2024-05-30,Dining,-2243.55
11405,233,2024-06-19,Salary Credit,45963.93
11406,140,2024-09-13,Healthcare,-1234.4
11407,21,2024-04-26,Healthcare,-2760.82
11408,394,2024-08-28,ATM Withdrawal,-1937.18
11409,409,2025-06-03,Transfer,-2568.29
11410,251,2025-02-12,Entertainment,-1000.39
11411,34,2025-04-18,shopping,-1535.75
11412,386,2024-09-27,dining ,-1204.98
11413,140,2025-03-05,ATM Withdrawal,-1886.28
11414,257,2024-08-17,groceries,-1312.21
11415,309,2024-12-02,Transfer,5133.14
11416,69,2025-02-02,Travel,-1227.6
11417,30,2025-03-25,dining ,-201.27
11418,38,2025-05-19,Transfer,-2343.12
11419,449,2024-02-27,Groceries,-207.63
11420,448,2025-03-08,Healthcare,-1158.78
11421,200,2025-01-21,Healthcare,-269.72
11422,200,2025-02-05,Salary Credit,41192.84
11423,191,2024-01-09,ATM Withdrawal,-2936.51
11424,165,2024-09-22,groceries,-1132.88
11425,255,2025-06-07,Travel,-1243.27
11426,167,2025-05-05,Entertainment,-1213.95
11427,289,2024-05-05,Groceries,-1390.75
11428,178,2024-09-22,Utilities,-726.2
11429,295,2025-04-15,Utilities,-1051.37
11430,443,2025-05-22,ATM Withdrawal,-712.22
11431,97,2024-06-29,ATM Withdrawal,-143.64
11432,30,2025-03-13,Groceries,-2255.69
11433,247,2025-03-30,Dining,-406.05
11434,56,2024-03-22,Transfer,9801.8
11435,109,2024-01-18,dining ,-511.71
11436,370,2024-01-26,Utilities,-22.71
11437,196,2024-03-20,dining ,-2942.31
11438,258,2025-02-07,Transfer,-1793.87
11439,364,2024-07-31,Groceries,-101.74
11440,61,2025-01-08,Utilities,-1075.91
11441,225,2024-02-18,Shopping,-3.99
11442,17,2024-11-24,GROCERIES,-693.65
11443,234,2025-02-10,Healthcare,-630.09
11444,105,2025-06-16,Entertainment,-2178.72
11445,427,2024-06-23,Salary Credit,48358.97
11446,123,2024-10-24,Travel,-60.73
11447,94,2024-09-20,dining ,-883.97
11448,7,2024-07-08,shopping,-386.61
11449,63,2024-12-14,dining ,-1785.16
11450,102,2024-11-03,Salary Credit,53613.75
11451,107,2025-03-29,groceries,-987.96
11452,346,2024-01-16,ATM Withdrawal,-748.7
11453,416,2024-04-30,Utilities,-679.28
11454,401,2024-11-11,Shopping,-1473.92
11455,448,2024-11-08,dining ,-1993.37
11456,421,2025-05-06,Dining,-1071.17
11457,214,2025-01-02,Shopping,-863.52
11458,183,2024-01-03,Shopping,-1902.67
11459,304,2024-09-23,Healthcare,-2544.93
11460,150,2025-04-05,Utilities,-942.04
11461,283,2025-04-20,Groceries,-1276.43
11462,468,2025-03-13,shopping,-523.7
11463,93,2024-09-17,Utilities,-1272.27
11464,361,2024-02-27,Entertainment,-366.11
11465,438,2024-04-26,Dining,-2479.68
11466,252,2025-04-06,Entertainment,-1997.52
11467,167,2024-07-04,ATM Withdrawal,-2763.32
11468,120,2025-02-20,dining ,-695.99
11469,79,2024-01-20,Travel,-3063.33
11470,151,2024-09-24,Shopping,-1420.11
11471,350,2025-06-01,Shopping,-1079.59
11472,242,2024-05-13,Travel,-2332.29
11473,104,2024-01-17,Shopping,-281.53
11474,254,2024-06-06,ATM Withdrawal,-1230.15
11475,379,2024-02-04,Shopping,-1059.25
11476,7,2024-11-29,Salary Credit,48340.48
11477,10,2024-04-14,Entertainment,-800.69
11478,449,2024-05-14,shopping,-714.53
11479,351,2024-11-16,Travel,-857.35
11480,270,2024-06-26,Dining,-938.57
11481,425,2024-12-20,GROCERIES,-1270.79
11482,276,2025-05-22,Utilities,-2359.2
11483,244,2025-05-22,Travel,-740.84
11484,99,2025-02-01,Transfer,-7299.22
11485,380,2025-06-11,Dining,-775.01
11486,359,2025-02-05,ATM Withdrawal,-1038.99
11487,139,2024-02-06,GROCERIES,-221.95
11488,346,2025-06-04,dining ,-1241.54
11489,341,2024-11-04,Utilities,-847.76
11490,45,2024-01-04,shopping,-997.55
11491,76,2024-12-04,dining ,-1724.81
11492,279,2024-05-13,groceries,-1771.83
11493,292,2024-10-18,Shopping,-2477.98
11494,309,2024-12-24,Travel,-666.95
11495,175,2024-01-16,Travel,-1814.12
11496,392,2024-08-26,Utilities,-1770.15
11497,209,2024-01-31,Travel,-1278.99
11498,97,2024-03-02,Dining,-2716.89
11499,54,2024-04-25,Utilities,-625.55
11500,411,2025-03-01,shopping,-1335.84
11501,331,2024-08-13,shopping,-1474.45
11502,216,2024-01-26,Entertainment,-121.92
11503,98,2025-02-11,Transfer,-4680.2
11504,46,2024-10-23,Groceries,-1593.54
11505,72,2024-03-18,Dining,-2621.76
11506,50,2024-11-02,Entertainment,-1393.51
11507,248,2024-05-15,Utilities,-1236.32
11508,93,2024-12-12,shopping,-1259.77
11509,60,2025-05-31,ATM Withdrawal,-295.56
11510,133,2024-06-21,Shopping,-857.48
11511,328,2025-02-10,groceries,-1063.71
11512,233,2024-01-13,Dining,-1288.38
11513,72,2024-08-09,GROCERIES,-2440.78
11514,351,2025-04-29,Dining,-2036.22
11515,230,2024-02-10,Groceries,-671.13
11516,88,2025-05-21,Salary Credit,44812.2
11517,324,2024-02-21,Travel,-2460.7
11518,465,2024-09-19,Groceries,-351.58
11519,253,2024-04-08,GROCERIES,-995.26
11520,76,2024-01-12,Healthcare,-24.46
11521,145,2024-07-09,dining ,-3399.1
11522,281,2024-11-12,dining ,-1895.06
11523,468,2025-01-28,shopping,-753.38
11524,435,2024-06-21,Dining,-1167.8
11525,437,2024-09-25,Dining,-460.41
11526,390,2024-04-09,Groceries,-2992.22
11527,270,2025-02-01,Healthcare,-863.9
11528,304,2024-04-02,Salary Credit,47619.59
11529,344,2025-04-14,Shopping,-1135.94
11530,335,2024-04-07,Entertainment,-274.12
11531,299,2024-12-27,shopping,-973.84
11532,63,2024-06-29,Dining,-258.65
11533,412,2025-06-27,Shopping,-2612.84
11534,5,2024-06-01,Shopping,-1223.06
11535,200,2025-06-01,Travel,-2023.55
11536,204,2025-03-31,Transfer,3546.22
11537,467,2024-09-12,groceries,-2410.13
11538,42,2024-09-26,dining ,-1231.29
11539,223,2024-07-11,Travel,-2165.63
11540,168,2024-08-21,Groceries,-1710.69
11541,46,2024-09-10,Healthcare,-1169.73
11542,105,2024-03-20,shopping,-2099.72
11543,198,2024-06-24,Groceries,-4966.85
11544,429,2025-04-22,Salary Credit,35950.61
11545,182,2025-06-17,Transfer,1118.98
11546,412,2024-01-30,Travel,-1573.24
11547,344,2025-02-03,shopping,-1403.2
11548,384,2024-05-10,ATM Withdrawal,-2948.39
11549,400,2024-12-22,dining ,-969.04
11550,335,2024-12-04,shopping,-2056.67
11551,344,2025-04-23,Salary Credit,28362.65
11552,73,2025-01-17,Transfer,5455.33
11553,336,2025-03-24,Entertainment,-417.17
11554,23,2025-03-12,Healthcare,-1733.05
11555,346,2024-12-18,Groceries,-2236.19
11556,307,2024-08-11,Transfer,6621.72
11557,355,2024-07-02,ATM Withdrawal,-878.78
11558,301,2024-07-07,Travel,-1242.58
11559,173,2024-07-14,Entertainment,-1570.2
11560,173,2024-06-06,Entertainment,-296.41
11561,279,2024-06-18,Transfer,-2002.77
11562,222,2024-11-05,groceries,-1980.54
11563,160,2024-05-27,Dining,-590.37
11564,229,2024-07-09,Entertainment,-2351.72
11565,252,2025-01-21,Healthcare,-397.57
11566,113,2024-06-27,Utilities,-2041.81
11567,299,2024-02-28,Utilities,-1207.42
11568,148,2024-01-10,Salary Credit,44251.44
11569,126,2025-02-21,groceries,-1332.63
11570,196,2025-05-31,Shopping,-101.3
11571,49,2025-01-06,Healthcare,-2209.87
11572,283,2024-02-03,Utilities,-812.74
11573,344,2024-11-03,ATM Withdrawal,-449.16
11574,448,2024-05-27,Shopping,-3148.09
11575,133,2024-06-23,Utilities,-886.01
11576,253,2025-05-17,Travel,-422.72
11577,236,2025-03-25,shopping,-1931.62
11578,343,2025-02-04,Transfer,8029.77
11579,293,2024-09-29,shopping,-1275.07
11580,378,2024-11-11,Entertainment,-2059.62
11581,399,2025-05-14,groceries,-3047.21
11582,54,2024-12-26,Healthcare,-517.93
11583,167,2024-11-11,Shopping,-787.01
11584,306,2024-02-22,Travel,-242.36
11585,255,2025-06-27,groceries,-1541.99
11586,226,2025-03-16,Utilities,-1312.62
11587,82,2024-07-17,Travel,-2336.48
11588,268,2024-05-16,Healthcare,-1174.25
11589,347,2025-06-11,Transfer,4747.36
11590,18,2025-06-05,groceries,-1376.16
11591,277,2024-08-17,Utilities,-989.25
11592,425,2024-05-06,shopping,-1531.23
11593,269,2025-03-10,Entertainment,-1403.81
11594,446,2024-12-06,Transfer,4316.39
11595,166,2025-05-05,Dining,-1695.07
11596,2,2024-10-24,groceries,-1755.4
11597,320,2024-10-27,GROCERIES,-906.28
11598,100,2024-03-18,Shopping,-1126.5
11599,5,2024-11-24,groceries,-1041.68
11600,85,2024-07-16,Dining,-95.69
11601,438,2024-04-21,Transfer,3542.6
11602,366,2025-03-01,Travel,-1884.57
11603,129,2024-07-07,Healthcare,-1961.55
11604,280,2024-04-25,Transfer,1960.3
11605,159,2025-06-07,,-2080.87
11606,83,2025-06-08,Groceries,-2866.8
11607,463,2024-09-26,Shopping,-1734.04
11608,381,2024-06-10,ATM Withdrawal,-1197.5
11609,171,2024-03-29,shopping,-422.46
11610,166,2024-12-07,Entertainment,-1187.44
11611,382,2024-11-28,Transfer,3515.44
11612,216,2024-12-03,shopping,-1020.82
11613,177,2025-02-22,GROCERIES,-2360.28
11614,182,2024-09-13,Utilities,-1994.82
11615,210,2025-01-07,shopping,-891.36
11616,245,2024-12-23,dining ,-1279.06
11617,19,2025-03-09,Transfer,3700.04
11618,225,2025-02-09,Travel,-9.14
11619,206,2024-01-20,Dining,-1945.22
11620,129,2024-12-03,Transfer,-8545.71
11621,167,2025-06-15,Salary Credit,40140.63
11622,199,2024-11-01,dining ,-612.19
11623,172,2024-10-15,shopping,-2017.0
11624,426,2024-11-26,ATM Withdrawal,-600.66
11625,248,2024-11-01,Travel,-48.01
11626,236,2024-08-07,Utilities,-800.38
11627,124,2025-06-25,ATM Withdrawal,-2420.4
11628,429,2024-02-08,ATM Withdrawal,-728.95
11629,11,2025-03-19,Groceries,-616.52
11630,258,2024-03-28,dining ,-776.12
11631,80,2024-04-22,Salary Credit,35793.42
11632,360,2024-11-26,dining ,-14.2
11633,178,2024-12-13,Healthcare,-963.89
11634,138,2025-05-20,dining ,-62.49
11635,28,2024-06-09,ATM Withdrawal,-841.42
11636,370,2024-01-15,Healthcare,-1437.13
11637,186,2024-05-19,Utilities,-1539.11
11638,124,2024-10-23,Salary Credit,43874.72
11639,396,2024-07-13,groceries,-121.51
11640,10,2024-05-17,Salary Credit,41709.34
11641,220,2025-05-13,Healthcare,-1510.72
11642,76,2024-11-02,Healthcare,-1758.61
11643,60,2025-01-01,Travel,-954.32
11644,11,2025-02-12,Transfer,5249.27
11645,88,2024-08-10,Transfer,-3938.82
11646,444,2025-02-04,Utilities,-283.41
11647,209,2025-06-09,Transfer,5055.32
11648,468,2025-01-30,,-203.2
11649,126,2024-06-10,Healthcare,-631.88
11650,357,2025-02-28,Entertainment,-1029.28
11651,42,2024-05-08,shopping,-171.62
11652,51,2024-02-09,Travel,-545.77
11653,8,2024-08-30,Healthcare,-1768.62
11654,421,2024-10-04,groceries,-759.1
11655,315,2024-09-13,shopping,-481.39
11656,349,2024-05-22,Shopping,-2174.44
11657,434,2024-05-28,Travel,-1514.57
11658,156,2025-05-17,groceries,-1825.84
11659,339,2024-06-07,Dining,-493.24
11660,236,2025-03-02,Healthcare,-944.03
11661,254,2024-05-20,Transfer,-4967.61
11662,310,2024-02-28,Transfer,11857.31
11663,220,2024-02-04,shopping,-1275.72
11664,12,2024-05-12,ATM Withdrawal,-2175.44
11665,36,2025-04-03,Shopping,-3259.47
11666,235,2024-09-05,ATM Withdrawal,-2744.5
11667,267,2025-01-13,Entertainment,-1341.67
11668,343,2025-06-08,Dining,-2232.85
11669,268,2024-01-27,Healthcare,-1314.79
11670,89,2024-02-29,Entertainment,-1164.93
11671,172,2025-05-16,Travel,-1956.94
11672,208,2024-11-05,Healthcare,-1995.25
11673,461,2024-12-02,Entertainment,-1656.41
11674,250,2024-07-05,GROCERIES,-1049.22
11675,298,2025-03-26,GROCERIES,-765.36
11676,345,2024-12-18,ATM Withdrawal,-113.89
11677,170,2024-05-20,Transfer,5486.92
11678,452,2024-12-19,Dining,-1412.88
11679,316,2024-01-03,Shopping,-1947.38
11680,397,2024-05-11,Shopping,-113.26
11681,351,2024-04-21,Travel,-1293.72
11682,291,2025-03-04,groceries,-1017.75
11683,15,2025-02-04,dining ,-1148.25
11684,274,2024-02-19,Transfer,8844.89
11685,61,2025-05-09,GROCERIES,-2114.09
11686,283,2025-03-21,Salary Credit,45750.05
11687,329,2024-08-24,,43484.75
11688,256,2024-04-25,Healthcare,-2283.6
11689,145,2024-08-17,Healthcare,-2739.22
11690,28,2024-11-17,Healthcare,-2638.93
11691,315,2024-12-09,Shopping,-1640.26
11692,327,2024-07-08,Groceries,-1235.96
11693,224,2024-02-25,Utilities,-1822.52
11694,336,2024-11-28,Shopping,-1879.65
11695,365,2025-01-19,groceries,-839.91
11696,240,2024-05-25,groceries,-1026.91
11697,23,2024-12-14,Utilities,-3942.66
11698,408,2024-11-06,Travel,-839.62
11699,219,2024-09-30,shopping,-1966.73
11700,315,2024-01-05,Healthcare,-737.05
11701,427,2024-06-16,Travel,-1088.08
11702,170,2024-07-23,GROCERIES,-370.29
11703,292,2025-03-30,shopping,-372.49
11704,10,2025-03-26,Utilities,-1755.68
11705,415,2025-04-21,Entertainment,-1648.46
11706,28,2024-09-09,Travel,-2856.36
11707,254,2024-06-27,Utilities,-1223.42
11708,165,2024-09-29,ATM Withdrawal,-1339.96
11709,17,2025-03-07,Shopping,-1161.41
11710,217,2024-12-04,Shopping,-324.56
11711,438,2024-11-23,dining ,-1730.39
11712,79,2024-08-24,Travel,-1047.74
11713,137,2025-01-14,Groceries,-92.03
11714,89,2025-04-17,Transfer,8321.95
11715,59,2024-12-30,Dining,-682.96
11716,108,2024-08-07,groceries,-1497.53
11717,268,2025-04-02,shopping,-1529.5
11718,366,2025-05-28,Shopping,-1389.17
11719,324,2025-03-10,Utilities,-296.1
11720,361,2025-04-22,Healthcare,-2456.56
11721,335,2024-05-24,Salary Credit,39170.64
11722,180,2024-08-17,Entertainment,-1010.57
11723,422,2024-05-15,Utilities,-1963.68
11724,81,2024-07-18,Shopping,-1934.21
11725,328,2025-02-03,Travel,-124.65
11726,52,2025-01-03,Travel,-1194.94
11727,359,2024-01-02,GROCERIES,-2172.03
11728,41,2025-02-15,Dining,-2470.74
11729,102,2024-04-14,Entertainment,-1751.23
11730,184,2024-04-11,Transfer,-7150.59
11731,326,2024-10-23,GROCERIES,-1076.55
11732,22,2024-05-11,Groceries,-219.92
11733,121,2025-06-08,groceries,-964.92
11734,157,2024-03-20,Salary Credit,53993.97
11735,343,2024-03-23,dining ,-2203.32
11736,450,2025-02-18,Transfer,5610.29
11737,288,2024-06-05,Groceries,-899.91
11738,238,2025-01-24,ATM Withdrawal,-2761.23
11739,158,2025-01-06,Entertainment,-1311.61
11740,385,2024-04-13,GROCERIES,-1773.64
11741,51,2024-11-12,Entertainment,-114.12
11742,61,2024-10-19,Entertainment,-1149.56
11743,95,2024-02-21,shopping,-2177.59
11744,126,2025-02-20,Utilities,-32.5
11745,217,2025-04-12,Shopping,-1165.18
11746,443,2025-05-31,Utilities,-1568.04
11747,305,2024-02-17,Healthcare,-2485.65
11748,180,2024-04-07,Shopping,-2078.41
11749,99,2025-03-25,Transfer,-7495.48
11750,304,2024-06-14,Salary Credit,52116.98
11751,119,2024-12-06,Utilities,-340.2
11752,457,2024-07-08,Shopping,-314.28
11753,224,2024-04-28,Entertainment,-2712.55
11754,258,2024-12-06,Travel,-791.87
11755,423,2024-04-22,Utilities,-712.34
11756,143,2024-03-15,Healthcare,-876.82
11757,221,2024-10-16,Utilities,-2154.21
11758,249,2024-04-15,Entertainment,-192.88
11759,127,2024-04-14,dining ,-461.74
11760,26,2025-03-01,Transfer,-8282.94
11761,133,2024-10-15,Salary Credit,27329.81
11762,53,2024-10-22,Groceries,-2422.86
11763,317,2024-03-19,GROCERIES,-453.68
11764,4,2024-03-28,Utilities,-1067.78
11765,149,2024-07-31,ATM Withdrawal,-501.74
11766,414,2024-07-30,Utilities,-3.07
11767,267,2024-09-03,Utilities,-517.01
11768,315,2024-03-14,Shopping,-455.44
11769,313,2025-05-04,Healthcare,-92.12
11770,140,2024-07-16,GROCERIES,-2588.24
11771,296,2025-03-20,Salary Credit,37243.74
11772,104,2024-08-06,Entertainment,-498.34
11773,298,2024-09-14,shopping,-658.0
11774,320,2024-03-02,Healthcare,-1592.08
11775,411,2025-01-03,Shopping,-360.65
11776,431,2024-02-02,ATM Withdrawal,-1039.64
11777,12,2025-02-11,Transfer,5545.74
11778,140,2025-04-25,dining ,-1491.68
11779,257,2024-07-16,Shopping,-723.31
11780,151,2025-04-28,Salary Credit,44892.91
11781,290,2025-01-15,Groceries,-1005.79
11782,400,2024-01-02,shopping,-1477.85
11783,121,2024-04-20,Transfer,-9971.44
11784,419,2024-12-15,GROCERIES,-815.67
11785,413,2025-01-17,Travel,-490.89
11786,428,2024-02-21,groceries,-1132.02
11787,35,2025-01-08,dining ,-2064.13
11788,138,2025-03-17,Shopping,-895.43
11789,59,2024-02-20,groceries,-1439.89
11790,57,2025-04-24,Travel,-1660.22
11791,25,2024-10-17,groceries,-3137.35
11792,206,2024-12-02,Entertainment,-2030.27
11793,41,2024-01-28,Entertainment,-414.55
11794,139,2024-11-30,Dining,-772.09
11795,460,2024-09-04,GROCERIES,-1335.34
11796,414,2024-07-21,dining ,-565.37
11797,439,2025-03-01,Groceries,-762.79
11798,18,2024-05-15,ATM Withdrawal,-303.61
11799,310,2024-02-02,Shopping,-745.26
11800,297,2024-09-29,Shopping,-727.3
11801,63,2025-02-09,Entertainment,-1095.87
11802,425,2024-03-13,Transfer,2848.64
11803,190,2025-06-20,Travel,-1677.02
11804,458,2025-01-01,Salary Credit,44979.59
11805,54,2025-05-24,Travel,-1204.02
11806,305,2024-09-13,Salary Credit,44604.89
11807,62,2024-03-08,dining ,-394.46
11808,445,2024-04-06,Utilities,-2493.13
11809,285,2024-09-29,dining ,-3029.08
11810,36,2024-11-16,Dining,-2314.66
11811,101,2025-02-04,Travel,-387.8
11812,169,2025-03-09,ATM Withdrawal,-604.53
11813,7,2025-02-19,Travel,-1837.2
11814,5,2024-11-16,Healthcare,-524.9
11815,434,2024-01-10,Utilities,-569.05
11816,460,2024-10-15,Healthcare,-34.2
11817,251,2025-03-22,Dining,-873.92
11818,423,2025-04-07,Utilities,-460.6
11819,307,2025-03-30,dining ,-951.89
11820,14,2024-01-06,dining ,-2236.3
11821,335,2024-08-25,dining ,-1575.02
11822,9,2024-12-02,Salary Credit,34315.0
11823,383,2024-05-14,dining ,-1981.13
11824,172,2024-08-11,Groceries,-1314.2
11825,67,2024-02-23,dining ,-2243.33
11826,121,2024-04-15,ATM Withdrawal,-1860.84
11827,320,2024-01-04,Travel,-502.21
11828,397,2025-06-17,Dining,-1802.01
11829,268,2025-04-13,GROCERIES,-1840.1
11830,76,2024-08-08,ATM Withdrawal,-2149.99
11831,422,2024-01-03,ATM Withdrawal,-2097.69
11832,371,2024-07-01,shopping,-3070.47
11833,192,2024-08-24,shopping,-2057.34
11834,260,2024-04-02,dining ,-493.93
11835,452,2024-12-26,shopping,-1359.57
11836,177,2025-06-27,ATM Withdrawal,-255.85
11837,13,2025-04-04,Transfer,8628.17
11838,69,2025-04-11,Utilities,-429.35
11839,281,2025-03-28,ATM Withdrawal,-3208.03
11840,467,2024-02-08,shopping,-936.82
11841,347,2024-10-27,ATM Withdrawal,-1160.46
11842,290,2024-11-04,ATM Withdrawal,-781.78
11843,152,2024-02-25,Transfer,-3408.96
11844,206,2024-03-21,Dining,-1408.51
11845,18,2024-11-04,Utilities,-1215.88
11846,174,2025-01-25,dining ,-815.72
11847,292,2024-04-23,Travel,-1475.84
11848,424,2024-09-20,shopping,-711.45
11849,432,2024-02-10,ATM Withdrawal,-1195.51
11850,385,2024-03-01,Shopping,-2789.23
11851,11,2024-11-12,Shopping,-684.23
11852,380,2024-10-30,Salary Credit,42572.94
11853,103,2025-02-12,Utilities,-160.65
11854,289,2025-05-11,dining ,-895.49
11855,443,2024-04-13,dining ,-1537.12
11856,416,2024-07-04,Transfer,-3414.19
11857,311,2025-04-11,GROCERIES,-179.23
11858,141,2024-01-28,Utilities,-1525.34
11859,244,2025-03-27,Utilities,-1620.55
11860,330,2025-05-30,Shopping,-1752.58
11861,241,2024-02-24,Entertainment,-84.8
11862,190,2024-03-18,Entertainment,-2433.49
11863,189,2025-01-07,Groceries,-760.91
11864,281,2024-09-15,Shopping,-293.07
11865,17,2025-06-22,Groceries,-2122.09
11866,468,2024-10-23,Transfer,4054.0
11867,48,2024-12-23,Travel,-450.55
11868,461,2024-05-09,dining ,-1598.08
11869,17,2024-06-25,Shopping,-0.79
11870,240,2024-04-06,Travel,-3496.42
11871,196,2024-03-21,Healthcare,-271.09
11872,269,2024-03-02,Groceries,-1520.54
11873,203,2025-05-01,Healthcare,-1055.33
11874,420,2024-02-08,dining ,-372.22
11875,8,2024-10-08,Groceries,-357.78
11876,462,2024-10-03,ATM Withdrawal,-2214.96
11877,323,2024-01-31,Shopping,-1530.53
11878,365,2025-04-03,Entertainment,-573.5
11879,66,2024-09-29,shopping,-696.06
11880,31,2024-03-10,Shopping,-467.72
11881,186,2024-03-11,dining ,-1992.94
11882,151,2025-01-16,Healthcare,-2030.09
11883,367,2024-12-03,ATM Withdrawal,-1674.61
11884,420,2024-08-12,Salary Credit,47030.01
11885,201,2024-08-08,Transfer,6879.92
11886,360,2024-01-20,Groceries,-284.07
11887,28,2024-01-18,Entertainment,-1447.63
11888,348,2024-10-19,shopping,-2161.6
11889,47,2024-07-17,Transfer,5158.89
11890,313,2024-05-17,ATM Withdrawal,-627.6
11891,179,2024-07-25,shopping,-687.53
11892,195,2024-11-25,Transfer,3430.12
11893,130,2024-06-08,ATM Withdrawal,-1400.71
11894,189,2024-07-09,GROCERIES,-763.42
11895,410,2024-06-03,ATM Withdrawal,-441.06
11896,379,2024-12-29,Shopping,-1917.97
11897,160,2024-01-30,Transfer,-6065.79
11898,138,2025-05-15,Transfer,2189.46
11899,239,2024-10-29,Dining,-756.96
11900,321,2024-05-13,groceries,-1667.09
11901,86,2025-02-17,dining ,-1223.79
11902,340,2025-05-27,ATM Withdrawal,-571.85
11903,444,2024-02-01,Entertainment,-2369.68
11904,396,2024-04-21,ATM Withdrawal,-437.6
11905,257,2024-03-19,Transfer,-5261.94
11906,150,2024-02-08,Shopping,-1316.91
11907,152,2025-02-06,Shopping,-1252.18
11908,348,2024-04-15,Healthcare,-1561.63
11909,213,2024-07-28,GROCERIES,-698.72
11910,50,2025-03-20,Travel,-2123.5
11911,318,2024-11-29,Utilities,-29.56
11912,65,2025-01-04,Groceries,-1180.73
11913,462,2024-02-23,Salary Credit,39993.56
11914,196,2025-06-13,Dining,-2106.08
11915,161,2024-02-15,,-484.95
11916,26,2025-01-21,GROCERIES,-1263.85
11917,79,2024-12-14,Travel,-1276.62
11918,444,2024-08-12,dining ,-1376.24
11919,252,2025-04-01,Entertainment,-543.1
11920,423,2025-05-01,shopping,-1529.11
11921,448,2024-02-08,Transfer,-5085.83
11922,23,2025-06-06,Shopping,-1509.06
11923,179,2024-05-11,Groceries,-2616.97
11924,393,2025-03-07,ATM Withdrawal,-1304.43
11925,232,2025-03-23,groceries,-304.43
11926,239,2024-10-30,Travel,-2964.92
11927,267,2025-04-15,shopping,-2081.19
11928,329,2025-03-26,Transfer,4452.06
11929,440,2024-10-11,Entertainment,-1865.73
11930,416,2024-04-07,dining ,-651.65
11931,293,2024-08-24,ATM Withdrawal,-2591.62
11932,271,2025-05-05,shopping,-2006.7
11933,169,2024-04-20,Transfer,4468.8
11934,55,2025-06-28,Healthcare,-1983.84
11935,332,2024-04-09,shopping,-1756.95
11936,2,2024-12-28,Utilities,-291.56
11937,327,2024-12-15,Transfer,-6125.07
11938,233,2024-04-16,Shopping,-1079.54
11939,369,2024-09-14,Entertainment,-1002.69
11940,445,2024-03-19,shopping,-2011.13
11941,259,2024-07-17,Healthcare,-1358.4
11942,268,2025-06-06,groceries,-2890.04
11943,229,2024-01-30,ATM Withdrawal,-612.12
11944,175,2025-04-19,Utilities,-1568.51
11945,42,2025-01-04,ATM Withdrawal,-371.58
11946,15,2025-02-12,Healthcare,-1809.74
11947,339,2024-06-02,ATM Withdrawal,-197.08
11948,429,2025-06-01,ATM Withdrawal,-1459.38
11949,26,2024-05-18,Dining,-2262.56
11950,154,2024-10-01,Dining,-1246.78
11951,285,2024-01-21,Shopping,-308.4
11952,330,2025-04-28,Travel,-2050.57
11953,345,2025-01-18,Groceries,-1524.18
11954,325,2024-03-29,ATM Withdrawal,-1123.3
11955,40,2024-12-26,ATM Withdrawal,-329.01
11956,119,2024-04-09,GROCERIES,-249.33
11957,220,2024-08-30,Groceries,-3226.44
11958,30,2024-10-06,Travel,-684.13
11959,161,2025-05-22,Salary Credit,37056.46
11960,181,2024-06-30,Entertainment,-1483.2
11961,458,2024-01-07,Travel,-283.71
11962,149,2024-08-23,GROCERIES,-1648.33
11963,455,2025-05-19,Transfer,-9053.18
11964,328,2025-03-11,Groceries,-247.92
11965,324,2024-02-02,Salary Credit,42610.01
11966,384,2024-01-30,Travel,-1587.76
11967,395,2025-02-16,Entertainment,-103.69
11968,105,2025-01-27,ATM Withdrawal,-380.21
11969,197,2024-10-30,Groceries,-1094.92
11970,248,2024-02-18,Travel,-2964.67
11971,458,2024-06-01,dining ,-432.48
11972,20,2025-04-06,Utilities,-945.48
11973,224,2024-03-17,Travel,-3431.62
11974,101,2024-04-20,shopping,-1915.64
11975,97,2024-09-03,Transfer,4299.39
11976,357,2025-02-04,groceries,-1726.47
11977,95,2025-03-27,Travel,-2502.01
11978,372,2024-11-18,Entertainment,-2453.58
11979,466,2024-09-25,Travel,-1704.07
11980,364,2024-07-29,Shopping,-1845.23
11981,80,2024-01-24,Transfer,-1102.9
11982,67,2024-05-25,ATM Withdrawal,-576.7
11983,205,2024-04-27,Shopping,-32.44
11984,258,2024-02-01,Healthcare,-2127.45
11985,365,2025-02-10,Groceries,-1538.96
11986,198,2024-07-11,GROCERIES,-1295.68
11987,79,2024-10-04,Travel,-2589.18
11988,465,2024-04-19,Dining,-1684.35
11989,424,2024-11-18,dining ,-2224.3
11990,307,2024-03-15,dining ,-1880.71
11991,326,2025-01-04,ATM Withdrawal,-1968.47
11992,438,2025-02-06,Travel,-261.61
11993,223,2024-06-18,Transfer,-6419.43
11994,69,2024-04-25,Dining,-831.99
11995,284,2025-03-01,Salary Credit,50475.82
11996,212,2024-05-01,dining ,-2357.26
11997,375,2024-04-07,groceries,-1111.64
11998,362,2024-07-04,ATM Withdrawal,-525.39
11999,221,2025-06-10,groceries,-566.92
12000,173,2024-09-09,ATM Withdrawal,-55.72
12001,198,2024-05-23,ATM Withdrawal,-1048.25
12002,297,2024-10-06,ATM Withdrawal,-1731.19
12003,299,2024-07-08,shopping,-2760.34
12004,240,2024-12-28,Entertainment,-474.8
12005,249,2024-08-27,GROCERIES,-1523.32
12006,465,2024-11-16,Healthcare,-1220.38
12007,119,2024-08-25,Groceries,-1192.26
12008,82,2024-09-19,Shopping,-176.82
12009,375,2024-08-31,Entertainment,-290.24
12010,438,2024-08-02,dining ,-2833.18
12011,285,2025-06-09,Transfer,-8027.8
12012,188,2024-05-24,Shopping,-1454.57
12013,164,2025-03-14,Entertainment,-1615.67
12014,220,2025-01-21,GROCERIES,-1869.1
12015,25,2024-10-14,shopping,-796.59
12016,248,2024-06-22,dining ,-833.6
12017,127,2024-09-20,Groceries,-645.73
12018,125,2025-04-08,ATM Withdrawal,-1352.0
12019,263,2024-04-09,ATM Withdrawal,-164.46
12020,451,2024-11-15,ATM Withdrawal,-602.39
12021,97,2025-02-20,ATM Withdrawal,-1655.45
12022,427,2024-12-11,Transfer,-251.74
12023,244,2024-03-19,shopping,-858.7
12024,456,2024-10-04,Utilities,-1690.94
12025,179,2024-04-09,Transfer,-5348.02
12026,467,2025-05-21,ATM Withdrawal,-320.79
12027,309,2024-07-10,dining ,-2129.07
12028,314,2024-08-17,Travel,-978.17
12029,264,2025-04-12,dining ,-1505.15
12030,212,2024-08-20,Transfer,4628.63
12031,246,2024-04-15,dining ,-518.16
12032,399,2025-05-01,Salary Credit,59044.19
12033,371,2024-12-19,ATM Withdrawal,-786.9
12034,12,2024-11-25,Healthcare,-900.7
12035,326,2024-02-11,Travel,-2366.11
12036,391,2024-09-01,Entertainment,-572.45
12037,349,2024-09-07,ATM Withdrawal,-625.68
12038,233,2024-05-22,Groceries,-1004.95
12039,158,2024-11-03,Travel,-1037.41
12040,316,2024-05-13,Travel,-425.76
12041,311,2024-09-13,GROCERIES,-627.72
12042,176,2025-03-12,Travel,-2167.26
12043,191,2025-02-04,GROCERIES,-721.92
12044,173,2024-06-01,Transfer,-6507.44
12045,22,2024-04-23,Utilities,-378.45
12046,15,2024-01-04,dining ,-2446.0
12047,39,2024-07-07,Salary Credit,52501.09
12048,199,2024-01-11,Entertainment,-1119.35
12049,239,2024-03-10,Healthcare,-1777.21
12050,192,2025-06-17,Entertainment,-2569.69
12051,448,2025-04-11,,-298.36
12052,106,2024-11-01,Utilities,-249.69
12053,184,2025-02-26,shopping,-1536.55
12054,116,2024-09-23,Travel,-36.49
12055,141,2024-11-23,Entertainment,-197.0
12056,274,2025-05-15,GROCERIES,-242.9
12057,146,2024-02-12,shopping,-1333.61
12058,149,2024-07-10,Dining,-631.93
12059,314,2024-03-05,Entertainment,-836.96
12060,389,2025-03-09,Utilities,-1887.28
12061,100,2025-03-24,Entertainment,-1594.08
12062,53,2025-01-28,Entertainment,-1654.4
12063,113,2024-11-27,Dining,-1008.81
12064,271,2024-09-17,Transfer,7386.49
12065,450,2024-01-13,Utilities,-487.75
12066,75,2025-02-26,Travel,-410.3
12067,21,2025-05-02,Utilities,-1995.27
12068,248,2025-06-10,Salary Credit,50478.12
12069,464,2024-07-05,Utilities,-957.85
12070,259,2024-04-19,ATM Withdrawal,-383.58
12071,433,2024-12-22,Transfer,7787.8
12072,301,2024-01-10,Travel,-1260.08
12073,15,2024-02-02,groceries,-1147.85
12074,201,2025-03-23,groceries,-1355.25
12075,361,2025-06-05,Utilities,-1679.53
12076,239,2024-08-07,Healthcare,-1145.07
12077,92,2024-10-03,Travel,-713.86
12078,85,2024-10-23,ATM Withdrawal,-447.13
12079,311,2024-03-16,Healthcare,-1299.76
12080,217,2024-05-01,Utilities,-1621.17
12081,269,2024-06-11,Shopping,-856.08
12082,175,2025-04-03,Entertainment,-1703.38
12083,159,2024-08-26,Salary Credit,35781.62
12084,312,2025-01-28,Groceries,-612.89
12085,4,2024-04-15,Transfer,3786.61
12086,204,2025-06-03,Entertainment,-2745.12
12087,174,2025-04-26,Transfer,5830.83
12088,365,2024-09-16,Transfer,292.94
12089,341,2024-05-02,Transfer,-7353.2
12090,200,2025-06-16,Salary Credit,40142.79
12091,123,2025-03-16,dining ,-2025.09
12092,111,2024-10-05,Entertainment,-713.75
12093,99,2024-05-25,Groceries,-1417.78
12094,129,2024-12-04,Transfer,-5766.43
12095,356,2024-07-20,Utilities,-1856.42
12096,22,2025-01-02,ATM Withdrawal,-1217.22
12097,13,2025-03-29,Transfer,-6983.01
12098,253,2024-09-23,Transfer,-2261.48
12099,105,2024-01-27,dining ,-1574.06
12100,389,2024-11-02,Salary Credit,45184.1
12101,353,2025-04-12,dining ,-964.1
12102,360,2024-05-01,Groceries,-951.99
12103,214,2025-06-06,shopping,-301.76
12104,205,2024-07-16,Healthcare,-1404.62
12105,200,2025-01-07,Healthcare,-1518.16
12106,92,2025-01-17,Shopping,-1568.42
12107,266,2024-04-09,Transfer,4978.31
12108,405,2024-01-22,Dining,-121.29
12109,121,2025-06-01,dining ,-274.76
12110,27,2025-01-16,ATM Withdrawal,-698.23
12111,265,2024-12-10,Transfer,-10717.04
12112,187,2024-06-14,ATM Withdrawal,-1117.29
12113,374,2024-02-28,,-515.79
12114,401,2024-05-28,Utilities,-1223.06
12115,445,2024-10-25,GROCERIES,-1077.89
12116,185,2025-01-12,Transfer,-208.9
12117,423,2024-06-22,Utilities,-1428.75
12118,56,2024-04-27,Travel,-1102.25
12119,175,2024-05-15,shopping,-1046.48
12120,125,2025-06-08,groceries,-2989.46
12121,433,2024-12-09,Utilities,-1108.85
12122,281,2025-06-23,ATM Withdrawal,-2840.33
12123,172,2024-01-04,Utilities,-455.58
12124,72,2024-09-06,shopping,-159.09
12125,367,2024-09-06,Healthcare,-471.15
12126,307,2024-08-06,groceries,-2255.95
12127,400,2024-08-01,dining ,-517.28
12128,206,2024-02-13,ATM Withdrawal,-83.48
12129,71,2024-01-18,shopping,-1506.25
12130,157,2025-02-28,Healthcare,-854.86
12131,291,2024-08-28,groceries,-1717.01
12132,113,2024-03-29,Entertainment,-595.55
12133,34,2024-07-08,shopping,-369.02
12134,386,2025-05-23,dining ,-2693.45
12135,249,2024-09-11,shopping,-450.61
12136,186,2025-06-23,Travel,-448.07
12137,259,2024-03-29,dining ,-1615.51
12138,346,2024-03-07,Dining,-1307.95
12139,1,2024-11-03,Utilities,-1859.51
12140,207,2025-01-07,shopping,-2809.62
12141,119,2025-06-18,groceries,-1978.72
12142,43,2024-09-10,groceries,-263.02
12143,17,2024-04-19,Utilities,-549.04
12144,207,2024-10-21,ATM Withdrawal,-1257.91
12145,255,2024-06-16,Healthcare,-1528.64
12146,238,2024-04-07,Groceries,-2652.57
12147,367,2024-02-18,Healthcare,-2612.01
12148,215,2025-01-29,ATM Withdrawal,-1006.28
12149,277,2024-12-16,Entertainment,-721.83
12150,383,2024-03-31,shopping,-496.54
12151,308,2024-10-31,shopping,-1780.03
12152,427,2025-04-27,Transfer,5204.83
12153,104,2025-03-21,shopping,-1198.9
12154,369,2024-09-04,Entertainment,-3101.76
12155,327,2024-02-01,Entertainment,-1811.99
12156,273,2024-12-12,Shopping,-647.61
12157,2,2024-10-08,shopping,-1169.15
12158,254,2025-05-17,shopping,-1381.32
12159,402,2024-10-28,ATM Withdrawal,-957.5
12160,302,2025-02-06,ATM Withdrawal,-2335.58
12161,3,2024-10-14,ATM Withdrawal,-903.2
12162,135,2024-10-21,groceries,-313.8
12163,267,2024-06-22,Healthcare,-560.84
12164,380,2024-08-07,Utilities,-1807.05
12165,209,2024-06-10,dining ,-19.4
12166,402,2024-09-08,dining ,-756.33
12167,373,2025-06-02,groceries,-1962.48
12168,126,2024-07-05,shopping,-24.32
12169,92,2024-09-09,Groceries,-266.46
12170,423,2025-05-30,Dining,-325.59
12171,276,2024-03-23,Groceries,-394.0
12172,398,2024-05-17,Dining,-729.79
12173,432,2024-09-25,Healthcare,-986.46
12174,199,2024-08-11,shopping,-374.94
12175,22,2024-07-04,GROCERIES,-856.02
12176,426,2025-02-28,Shopping,-2081.71
12177,274,2024-09-28,Salary Credit,47671.39
12178,57,2024-07-17,shopping,-3120.97
12179,248,2024-09-18,Utilities,-594.29
12180,14,2025-04-28,ATM Withdrawal,-795.73
12181,136,2025-06-20,Groceries,-1338.76
12182,163,2024-05-12,Dining,-736.97
12183,213,2024-01-22,Healthcare,-1176.07
12184,265,2024-01-18,Travel,-525.91
12185,393,2024-08-30,groceries,-866.37
12186,165,2024-12-08,Dining,-1989.95
12187,345,2024-01-28,ATM Withdrawal,-2913.31
12188,441,2024-10-03,groceries,-2503.91
12189,351,2024-08-05,Utilities,-1313.29
12190,120,2025-05-23,Utilities,-1633.07
12191,318,2024-11-24,Dining,-1497.45
12192,132,2024-08-18,shopping,-701.13
12193,224,2024-11-15,GROCERIES,-336.76
12194,298,2024-03-14,Shopping,-1423.45
12195,138,2024-09-15,groceries,-1100.89
12196,2,2024-06-28,Healthcare,-1955.36
12197,392,2024-04-08,,25955.45
12198,341,2024-08-02,groceries,-1043.82
12199,58,2024-12-14,Dining,-2288.3
12200,177,2024-11-13,ATM Withdrawal,-1718.75
12201,123,2025-06-09,ATM Withdrawal,-315.29
12202,458,2024-05-29,Utilities,-21.87
12203,441,2025-01-16,groceries,-1158.47
12204,324,2024-10-26,Shopping,-1906.67
12205,207,2025-04-21,Utilities,-1664.66
12206,25,2025-05-09,groceries,-1303.92
12207,116,2025-01-20,Utilities,-1777.85
12208,44,2024-08-18,Transfer,-5772.38
12209,370,2024-10-17,Utilities,-1739.41
12210,42,2024-12-21,GROCERIES,-2043.67
12211,318,2025-03-15,GROCERIES,-799.62
12212,446,2024-05-04,shopping,-402.77
12213,145,2025-04-20,Shopping,-1856.02
12214,321,2025-03-12,ATM Withdrawal,-740.32
12215,412,2024-02-18,Shopping,-551.79
12216,201,2024-05-26,shopping,-2484.65
12217,211,2024-05-08,Shopping,-1428.64
12218,94,2024-11-11,Healthcare,-1388.48
12219,201,2024-04-23,Entertainment,-1033.59
12220,409,2024-06-12,Travel,-1953.48
12221,311,2024-04-13,ATM Withdrawal,-45.1
12222,95,2024-02-06,Groceries,-1203.19
12223,247,2024-09-07,Groceries,-1454.05
12224,331,2024-06-23,Utilities,-1695.9
12225,37,2024-10-01,Transfer,6781.55
12226,358,2024-04-25,Entertainment,-823.2
12227,95,2024-06-05,ATM Withdrawal,-613.61
12228,138,2025-05-01,ATM Withdrawal,-205.38
12229,195,2025-03-14,Groceries,-3209.32
12230,237,2024-05-25,Healthcare,-1084.67
12231,429,2024-03-29,Groceries,-1421.1
12232,105,2025-06-15,Healthcare,-253.36
12233,120,2025-01-06,groceries,-176.45
12234,178,2024-09-25,groceries,-1933.17
12235,402,2025-01-16,shopping,-14.98
12236,452,2024-04-30,Groceries,-2373.23
12237,213,2024-08-21,groceries,-2820.48
12238,325,2024-08-01,ATM Withdrawal,-502.09
12239,430,2025-01-27,ATM Withdrawal,-784.91
12240,397,2024-04-09,Utilities,-1088.84
12241,319,2024-09-23,Shopping,-368.72
12242,254,2025-03-30,shopping,-1768.7
12243,461,2024-04-16,Dining,-2329.06
12244,112,2024-03-06,Travel,-496.4
12245,170,2025-03-23,Salary Credit,39956.1
12246,334,2025-04-21,Entertainment,-223.07
12247,10,2024-08-22,Travel,-182.83
12248,235,2024-01-26,ATM Withdrawal,-2395.78
12249,400,2024-10-21,shopping,-1479.03
12250,83,2024-06-12,ATM Withdrawal,-415.62
12251,376,2024-11-16,Transfer,-6699.47
12252,194,2024-03-17,shopping,-3334.07
12253,403,2025-03-14,Groceries,-845.38
12254,298,2025-01-08,Entertainment,-600.29
12255,74,2024-12-17,Salary Credit,49652.88
12256,345,2024-10-06,Salary Credit,53051.42
12257,27,2024-04-30,Shopping,-1939.44
12258,114,2025-05-26,dining ,-914.61
12259,416,2024-05-24,Shopping,-821.53
12260,410,2024-07-18,shopping,-351.85
12261,22,2025-05-19,Travel,-93.21
12262,178,2024-01-23,GROCERIES,-1524.64
12263,45,2024-03-09,Transfer,5739.26
12264,127,2025-02-19,shopping,-985.24
12265,453,2024-07-19,ATM Withdrawal,-1255.6
12266,92,2024-11-11,GROCERIES,-1217.45
12267,301,2024-11-12,Shopping,-1871.5
12268,377,2025-03-26,groceries,-1963.83
12269,413,2024-12-04,ATM Withdrawal,-1184.55
12270,166,2024-08-20,shopping,-1016.16
12271,327,2024-10-26,shopping,-1167.71
12272,227,2025-02-06,Healthcare,-494.38
12273,51,2024-07-25,Utilities,-2177.64
12274,105,2024-04-03,Travel,-694.14
12275,351,2024-09-22,ATM Withdrawal,-1056.13
12276,322,2025-06-28,Shopping,-1358.59
12277,244,2024-03-02,ATM Withdrawal,-1479.02
12278,366,2024-04-04,Healthcare,-1442.02
12279,324,2025-06-26,ATM Withdrawal,-1077.0
12280,159,2025-03-28,Dining,-2680.34
12281,138,2024-03-04,dining ,-1267.75
12282,443,2024-04-25,Entertainment,-973.85
12283,455,2025-01-11,groceries,-2817.8
12284,15,2025-03-02,Shopping,-500.05
12285,371,2025-02-04,Entertainment,-2815.37
12286,63,2025-04-14,Transfer,-986.2
12287,404,2024-10-03,GROCERIES,-838.45
12288,276,2025-04-22,ATM Withdrawal,-302.75
12289,322,2024-11-20,Travel,-25.91
12290,329,2024-09-16,Entertainment,-1607.57
12291,284,2024-12-12,shopping,-1456.97
12292,118,2024-08-21,Shopping,-652.51
12293,378,2024-11-26,groceries,-2670.33
12294,260,2025-03-30,dining ,-2220.93
12295,256,2025-06-06,Travel,-1153.57
12296,150,2024-11-11,ATM Withdrawal,-427.73
12297,5,2024-01-04,Shopping,-2062.97
12298,260,2024-12-04,Entertainment,-765.58
12299,162,2024-05-17,GROCERIES,-1463.0
12300,309,2024-05-08,Utilities,-1917.93
12301,171,2025-04-25,Shopping,-838.88
12302,456,2024-08-31,ATM Withdrawal,-2350.9
12303,319,2025-03-06,shopping,-858.44
12304,214,2024-07-20,Travel,-1684.93
12305,332,2024-11-26,groceries,-1879.65
12306,304,2024-12-28,ATM Withdrawal,-2021.08
12307,291,2025-05-01,Entertainment,-2769.79
12308,271,2024-04-17,Transfer,-1601.5
12309,437,2024-11-01,ATM Withdrawal,-910.74
12310,149,2024-08-09,Salary Credit,69349.04
12311,203,2024-09-09,Transfer,9051.72
12312,119,2025-04-07,Transfer,2306.92
12313,267,2024-03-15,groceries,-887.07
12314,463,2024-10-24,Utilities,-1186.39
12315,285,2024-07-30,Entertainment,-1445.7
12316,97,2025-05-03,Entertainment,-1777.05
12317,432,2024-04-27,ATM Withdrawal,-1814.6
12318,370,2024-05-06,Utilities,-2277.02
12319,206,2024-02-19,Transfer,11008.59
12320,69,2024-08-27,Dining,-1079.81
12321,189,2024-01-06,Dining,-1007.65
12322,377,2024-09-29,shopping,-872.16
12323,271,2024-05-01,Shopping,-950.85
12324,87,2024-08-06,Utilities,-1532.04
12325,75,2024-11-25,Salary Credit,50084.72
12326,453,2025-01-08,ATM Withdrawal,-2753.56
12327,210,2024-02-03,dining ,-561.91
12328,322,2024-03-22,Utilities,-1522.76
12329,169,2024-06-22,ATM Withdrawal,-443.4
12330,43,2024-10-10,Entertainment,-1564.39
12331,193,2025-04-26,Entertainment,-3605.33
12332,325,2024-03-16,groceries,-1076.88
12333,157,2024-02-06,shopping,-3407.23
12334,283,2024-12-08,,3619.14
12335,206,2025-06-17,Dining,-891.64
12336,158,2025-03-28,Salary Credit,46398.86
12337,120,2024-11-04,Travel,-1061.29
12338,123,2024-01-11,ATM Withdrawal,-1887.57
12339,120,2024-11-10,groceries,-1272.93
12340,337,2024-09-06,Utilities,-318.13
12341,158,2024-08-31,Utilities,-2905.02
12342,347,2024-09-25,Travel,-66.85
12343,146,2024-11-02,Groceries,-879.04
12344,154,2025-01-27,Travel,-1751.25
12345,433,2024-04-14,,-1159.07
12346,411,2024-02-10,GROCERIES,-435.12
12347,188,2024-01-29,Utilities,-1600.6
12348,126,2024-08-09,dining ,-1952.26
12349,335,2024-10-03,Healthcare,-662.73
12350,33,2025-03-04,groceries,-1566.66
12351,214,2024-08-24,Salary Credit,51886.28
12352,281,2024-10-17,Travel,-2172.42
12353,317,2025-06-16,Utilities,-1533.06
12354,51,2025-02-12,Entertainment,-2738.52
12355,2,2025-01-11,ATM Withdrawal,-1242.59
12356,130,2024-07-17,Salary Credit,37135.77
12357,56,2024-03-23,GROCERIES,-1003.37
12358,238,2025-05-16,Dining,-2290.86
12359,431,2024-10-28,Utilities,-395.91
12360,135,2024-02-12,Travel,-817.73
12361,213,2024-09-19,Entertainment,-1613.77
12362,101,2024-02-19,Travel,-800.5
12363,21,2025-06-18,Utilities,-3223.3
12364,330,2024-10-15,,-1439.83
12365,120,2025-03-03,Travel,-2313.45
12366,256,2024-09-13,Groceries,-758.54
12367,320,2024-01-11,Utilities,-1734.52
12368,394,2024-12-13,Healthcare,-1534.37
12369,87,2024-12-21,Shopping,-2441.5
12370,273,2024-05-04,Dining,-1372.22
12371,427,2025-01-25,Utilities,-728.72
12372,227,2024-05-03,Shopping,-2134.76
12373,20,2025-01-11,GROCERIES,-557.21
12374,123,2025-02-12,Entertainment,-464.39
12375,372,2024-03-15,Shopping,-1160.35
12376,371,2024-06-08,shopping,-906.49
12377,148,2024-03-30,ATM Withdrawal,-1215.05
12378,93,2025-01-31,dining ,-598.85
12379,137,2024-05-08,GROCERIES,-2207.98
12380,114,2024-12-15,Salary Credit,53844.07
12381,347,2024-08-15,Dining,-1947.58
12382,394,2024-02-15,Groceries,-1858.67
12383,22,2025-04-26,Entertainment,-463.24
12384,347,2025-01-22,Transfer,5348.9
12385,353,2024-05-22,GROCERIES,-1972.03
12386,287,2025-04-24,Entertainment,-2406.62
12387,408,2025-01-21,GROCERIES,-1016.5
12388,19,2025-03-21,Transfer,-5922.08
12389,328,2024-04-07,Travel,-1124.68
12390,60,2024-01-05,Shopping,-1110.71
12391,420,2024-02-03,ATM Withdrawal,-443.87
12392,234,2024-10-21,groceries,-649.09
12393,43,2025-03-04,Entertainment,-2146.83
12394,350,2025-05-12,Groceries,-1467.72
12395,351,2025-06-07,Healthcare,-733.43
12396,218,2024-11-22,Groceries,-591.04
12397,146,2024-12-10,dining ,-1594.24
12398,9,2024-06-07,groceries,-1034.08
12399,425,2024-01-01,Travel,-1826.93
12400,87,2024-04-16,shopping,-456.31
12401,395,2024-01-31,Salary Credit,41955.42
12402,276,2025-01-08,Transfer,-1641.31
12403,321,2024-10-01,Shopping,-701.84
12404,325,2025-02-24,Shopping,-3160.0
12405,402,2024-03-21,Utilities,-537.19
12406,16,2025-05-12,ATM Withdrawal,-773.91
12407,464,2025-01-27,Entertainment,-458.33
12408,21,2025-05-08,Utilities,-1035.07
12409,468,2024-12-19,Utilities,-1134.85
12410,123,2024-07-03,Utilities,-2296.48
12411,396,2024-12-07,dining ,-834.88
12412,40,2024-11-25,Shopping,-1302.78
12413,216,2024-04-08,GROCERIES,-486.68
12414,254,2024-02-25,Transfer,-8257.18
12415,447,2024-12-20,groceries,-429.77
12416,58,2024-02-21,dining ,-1890.85
12417,18,2024-02-24,GROCERIES,-366.93
12418,304,2024-02-08,Travel,-1044.36
12419,24,2024-12-05,Transfer,-10144.68
12420,364,2025-05-20,Entertainment,-1870.55
12421,18,2024-09-27,Travel,-556.95
12422,455,2024-03-24,Dining,-4099.23
12423,250,2024-10-06,ATM Withdrawal,-265.25
12424,444,2024-09-19,ATM Withdrawal,-2879.65
12425,60,2024-11-19,ATM Withdrawal,-798.39
12426,128,2024-08-24,Travel,-94.07
12427,213,2024-10-17,shopping,-793.99
12428,14,2024-06-26,Groceries,-612.01
12429,49,2025-05-08,dining ,-706.65
12430,155,2024-10-20,Entertainment,-1253.77
12431,345,2024-06-18,groceries,-1630.24
12432,332,2024-01-02,Utilities,-2478.37
12433,41,2025-01-04,dining ,-1392.97
12434,28,2024-07-26,Groceries,-1269.74
12435,308,2024-05-15,Entertainment,-549.66
12436,169,2024-09-18,groceries,-947.76
12437,371,2024-09-21,shopping,-746.29
12438,140,2025-03-13,Transfer,-12652.7
12439,170,2024-10-22,Groceries,-1418.16
12440,103,2025-01-17,GROCERIES,-1429.52
12441,125,2024-12-18,Utilities,-2295.91
12442,331,2025-04-08,groceries,-1123.39
12443,221,2024-01-04,Dining,-3214.86
12444,309,2024-07-24,shopping,-426.99
12445,37,2025-01-24,Dining,-404.99
12446,251,2024-03-17,Salary Credit,40657.03
12447,215,2024-08-28,Entertainment,-2085.88
12448,427,2024-08-06,dining ,-3129.92
12449,199,2025-03-15,Dining,-2675.59
12450,49,2025-06-08,GROCERIES,-766.27
12451,327,2024-02-27,GROCERIES,-418.44
12452,71,2024-04-26,Travel,-827.08
12453,426,2025-02-25,shopping,-624.42
12454,180,2024-04-05,Dining,-280.35
12455,368,2024-09-27,Utilities,-1724.57
12456,307,2025-05-29,GROCERIES,-1203.98
12457,218,2025-06-15,ATM Withdrawal,-1650.5
12458,274,2025-06-01,Travel,-1858.52
12459,86,2024-03-14,ATM Withdrawal,-1816.25
12460,35,2024-03-22,Shopping,-1142.05
12461,359,2024-04-05,Travel,-2675.96
12462,449,2025-02-23,Salary Credit,41079.99
12463,404,2024-04-07,GROCERIES,-625.33
12464,143,2024-08-22,ATM Withdrawal,-991.41
12465,168,2025-03-22,Travel,-1684.19
12466,168,2024-09-25,Shopping,-1814.05
12467,329,2025-05-27,shopping,-893.74
12468,292,2024-09-28,shopping,-912.48
12469,373,2024-07-25,ATM Withdrawal,-2374.28
12470,443,2025-06-11,GROCERIES,-23.11
12471,184,2024-10-25,shopping,-3672.36
12472,311,2024-04-10,Groceries,-929.41
12473,235,2024-12-11,dining ,-1016.01
12474,447,2025-02-25,dining ,-1532.8
12475,166,2025-04-01,shopping,-1678.79
12476,88,2024-01-04,Salary Credit,39760.72
12477,178,2024-02-29,Transfer,6015.14
12478,290,2024-12-08,Shopping,-359.7
12479,447,2025-02-08,ATM Withdrawal,-661.01
12480,388,2024-12-21,Entertainment,-244.3
12481,9,2024-07-27,groceries,-1326.67
12482,239,2025-02-14,ATM Withdrawal,-1041.32
12483,75,2024-11-11,Utilities,-612.36
12484,170,2025-05-19,Utilities,-587.12
12485,442,2024-07-19,Healthcare,-1174.13
12486,461,2025-02-14,dining ,-1973.4
12487,72,2024-03-19,Entertainment,-46.32
12488,66,2025-02-03,Transfer,-1699.48
12489,326,2025-02-02,Entertainment,-1852.65
12490,193,2024-05-18,Shopping,-598.54
12491,203,2024-02-03,shopping,-1666.92
12492,409,2025-06-25,Travel,-877.48
12493,431,2024-02-11,Travel,-333.5
12494,422,2024-09-12,Entertainment,-1137.04
12495,367,2024-01-01,Travel,-134.02
12496,459,2024-08-15,Shopping,-2207.46
12497,337,2025-03-23,Healthcare,-2836.39
12498,415,2024-09-30,Utilities,-1773.93
12499,253,2024-05-10,Transfer,3078.16
12500,24,2024-08-02,Utilities,-1220.05
12501,383,2024-02-20,Groceries,-1461.1
12502,436,2024-11-19,shopping,-2176.16
12503,147,2024-01-03,Shopping,-1030.49
12504,201,2024-07-09,Transfer,-37.5
12505,268,2024-02-03,Groceries,-1417.59
12506,305,2024-05-10,Groceries,-425.68
12507,316,2024-02-06,Entertainment,-1238.54
12508,185,2025-05-20,Shopping,-265.67
12509,400,2025-02-24,Shopping,-1570.32
12510,381,2025-05-20,Dining,-1774.22
12511,441,2025-01-07,Entertainment,-990.3
12512,270,2024-09-27,Entertainment,-420.58
12513,37,2024-04-04,Shopping,-1716.52
12514,396,2025-06-08,Dining,-2601.54
12515,38,2025-05-15,Healthcare,-2929.47
12516,91,2024-08-14,Entertainment,-1556.3
12517,134,2024-05-02,shopping,-1450.4
12518,87,2024-07-30,Salary Credit,34478.24
12519,339,2024-08-02,Travel,-2382.49
12520,207,2025-05-14,dining ,-890.55
12521,103,2024-02-06,ATM Withdrawal,-2272.47
12522,3,2024-12-10,ATM Withdrawal,-1223.97
12523,102,2025-02-22,shopping,-988.75
12524,325,2025-02-19,Transfer,6009.85
12525,372,2024-04-15,shopping,-1059.19
12526,139,2024-08-12,Entertainment,-796.14
12527,35,2024-07-05,dining ,-957.12
12528,261,2024-08-09,Healthcare,-1182.92
12529,367,2024-02-17,dining ,-1180.26
12530,33,2024-02-15,Dining,-128.1
12531,373,2024-01-14,Salary Credit,48223.19
12532,80,2025-06-10,groceries,-858.33
12533,121,2024-08-15,Dining,-2628.18
12534,292,2024-05-04,ATM Withdrawal,-1974.06
12535,25,2025-03-10,,-2075.32
12536,144,2024-09-26,Transfer,7208.01
12537,65,2024-07-17,Dining,-1068.35
12538,101,2024-03-03,Travel,-1102.67
12539,362,2024-07-29,,-1416.81
12540,108,2024-12-18,shopping,-2757.68
12541,21,2024-12-05,Travel,-2005.17
12542,101,2024-08-01,Travel,-743.22
12543,41,2024-11-30,Utilities,-1253.88
12544,292,2025-02-22,groceries,-699.75
12545,456,2025-05-22,Salary Credit,47445.87
12546,79,2024-10-14,shopping,-740.64
12547,342,2024-05-04,Travel,-2495.43
12548,170,2024-03-11,dining ,-1308.3
12549,34,2024-03-26,Entertainment,-1431.84
12550,322,2024-01-06,Dining,-454.58
12551,99,2024-10-31,Entertainment,-824.05
12552,241,2024-04-25,Dining,-160.0
12553,238,2024-05-03,Healthcare,-2475.43
12554,280,2025-01-29,Travel,-738.04
12555,64,2024-06-23,shopping,-1343.74
12556,118,2025-03-27,Utilities,-194.07
12557,346,2024-03-15,Healthcare,-91.28
12558,437,2024-07-05,Utilities,-974.69
12559,6,2024-01-29,ATM Withdrawal,-919.8
12560,194,2024-10-19,Groceries,-1420.26
12561,413,2024-03-09,Shopping,-3010.0
12562,135,2024-05-10,ATM Withdrawal,-615.54
12563,210,2025-02-04,shopping,-2080.61
12564,424,2025-04-24,Salary Credit,48985.59
12565,454,2024-10-24,Transfer,-3145.65
12566,307,2025-06-10,Shopping,-809.72
12567,325,2025-02-16,dining ,-2208.06
12568,288,2025-02-14,Travel,-1143.94
12569,133,2025-06-23,ATM Withdrawal,-910.24
12570,415,2024-02-18,Utilities,-256.21
12571,16,2024-05-06,Salary Credit,38311.37
12572,28,2024-08-26,GROCERIES,-105.32
12573,282,2024-12-02,Healthcare,-1996.05
12574,393,2025-06-23,Salary Credit,38726.49
12575,382,2024-02-23,shopping,-125.36
12576,318,2024-05-05,Transfer,-2551.32
12577,177,2024-06-11,Transfer,9640.21
12578,169,2024-12-31,GROCERIES,-1236.99
12579,200,2025-06-02,Utilities,-1384.56
12580,120,2025-05-26,Shopping,-1387.03
12581,197,2025-02-11,Utilities,-1713.83
12582,50,2025-02-25,Utilities,-1839.37
12583,150,2024-08-14,Utilities,-1226.37
12584,441,2024-11-27,groceries,-285.66
12585,331,2024-04-03,Groceries,-1061.71
12586,67,2024-10-03,Dining,-1253.4
12587,134,2024-06-08,GROCERIES,-268.93
12588,122,2025-05-21,Shopping,-694.28
12589,132,2024-07-19,dining ,-108.57
12590,324,2024-08-03,groceries,-555.85
12591,419,2024-08-07,Transfer,2681.35
12592,333,2025-05-06,shopping,-1279.79
12593,229,2025-05-23,Entertainment,-1838.31
12594,76,2024-08-22,Healthcare,-1460.41
12595,67,2025-06-26,Shopping,-1591.0
12596,382,2025-02-16,Transfer,-7837.84
12597,318,2025-04-06,Dining,-906.49
12598,239,2025-05-14,ATM Withdrawal,-1146.13
12599,271,2024-06-30,Shopping,-369.98
12600,398,2024-10-27,ATM Withdrawal,-1648.55
12601,381,2024-06-04,groceries,-1376.56
12602,41,2024-06-17,Healthcare,-1825.63
12603,185,2024-09-10,Travel,-3758.24
12604,21,2024-01-28,Transfer,-4713.49
12605,181,2024-04-27,Healthcare,-1511.5
12606,299,2025-03-17,Entertainment,-128.81
12607,98,2024-03-31,Utilities,-1879.4
12608,71,2024-12-04,Travel,-1045.79
12609,230,2025-02-21,Salary Credit,58462.09
12610,246,2024-05-23,shopping,-240.48
12611,335,2024-09-06,Travel,-1204.09
12612,7,2025-04-23,ATM Withdrawal,-635.18
12613,117,2025-03-31,Entertainment,-240.18
12614,366,2025-05-16,Utilities,-1760.39
12615,320,2024-12-08,GROCERIES,-914.21
12616,421,2025-04-28,ATM Withdrawal,-2397.48
12617,382,2024-08-05,shopping,-722.21
12618,393,2024-11-23,Entertainment,-846.67
12619,239,2024-12-29,ATM Withdrawal,-3013.18
12620,449,2025-06-16,Travel,-15.79
12621,195,2024-07-19,Salary Credit,38730.94
12622,423,2025-04-21,Entertainment,-1580.85
12623,184,2024-10-04,Utilities,-797.82
12624,208,2024-02-26,groceries,-1821.69
12625,321,2024-12-23,Salary Credit,48278.32
12626,187,2025-06-18,GROCERIES,-1329.8
12627,69,2024-09-04,Healthcare,-411.35
12628,420,2024-10-26,dining ,-1028.64
12629,212,2025-05-20,Travel,-842.2
12630,434,2025-05-16,Healthcare,-1195.07
12631,187,2024-08-06,GROCERIES,-1356.78
12632,456,2025-02-18,Groceries,-884.29
12633,283,2024-12-09,Groceries,-1221.44
12634,360,2024-12-18,Healthcare,-1111.98
12635,354,2025-01-27,Healthcare,-592.52
12636,95,2024-06-27,Travel,-1271.56
12637,382,2024-06-15,ATM Withdrawal,-50.61
12638,443,2024-01-15,ATM Withdrawal,-1363.23
12639,310,2025-04-11,groceries,-200.31
12640,444,2024-05-30,dining ,-1177.03
12641,396,2025-01-02,Entertainment,-1618.88
12642,312,2025-01-08,Dining,-366.69
12643,224,2025-01-18,shopping,-2129.56
12644,402,2025-04-15,Dining,-2809.43
12645,87,2025-04-17,Shopping,-614.96
12646,263,2024-01-02,dining ,-1069.73
12647,382,2025-04-02,Dining,-2290.73
12648,442,2024-04-23,Groceries,-418.3
12649,126,2024-12-17,Healthcare,-1230.05
12650,44,2025-01-01,Groceries,-928.15
12651,157,2024-01-30,Travel,-2010.42
12652,405,2024-06-03,Travel,-979.38
12653,246,2025-05-11,Utilities,-1606.77
12654,26,2024-03-18,Transfer,2530.51
12655,56,2024-05-06,Utilities,-2056.43
12656,159,2024-02-14,Salary Credit,36027.2
12657,161,2024-03-31,Shopping,-1983.74
12658,64,2024-12-13,Entertainment,-1268.57
12659,232,2025-04-03,Transfer,-5189.12
12660,225,2024-11-20,dining ,-1746.26
12661,94,2024-06-04,Transfer,-1311.93
12662,109,2025-04-12,Transfer,-5266.48
12663,311,2024-07-19,Entertainment,-739.6
12664,446,2024-06-20,Healthcare,-1496.62
12665,467,2024-10-02,ATM Withdrawal,-1011.68
12666,262,2024-03-15,Travel,-12.27
12667,19,2024-07-13,Utilities,-3295.54
12668,421,2025-03-11,Entertainment,-894.14
12669,445,2024-11-27,Entertainment,-1311.84
12670,131,2025-06-22,groceries,-2795.16
12671,188,2025-02-26,shopping,-1976.6
12672,13,2024-07-15,Groceries,-1692.76
12673,375,2025-02-21,Dining,-2152.02
12674,364,2025-04-16,Travel,-1696.3
12675,10,2024-12-09,Utilities,-1696.27
12676,329,2025-02-19,ATM Withdrawal,-1710.42
12677,193,2024-10-01,GROCERIES,-1048.13
12678,256,2025-05-11,Salary Credit,53598.36
12679,103,2024-05-09,shopping,-1807.0
12680,382,2024-08-19,Transfer,1898.91
12681,190,2024-05-18,groceries,-1965.74
12682,394,2024-02-25,Utilities,-485.9
12683,70,2024-12-01,ATM Withdrawal,-1418.63
12684,276,2024-03-05,ATM Withdrawal,-305.04
12685,146,2024-05-03,Travel,-675.03
12686,453,2025-02-19,shopping,-872.09
12687,261,2024-05-11,Healthcare,-1683.0
12688,337,2025-04-15,Utilities,-671.07
12689,41,2024-01-27,Dining,-749.28
12690,317,2024-09-06,Healthcare,-758.71
12691,48,2024-02-06,Transfer,-6899.21
12692,170,2024-02-02,dining ,-1333.26
12693,105,2025-03-07,Entertainment,-510.01
12694,2,2024-02-06,dining ,-1449.34
12695,275,2025-05-01,Transfer,10501.0
12696,113,2024-11-22,Salary Credit,54362.77
12697,240,2024-09-19,Shopping,-518.54
12698,358,2025-05-15,Entertainment,-3427.6
12699,84,2024-07-30,Transfer,9756.17
12700,333,2024-08-05,Groceries,-167.88
12701,140,2024-08-11,,-827.16
12702,155,2024-12-20,Transfer,6765.52
12703,271,2025-04-06,shopping,-190.58
12704,293,2024-10-22,Utilities,-1675.05
12705,307,2024-06-02,dining ,-2669.93
12706,92,2025-04-29,Healthcare,-900.13
12707,272,2024-11-22,Travel,-2733.03
12708,124,2025-03-29,shopping,-1832.25
12709,130,2024-08-23,shopping,-472.81
12710,444,2024-04-18,GROCERIES,-417.99
12711,48,2025-05-29,GROCERIES,-2197.43
12712,194,2025-01-04,Dining,-271.01
12713,206,2024-06-16,GROCERIES,-2171.3
12714,115,2025-04-06,Entertainment,-1750.43
12715,368,2024-01-05,Groceries,-1481.23
12716,228,2025-05-21,dining ,-680.45
12717,337,2024-11-11,shopping,-1471.02
12718,182,2024-11-17,Entertainment,-2714.22
12719,420,2024-01-08,groceries,-848.96
12720,342,2024-04-05,dining ,-1749.1
12721,156,2025-01-27,ATM Withdrawal,-3005.68
12722,451,2024-10-31,Shopping,-1436.08
12723,405,2024-03-10,Shopping,-758.43
12724,277,2024-12-28,groceries,-748.63
12725,8,2025-02-10,Entertainment,-675.35
12726,277,2024-05-28,Shopping,-109.71
12727,324,2025-01-10,Transfer,-7909.49
12728,171,2025-06-14,Healthcare,-816.51
12729,68,2024-09-19,ATM Withdrawal,-2061.27
12730,265,2024-05-04,Groceries,-2004.68
12731,376,2025-06-08,ATM Withdrawal,-506.29
12732,150,2025-05-11,Shopping,-663.8
12733,214,2024-09-05,,-11.52
12734,1,2024-08-19,Utilities,-1869.55
12735,330,2025-03-30,dining ,-1203.37
12736,406,2024-01-01,Entertainment,-1998.92
12737,364,2024-06-19,Transfer,4820.89
12738,201,2024-10-23,ATM Withdrawal,-353.49
12739,22,2024-12-22,Transfer,944.54
12740,231,2024-12-08,Salary Credit,42303.03
12741,441,2024-07-20,Entertainment,-503.09
12742,40,2025-04-18,Dining,-2572.99
12743,101,2024-12-20,Dining,-2774.79
12744,392,2024-10-21,shopping,-1580.84
12745,266,2025-05-26,Transfer,-3263.53
12746,80,2024-02-21,Transfer,-2904.87
12747,12,2025-01-21,Healthcare,-45.66
12748,193,2025-05-20,Transfer,-961.36
12749,279,2024-12-26,Dining,-1292.11
12750,394,2024-11-04,Dining,-343.49
12751,414,2024-07-17,Travel,-2476.99
12752,215,2024-05-27,ATM Withdrawal,-677.6
12753,198,2024-10-24,shopping,-42.25
12754,436,2025-05-04,groceries,-2204.09
12755,364,2024-09-08,Shopping,-1988.29
12756,98,2024-03-06,Transfer,98.55
12757,319,2024-09-20,dining ,-519.11
12758,335,2024-02-23,Salary Credit,57485.63
12759,110,2025-05-25,dining ,-1325.61
12760,458,2024-10-18,shopping,-106.06
12761,139,2024-04-26,ATM Withdrawal,-1249.79
12762,258,2024-12-06,Dining,-3.5
12763,232,2024-10-20,ATM Withdrawal,-1390.16
12764,324,2024-10-05,ATM Withdrawal,-166.2
12765,422,2024-11-18,Utilities,-2361.07
12766,185,2025-05-21,Entertainment,-1846.03
12767,180,2025-04-11,Transfer,5825.27
12768,352,2024-05-23,Shopping,-880.51
12769,446,2024-05-10,groceries,-269.87
12770,426,2025-06-23,Travel,-1078.76
12771,353,2024-12-17,Utilities,-91.33
12772,330,2024-01-11,dining ,-2925.27
12773,360,2024-10-15,Salary Credit,47554.17
12774,439,2024-03-05,Entertainment,-416.9
12775,5,2024-01-17,GROCERIES,-2609.27
12776,276,2024-04-11,ATM Withdrawal,-1158.45
12777,16,2024-05-18,Salary Credit,56190.11
12778,271,2024-02-13,ATM Withdrawal,-2431.64
12779,185,2025-03-31,Transfer,1191.8
12780,143,2024-08-26,Travel,-677.55
12781,417,2024-10-27,Shopping,-4430.19
12782,333,2025-04-16,Utilities,-703.94
12783,266,2025-04-01,Utilities,-968.38
12784,413,2025-03-23,Shopping,-775.3
12785,46,2024-04-16,Groceries,-354.35
12786,303,2025-02-09,Dining,-1833.56
12787,74,2025-06-26,Dining,-5.01
12788,110,2024-01-05,groceries,-452.28
12789,87,2025-04-18,Travel,-1477.81
12790,255,2025-04-16,Groceries,-974.46
12791,295,2025-04-03,dining ,-1346.78
12792,354,2024-08-04,ATM Withdrawal,-1172.08
12793,207,2024-04-18,ATM Withdrawal,-145.01
12794,440,2025-02-02,Healthcare,-2518.12
12795,175,2024-12-05,Entertainment,-2228.71
12796,74,2025-01-31,Entertainment,-339.96
12797,18,2024-05-19,ATM Withdrawal,-1629.09
12798,60,2024-04-06,dining ,-758.47
12799,209,2025-05-06,dining ,-2175.03
12800,194,2024-10-07,Healthcare,-1973.05
12801,400,2025-04-08,Healthcare,-2330.46
12802,59,2025-05-19,shopping,-347.45
12803,123,2024-09-07,shopping,-19.32
12804,459,2024-05-23,groceries,-472.64
12805,14,2025-05-03,GROCERIES,-3607.67
12806,199,2025-01-24,shopping,-2015.52
12807,93,2024-12-28,Dining,-2320.46
12808,250,2025-06-06,shopping,-90.38
12809,456,2024-05-14,Transfer,-6906.47
12810,107,2024-07-15,Transfer,-6365.37
12811,174,2024-01-22,Entertainment,-1218.42
12812,211,2024-07-30,Dining,-931.54
12813,374,2024-08-31,Travel,-712.13
12814,461,2024-09-03,Salary Credit,54406.28
12815,46,2024-03-23,Shopping,-729.36
12816,229,2025-03-16,Healthcare,-2418.03
12817,353,2024-09-23,Utilities,-1157.38
12818,5,2024-08-27,groceries,-1536.3
12819,378,2025-04-15,Travel,-1695.25
12820,114,2024-09-22,shopping,-1613.7
12821,243,2025-05-01,Travel,-1405.61
12822,458,2024-05-01,Utilities,-3137.34
12823,298,2025-04-08,dining ,-2215.91
12824,463,2025-06-22,Travel,-1101.01
12825,283,2025-02-13,ATM Withdrawal,-1012.6
12826,99,2025-05-01,groceries,-2537.46
12827,325,2025-02-07,Entertainment,-468.2
12828,288,2024-11-23,Salary Credit,45037.17
12829,146,2025-02-20,Groceries,-1271.4
12830,36,2025-06-07,groceries,-2632.87
12831,304,2024-11-25,groceries,-257.96
12832,271,2025-01-09,Groceries,-387.06
12833,363,2024-02-13,Salary Credit,49044.15
12834,59,2025-06-06,Healthcare,-1510.23
12835,253,2025-02-27,Groceries,-1669.86
12836,384,2024-03-29,Utilities,-1490.04
12837,418,2024-06-06,Entertainment,-1093.35
12838,440,2024-05-02,shopping,-1704.27
12839,100,2024-06-23,Travel,-1384.82
12840,81,2025-04-27,shopping,-975.81
12841,270,2024-09-10,groceries,-1142.94
12842,217,2024-08-16,Dining,-714.33
12843,110,2025-02-28,Healthcare,-562.86
12844,48,2024-07-21,Salary Credit,49460.62
12845,68,2025-04-27,Utilities,-23.84
12846,159,2025-02-15,Healthcare,-1820.0
12847,347,2024-05-20,Travel,-962.56
12848,31,2024-12-09,GROCERIES,-1107.15
12849,50,2024-09-20,Healthcare,-1040.47
12850,124,2024-07-06,ATM Withdrawal,-1652.91
12851,409,2025-05-08,Transfer,9440.5
12852,464,2024-08-04,groceries,-2823.19
12853,206,2024-03-04,Utilities,-2142.86
12854,21,2024-08-10,Healthcare,-1270.68
12855,6,2024-10-08,Dining,-1919.46
12856,402,2024-03-09,Entertainment,-619.76
12857,209,2025-02-08,Transfer,6169.03
12858,37,2024-05-05,Travel,-190.24
12859,391,2024-02-20,Entertainment,-677.01
12860,248,2024-10-19,Entertainment,-1449.84
12861,164,2024-03-28,Entertainment,-1543.51
12862,212,2025-03-02,Travel,-2061.48
12863,106,2024-02-07,Shopping,-2702.73
12864,436,2024-08-16,Utilities,-1065.73
12865,369,2024-01-29,GROCERIES,-175.82
12866,94,2024-07-27,Entertainment,-1939.74
12867,344,2025-05-23,Healthcare,-2359.07
12868,85,2024-12-20,groceries,-2340.78
12869,213,2024-10-18,ATM Withdrawal,-1623.68
12870,351,2024-03-26,Healthcare,-2999.86
12871,18,2024-06-19,Salary Credit,42808.7
12872,340,2024-07-26,Groceries,-2639.4
12873,106,2024-11-11,groceries,-155.79
12874,328,2024-04-23,shopping,-839.52
12875,234,2025-06-28,Healthcare,-140.83
12876,13,2024-12-21,Utilities,-682.91
12877,357,2024-06-18,Utilities,-1200.63
12878,122,2024-03-02,Transfer,2202.07
12879,446,2024-11-20,Transfer,-6940.44
12880,394,2024-09-01,Healthcare,-1517.4
12881,91,2025-01-02,Transfer,4586.71
12882,282,2024-11-20,shopping,-2282.36
12883,170,2024-12-14,Healthcare,-479.6
12884,282,2025-03-30,Salary Credit,43070.41
12885,261,2024-10-13,Salary Credit,40600.17
12886,139,2025-01-29,groceries,-1787.5
12887,305,2024-07-14,Shopping,-817.06
12888,122,2025-05-28,groceries,-1560.15
12889,425,2024-08-10,Entertainment,-1934.7
12890,443,2025-01-05,Groceries,-743.82
12891,78,2025-06-28,Utilities,-238.5
12892,341,2024-07-09,Healthcare,-997.3
12893,435,2024-02-25,Transfer,-3072.82
12894,60,2024-05-06,Transfer,-2413.5
12895,347,2024-05-12,ATM Withdrawal,-258.37
12896,439,2024-01-31,Groceries,-1919.98
12897,106,2024-10-23,Utilities,-356.32
12898,273,2024-05-31,Transfer,2853.13
12899,374,2024-02-22,Entertainment,-1637.67
12900,157,2024-03-15,Utilities,-972.12
12901,112,2024-05-28,Dining,-1784.67
12902,186,2024-07-20,dining ,-971.88
12903,157,2025-06-15,shopping,-1391.93
12904,340,2025-01-17,Utilities,-2307.75
12905,174,2025-01-24,GROCERIES,-1623.95
12906,177,2025-01-12,Travel,-580.61
12907,443,2025-03-13,shopping,-485.85
12908,271,2024-06-22,Salary Credit,44128.44
12909,435,2024-02-24,Utilities,-1587.27
12910,333,2024-10-04,Utilities,-1338.58
12911,415,2024-01-01,Utilities,-409.95
12912,92,2024-04-28,Salary Credit,46213.33
12913,440,2025-02-14,Utilities,-1793.85
12914,442,2024-10-01,Entertainment,-2454.19
12915,20,2025-01-11,Utilities,-996.63
12916,167,2024-10-04,Transfer,12370.86
12917,194,2024-10-22,Utilities,-2507.93
12918,197,2024-06-13,Salary Credit,46346.22
12919,365,2024-04-29,ATM Withdrawal,-1435.46
12920,327,2024-05-21,dining ,-2450.03
12921,100,2025-03-10,Travel,-333.08
12922,285,2025-06-17,Groceries,-477.91
12923,457,2024-02-14,Shopping,-40.84
12924,206,2024-10-19,Entertainment,-970.37
12925,435,2024-09-13,Shopping,-425.98
12926,305,2024-11-02,ATM Withdrawal,-880.54
12927,433,2024-05-06,Utilities,-1168.79
12928,423,2024-01-05,Shopping,-40.61
12929,8,2024-04-20,ATM Withdrawal,-2429.61
12930,375,2024-04-09,groceries,-2272.7
12931,89,2024-01-29,groceries,-786.07
12932,386,2024-07-13,Dining,-2533.67
12933,379,2025-01-07,Dining,-1549.62
12934,121,2025-06-10,Healthcare,-2189.23
12935,31,2024-12-24,dining ,-20.88
12936,197,2024-04-05,groceries,-897.28
12937,142,2024-07-16,groceries,-1765.4
12938,260,2024-06-14,dining ,-1052.47
12939,39,2024-04-25,Utilities,-1041.71
12940,21,2025-06-23,dining ,-1100.4
12941,205,2024-12-23,GROCERIES,-1536.11
12942,361,2024-09-19,groceries,-1300.32
12943,148,2024-08-26,Transfer,2031.73
12944,152,2024-06-22,shopping,-1285.07
12945,77,2024-08-15,ATM Withdrawal,-1833.53
12946,133,2024-12-11,dining ,-80.7
12947,140,2025-05-20,Utilities,-890.67
12948,122,2024-09-27,Healthcare,-1356.47
12949,161,2024-04-10,GROCERIES,-2552.6
12950,133,2025-06-05,Travel,-1322.75
12951,319,2024-06-20,Utilities,-1882.19
12952,159,2024-02-15,GROCERIES,-1941.11
12953,354,2024-10-23,shopping,-1280.22
12954,284,2025-03-06,Shopping,-1272.34
12955,300,2024-05-20,Utilities,-807.87
12956,274,2024-06-01,shopping,-2552.84
12957,432,2024-06-06,Travel,-1828.8
12958,120,2025-03-15,Shopping,-1987.27
12959,460,2025-06-05,Transfer,6558.89
12960,97,2025-04-07,ATM Withdrawal,-1294.3
12961,65,2024-05-03,Utilities,-1952.01
12962,387,2025-04-07,Dining,-1180.8
12963,420,2024-06-17,ATM Withdrawal,-2355.85
12964,44,2025-04-17,Dining,-237.88
12965,281,2025-06-24,Entertainment,-2134.08
12966,241,2025-01-26,Transfer,-7038.37
12967,104,2025-06-04,Dining,-214.56
12968,244,2024-03-18,Transfer,-5809.09
12969,321,2024-12-22,Dining,-1063.99
12970,269,2024-01-29,groceries,-1159.19
12971,244,2024-12-21,Healthcare,-390.78
12972,415,2024-07-04,Transfer,-5389.06
12973,106,2025-06-12,Shopping,-403.45
12974,292,2024-09-26,Transfer,1547.91
12975,149,2025-02-19,Groceries,-1341.92
12976,456,2024-06-13,ATM Withdrawal,-1566.21
12977,118,2024-02-10,Healthcare,-1154.45
12978,408,2025-02-08,Transfer,5080.7
12979,296,2024-04-30,Travel,-709.64
12980,101,2025-01-28,Utilities,-1039.59
12981,356,2024-09-10,Entertainment,-61.42
12982,113,2025-06-13,Utilities,-673.81
12983,123,2024-07-11,Healthcare,-1161.82
12984,162,2024-08-06,Utilities,-2312.34
12985,320,2025-02-07,GROCERIES,-1090.52
12986,184,2025-03-04,Dining,-3055.3
12987,267,2024-03-09,Shopping,-2936.97
12988,259,2025-02-07,GROCERIES,-1262.73
12989,93,2024-09-24,Travel,-827.61
12990,109,2025-06-22,Entertainment,-3239.42
12991,144,2024-12-09,GROCERIES,-1871.4
12992,105,2025-02-25,Salary Credit,48508.99
12993,430,2024-07-06,Travel,-550.66
12994,179,2024-06-03,Salary Credit,41579.94
12995,190,2025-03-03,Shopping,-299.56
12996,315,2024-01-09,Entertainment,-2539.2
12997,369,2024-11-12,Travel,-1651.39
12998,323,2025-06-11,Shopping,-920.73
12999,258,2025-06-24,GROCERIES,-774.95
13000,457,2025-01-25,Shopping,-307.85
13001,422,2024-09-28,groceries,-1137.15
13002,95,2025-03-18,Shopping,-1353.63
13003,75,2024-01-08,Travel,-847.95
13004,184,2025-03-08,Transfer,-2107.42
13005,391,2024-04-13,Travel,-591.09
13006,452,2025-02-04,Salary Credit,53683.87
13007,329,2024-07-08,Groceries,-701.6
13008,323,2025-02-13,ATM Withdrawal,-414.93
13009,110,2024-11-24,Healthcare,-209.15
13010,278,2025-05-21,Travel,-2752.0
13011,87,2025-03-05,Groceries,-864.5
13012,253,2025-05-13,Salary Credit,36692.3
13013,91,2024-03-23,groceries,-306.22
13014,36,2024-07-25,Shopping,-1221.97
13015,453,2024-08-26,GROCERIES,-1316.77
13016,419,2024-01-17,Travel,-1597.0
13017,321,2024-01-13,Entertainment,-3654.08
13018,293,2024-01-22,GROCERIES,-87.37
13019,113,2025-02-22,Shopping,-867.7
13020,268,2024-08-31,dining ,-1463.19
13021,351,2025-02-13,dining ,-806.18
13022,253,2025-03-31,Salary Credit,28474.85
13023,132,2024-01-20,ATM Withdrawal,-1660.19
13024,184,2025-04-06,Entertainment,-631.78
13025,394,2024-05-02,Utilities,-242.43
13026,120,2024-08-08,Groceries,-395.89
13027,450,2025-06-08,Travel,-2596.05
13028,354,2024-06-13,Shopping,-2369.13
13029,417,2025-05-27,ATM Withdrawal,-217.96
13030,239,2024-10-03,Transfer,-7695.09
13031,105,2024-01-08,Entertainment,-3052.39
13032,16,2025-03-29,Groceries,-3299.42
13033,251,2024-01-25,Healthcare,-74.36
13034,187,2024-12-12,Healthcare,-2422.07
13035,54,2024-09-06,Groceries,-1195.18
13036,435,2024-03-17,Utilities,-536.82
13037,455,2024-10-07,Transfer,-2421.2
13038,175,2024-07-16,shopping,-492.8
13039,313,2024-02-23,Groceries,-1627.93
13040,194,2024-10-29,Utilities,-30.22
13041,233,2024-01-24,Shopping,-2049.61
13042,293,2024-10-20,Entertainment,-1627.92
13043,195,2024-05-03,Transfer,-3019.4
13044,376,2025-03-28,Healthcare,-1556.86
13045,89,2025-06-01,shopping,-267.71
13046,313,2025-05-23,Transfer,-7030.11
13047,461,2025-05-26,Groceries,-986.42
13048,398,2024-02-24,Shopping,-1074.74
13049,22,2024-10-04,Entertainment,-1170.55
13050,54,2024-05-02,Transfer,-8569.5
13051,295,2024-02-22,ATM Withdrawal,-1274.58
13052,433,2024-08-01,GROCERIES,-2274.48
13053,396,2024-08-21,dining ,-2208.13
13054,424,2024-06-10,ATM Withdrawal,-468.04
13055,71,2024-03-03,Utilities,-957.13
13056,243,2024-08-10,Utilities,-195.73
13057,340,2024-03-25,Transfer,8677.88
13058,293,2024-01-23,groceries,-1492.15
13059,364,2024-09-02,Travel,-1381.05
13060,100,2024-02-05,dining ,-951.54
13061,214,2025-06-10,Groceries,-327.22
13062,210,2025-04-01,dining ,-2354.44
13063,440,2025-05-19,dining ,-3004.93
13064,95,2024-02-25,shopping,-2389.39
13065,153,2024-09-10,Travel,-1049.36
13066,11,2025-03-25,Shopping,-1551.15
13067,72,2024-11-09,Entertainment,-2162.94
13068,460,2024-06-16,Shopping,-1284.68
13069,397,2025-03-29,Salary Credit,60556.84
13070,122,2024-06-17,Salary Credit,54987.03
13071,329,2025-06-14,shopping,-3706.94
13072,278,2024-02-24,Utilities,-1374.81
13073,425,2025-01-19,Entertainment,-973.34
13074,141,2024-01-08,Travel,-1264.67
13075,466,2025-05-13,shopping,-858.32
13076,174,2024-07-12,Shopping,-1355.47
13077,336,2024-01-12,Transfer,-3374.47
13078,187,2025-03-31,Shopping,-451.57
13079,315,2025-06-11,shopping,-617.85
13080,157,2025-05-16,shopping,-3138.72
13081,395,2024-09-21,Transfer,3617.71
13082,299,2024-02-03,Utilities,-1433.5
13083,136,2024-05-04,Healthcare,-2861.82
13084,450,2024-01-17,Transfer,-1763.52
13085,332,2024-01-25,groceries,-765.14
13086,201,2024-03-27,Utilities,-612.47
13087,64,2024-11-02,Entertainment,-368.47
13088,456,2025-02-21,Utilities,-771.34
13089,354,2024-11-14,Utilities,-1249.95
13090,313,2024-04-21,Dining,-1492.53
13091,390,2024-11-23,Groceries,-1206.7
13092,285,2024-05-05,shopping,-562.67
13093,109,2024-09-08,,428.32
13094,111,2025-04-29,ATM Withdrawal,-2455.04
13095,38,2024-03-14,groceries,-688.48
13096,30,2025-04-21,Shopping,-2187.82
13097,342,2024-05-27,Utilities,-1086.79
13098,399,2024-12-31,Salary Credit,56674.61
13099,77,2024-05-22,Travel,-1726.0
13100,269,2024-03-30,Healthcare,-1300.35
13101,58,2024-09-02,Transfer,-8897.13
13102,194,2024-07-26,ATM Withdrawal,-1015.11
13103,371,2024-10-03,Shopping,-466.58
13104,381,2024-05-08,shopping,-1058.46
13105,445,2025-06-17,Travel,-1158.45
13106,146,2025-01-01,Transfer,-7622.41
13107,445,2025-04-03,Entertainment,-493.89
13108,367,2025-03-01,Healthcare,-3344.8
13109,159,2025-01-29,shopping,-1617.02
13110,154,2024-03-18,ATM Withdrawal,-1185.69
13111,51,2024-11-16,Travel,-1599.6
13112,431,2025-05-04,groceries,-178.32
13113,96,2024-02-22,ATM Withdrawal,-1311.63
13114,126,2024-09-09,Healthcare,-1785.31
13115,194,2024-04-10,Entertainment,-934.88
13116,65,2025-03-09,Entertainment,-1671.23
13117,378,2025-05-22,Travel,-1913.79
13118,327,2024-01-29,ATM Withdrawal,-544.39
13119,74,2025-03-12,Salary Credit,54990.19
13120,77,2024-07-15,Shopping,-1145.77
13121,11,2025-06-09,Dining,-2915.87
13122,445,2024-01-09,Shopping,-2378.48
13123,204,2024-04-14,Utilities,-1565.79
13124,307,2025-01-26,ATM Withdrawal,-469.36
13125,71,2025-02-28,Healthcare,-1099.62
13126,109,2024-02-13,ATM Withdrawal,-2107.05
13127,254,2024-03-28,dining ,-696.34
13128,98,2024-07-03,shopping,-1590.12
13129,287,2024-01-19,shopping,-1691.81
13130,433,2025-03-02,ATM Withdrawal,-1098.78
13131,143,2024-12-30,Groceries,-460.49
13132,285,2025-02-12,Shopping,-2637.83
13133,429,2024-09-12,Entertainment,-1627.56
13134,419,2024-12-14,Groceries,-928.34
13135,4,2024-11-08,ATM Withdrawal,-488.84
13136,52,2025-01-13,Entertainment,-2008.67
13137,462,2024-09-02,Transfer,-7932.37
13138,434,2024-12-20,Healthcare,-370.06
13139,151,2024-12-17,Transfer,-5907.83
13140,244,2024-12-15,shopping,-768.18
13141,269,2025-04-20,shopping,-2767.34
13142,313,2024-07-09,Groceries,-1531.4
13143,352,2025-04-24,GROCERIES,-303.79
13144,175,2024-01-16,Salary Credit,52479.71
13145,417,2024-09-21,Utilities,-2311.24
13146,28,2024-08-28,Utilities,-896.67
13147,16,2025-04-18,Transfer,-1608.73
13148,449,2024-01-25,groceries,-2190.71
13149,83,2024-04-28,Utilities,-377.7
13150,466,2024-09-12,ATM Withdrawal,-1156.49
13151,134,2025-03-20,groceries,-352.68
13152,171,2024-09-09,shopping,-2820.9
13153,14,2024-12-14,groceries,-2401.1
13154,442,2024-04-07,Transfer,-5900.41
13155,169,2025-05-29,Salary Credit,53381.61
13156,79,2025-03-03,Salary Credit,43942.37
13157,227,2024-01-24,dining ,-457.73
13158,73,2025-01-18,ATM Withdrawal,-308.8
13159,370,2024-03-11,Utilities,-1912.8
13160,35,2024-10-31,shopping,-291.55
13161,234,2025-01-21,GROCERIES,-3473.89
13162,184,2025-05-19,GROCERIES,-198.87
13163,18,2024-02-08,dining ,-2110.86
13164,25,2024-06-05,dining ,-2348.4
13165,243,2025-01-11,GROCERIES,-5.81
13166,185,2024-05-22,groceries,-795.31
13167,61,2025-01-23,Entertainment,-993.07
13168,65,2024-04-09,Shopping,-4334.34
13169,377,2024-03-30,Salary Credit,43037.16
13170,342,2024-10-23,Utilities,-175.63
13171,285,2025-01-10,GROCERIES,-1642.57
13172,391,2024-04-21,Healthcare,-257.24
13173,33,2025-04-21,GROCERIES,-1144.61
13174,322,2025-04-18,Transfer,6554.04
13175,353,2024-02-14,ATM Withdrawal,-694.91
13176,94,2024-06-14,Travel,-573.48
13177,252,2024-10-30,ATM Withdrawal,-2171.14
13178,359,2024-09-24,Transfer,5867.19
13179,283,2024-05-18,Entertainment,-1225.42
13180,117,2024-10-15,Shopping,-532.46
13181,312,2025-06-08,dining ,-1759.65
13182,356,2024-06-16,Shopping,-776.4
13183,5,2024-04-29,Groceries,-1450.57
13184,266,2025-02-06,Travel,-459.86
13185,237,2024-11-07,Salary Credit,47217.74
13186,172,2025-01-12,dining ,-1373.8
13187,21,2024-12-18,Entertainment,-993.41
13188,40,2025-02-18,Healthcare,-402.57
13189,352,2025-02-01,Groceries,-2249.44
13190,388,2024-11-26,Dining,-528.12
13191,197,2024-09-04,shopping,-2019.18
13192,440,2024-09-07,groceries,-2142.44
13193,435,2024-05-24,Groceries,-451.0
13194,312,2024-09-01,Entertainment,-1873.25
13195,272,2024-11-25,Groceries,-813.26
13196,452,2025-01-25,Dining,-1774.67
13197,286,2025-02-25,Travel,-357.69
13198,438,2024-07-24,groceries,-1096.41
13199,459,2025-02-03,Transfer,-4911.81
13200,92,2024-08-26,Transfer,6143.61
13201,310,2024-07-14,Travel,-472.09
13202,343,2024-03-30,dining ,-702.88
13203,384,2024-05-24,Entertainment,-1842.46
13204,164,2025-01-05,ATM Withdrawal,-828.89
13205,404,2024-04-27,shopping,-752.45
13206,229,2024-02-11,Travel,-442.36
13207,182,2024-05-28,shopping,-785.96
13208,74,2025-06-23,dining ,-275.65
13209,151,2024-03-22,Travel,-1856.37
13210,457,2024-03-19,ATM Withdrawal,-795.84
13211,336,2024-08-07,Travel,-224.7
13212,340,2024-07-27,ATM Withdrawal,-1017.15
13213,420,2025-05-16,ATM Withdrawal,-56.84
13214,125,2024-05-09,Transfer,-9063.47
13215,310,2024-08-15,Shopping,-220.68
13216,174,2024-06-07,Dining,-1070.91
13217,397,2024-05-16,ATM Withdrawal,-3185.75
13218,198,2024-06-24,Transfer,-5747.76
13219,401,2024-05-20,GROCERIES,-740.29
13220,350,2025-01-26,Entertainment,-588.9
13221,362,2025-03-06,Healthcare,-1350.23
13222,434,2024-04-06,ATM Withdrawal,-509.07
13223,371,2024-09-27,GROCERIES,-1702.02
13224,151,2024-05-23,ATM Withdrawal,-591.37
13225,245,2025-04-17,Utilities,-1449.45
13226,222,2024-02-25,Utilities,-2501.74
13227,31,2024-08-10,groceries,-1804.14
13228,278,2024-06-29,ATM Withdrawal,-13.5
13229,205,2024-07-17,Shopping,-1280.07
13230,185,2025-05-27,Shopping,-2067.13
13231,52,2024-10-21,Travel,-167.66
13232,236,2024-07-26,Travel,-2718.5
13233,271,2025-03-16,shopping,-1326.83
13234,50,2025-02-27,Shopping,-1718.81
13235,298,2024-03-19,groceries,-890.55
13236,79,2024-09-08,Travel,-1241.69
13237,68,2024-08-12,GROCERIES,-395.0
13238,188,2024-09-02,Transfer,10379.16
13239,183,2024-07-09,Shopping,-3132.0
13240,429,2025-03-25,Transfer,-297.21
13241,32,2025-06-26,Travel,-1496.59
13242,164,2024-01-15,Dining,-1588.91
13243,344,2025-04-11,Utilities,-565.0
13244,117,2025-04-16,dining ,-1535.53
13245,460,2024-07-18,Travel,-92.95
13246,348,2024-09-21,Transfer,400.48
13247,443,2024-02-25,GROCERIES,-1425.39
13248,445,2024-07-10,Travel,-1910.27
13249,52,2024-05-09,groceries,-660.45
13250,215,2025-05-09,Travel,-2435.34
13251,349,2024-02-28,Shopping,-442.5
13252,5,2024-07-04,Groceries,-1172.43
13253,212,2024-09-19,Groceries,-317.97
13254,323,2025-06-16,ATM Withdrawal,-504.04
13255,372,2025-03-21,Travel,-755.56
13256,195,2025-05-25,Utilities,-700.64
13257,404,2024-06-18,ATM Withdrawal,-2343.81
13258,316,2024-05-26,groceries,-144.85
13259,22,2024-11-07,Entertainment,-198.85
13260,130,2024-07-04,Transfer,3706.8
13261,439,2024-01-09,Travel,-1302.0
13262,2,2025-03-18,shopping,-1652.88
13263,51,2024-02-21,Travel,-2238.44
13264,162,2024-04-16,Transfer,10065.92
13265,466,2025-05-29,groceries,-463.41
13266,330,2025-02-02,ATM Withdrawal,-949.38
13267,70,2024-12-16,Utilities,-1220.85
13268,184,2024-03-11,Transfer,1511.14
13269,440,2024-05-16,Healthcare,-810.81
13270,103,2024-04-22,Utilities,-2092.84
13271,270,2024-12-15,Travel,-1768.28
13272,218,2024-09-29,shopping,-749.59
13273,356,2024-07-15,shopping,-1391.73
13274,353,2025-02-10,Dining,-1615.38
13275,390,2025-02-27,Shopping,-967.1
13276,56,2025-02-06,ATM Withdrawal,-1643.24
13277,213,2024-02-27,Healthcare,-479.6
13278,324,2024-11-27,ATM Withdrawal,-349.19
13279,197,2024-04-24,Salary Credit,42624.07
13280,313,2024-05-28,dining ,-972.86
13281,298,2025-06-17,Groceries,-1823.95
13282,174,2024-08-14,Salary Credit,45665.16
13283,47,2025-03-05,Salary Credit,43222.58
13284,455,2024-05-14,Transfer,-6161.33
13285,387,2025-06-13,Travel,-2157.42
13286,419,2024-05-30,Dining,-2621.86
13287,141,2024-04-09,Dining,-1497.5
13288,148,2024-06-25,shopping,-552.23
13289,152,2024-04-04,Utilities,-1852.4
13290,15,2024-11-22,dining ,-555.21
13291,80,2024-03-19,groceries,-513.97
13292,145,2024-04-23,Travel,-936.61
13293,463,2025-01-17,Utilities,-2242.32
13294,96,2024-01-24,Healthcare,-1875.17
13295,238,2024-08-28,Entertainment,-1997.26
13296,257,2025-01-12,dining ,-1310.6
13297,169,2024-08-30,Transfer,-6708.22
13298,430,2024-01-12,shopping,-1740.79
13299,44,2024-03-27,Entertainment,-580.53
13300,408,2025-06-13,Salary Credit,49706.27
13301,349,2025-02-24,dining ,-1196.46
13302,144,2024-07-09,Dining,-835.52
13303,360,2025-04-21,Healthcare,-878.71
13304,201,2024-01-04,Entertainment,-702.82
13305,455,2024-01-26,Shopping,-947.17
13306,18,2025-04-27,Shopping,-1192.7
13307,14,2025-01-02,shopping,-1798.51
13308,255,2024-11-22,Transfer,6705.49
13309,436,2024-07-06,Shopping,-1305.44
13310,30,2025-03-21,GROCERIES,-600.12
13311,365,2024-11-27,Utilities,-3377.04
13312,440,2024-08-25,shopping,-562.84
13313,228,2024-07-26,Utilities,-591.94
13314,406,2024-07-12,Transfer,8792.53
13315,355,2024-11-09,Healthcare,-208.91
13316,101,2024-12-23,Dining,-1534.61
13317,400,2025-03-14,Entertainment,-783.39
13318,328,2024-08-09,ATM Withdrawal,-972.58
13319,6,2024-05-18,Shopping,-1244.74
13320,266,2024-10-30,groceries,-125.72
13321,307,2024-11-13,Travel,-1088.86
13322,376,2024-05-31,Healthcare,-2123.36
13323,361,2024-02-09,Salary Credit,44403.08
13324,223,2024-06-30,shopping,-4348.72
13325,140,2024-02-08,GROCERIES,-1282.45
13326,90,2024-02-14,Utilities,-123.07
13327,42,2025-06-10,shopping,-730.61
13328,300,2025-03-01,,29523.95
13329,450,2024-01-20,Entertainment,-2169.85
13330,38,2024-07-09,Shopping,-2644.92
13331,329,2024-05-18,Utilities,-1958.65
13332,274,2025-06-15,Utilities,-443.88
13333,81,2024-08-26,Groceries,-414.8
13334,100,2024-05-21,groceries,-1862.97
13335,134,2024-12-11,Utilities,-731.15
13336,321,2024-09-15,Transfer,-2082.61
13337,140,2024-04-12,Travel,-2882.15
13338,388,2024-06-15,Entertainment,-782.28
13339,174,2024-03-10,Healthcare,-1948.52
13340,52,2025-01-13,groceries,-1694.62
13341,45,2025-06-13,ATM Withdrawal,-436.2
13342,188,2025-03-16,groceries,-1236.49
13343,191,2024-07-23,GROCERIES,-298.97
13344,344,2024-09-22,Utilities,-2503.15
13345,224,2024-02-03,Groceries,-380.28
13346,77,2024-07-18,ATM Withdrawal,-1528.75
13347,100,2024-01-18,ATM Withdrawal,-755.22
13348,266,2025-02-09,Salary Credit,37600.81
13349,157,2025-05-10,Shopping,-2169.58
13350,315,2024-04-14,Transfer,-3436.48
13351,432,2025-01-02,Transfer,6272.93
13352,167,2024-11-22,Entertainment,-563.26
13353,259,2024-08-15,ATM Withdrawal,-1341.84
13354,390,2025-02-03,Utilities,-1970.51
13355,99,2025-01-05,shopping,-1520.97
13356,239,2024-05-26,Shopping,-1999.92
13357,143,2025-03-11,Groceries,-31.66
13358,294,2024-12-23,Transfer,-8595.38
13359,348,2024-06-19,Entertainment,-932.3
13360,66,2025-02-04,Healthcare,-83.98
13361,88,2024-12-15,dining ,-1009.12
13362,11,2024-03-04,GROCERIES,-922.45
13363,6,2024-03-31,Groceries,-492.42
13364,24,2024-06-25,Transfer,-6003.09
13365,331,2024-01-25,Salary Credit,58762.16
13366,424,2024-08-09,Transfer,2295.04
13367,192,2024-09-08,Entertainment,-1282.83
13368,414,2025-02-26,Dining,-689.0
13369,342,2024-04-03,Utilities,-311.74
13370,378,2024-11-05,Transfer,-9926.85
13371,347,2024-12-28,dining ,-1211.94
13372,94,2024-09-02,Shopping,-1028.92
13373,245,2025-05-09,Travel,-583.24
13374,246,2024-06-22,Shopping,-1260.51
13375,301,2024-08-10,Healthcare,-625.78
13376,373,2024-01-03,Groceries,-2937.03
13377,53,2024-08-11,Shopping,-1426.63
13378,316,2024-01-12,Healthcare,-1325.51
13379,390,2025-06-20,Utilities,-1305.13
13380,55,2024-05-11,ATM Withdrawal,-2377.03
13381,195,2025-03-18,Entertainment,-1180.14
13382,420,2024-03-04,dining ,-771.18
13383,12,2024-05-29,groceries,-1344.95
13384,76,2024-03-06,groceries,-1912.21
13385,377,2024-07-19,GROCERIES,-2264.67
13386,81,2024-11-24,Utilities,-1393.51
13387,329,2024-08-16,Groceries,-1406.44
13388,422,2024-11-25,Travel,-2093.47
13389,234,2025-03-15,Transfer,-3202.47
13390,227,2024-01-25,Utilities,-1279.39
13391,201,2024-08-19,Shopping,-674.01
13392,175,2024-11-19,Groceries,-1252.24
13393,178,2024-10-12,ATM Withdrawal,-1520.13
13394,260,2024-03-20,Utilities,-2320.5
13395,420,2024-04-22,Groceries,-46.06
13396,460,2024-07-24,Healthcare,-552.66
13397,406,2024-12-20,Transfer,3179.43
13398,56,2025-06-23,ATM Withdrawal,-33.19
13399,144,2024-07-19,ATM Withdrawal,-3123.7
13400,355,2024-10-11,Travel,-1983.66
13401,256,2024-06-16,Utilities,-502.15
13402,157,2024-01-19,shopping,-1213.95
13403,146,2024-08-05,Transfer,3695.76
13404,55,2024-07-08,Healthcare,-1340.51
13405,156,2024-03-23,Salary Credit,38858.13
13406,198,2024-12-31,Travel,-170.73
13407,195,2024-05-20,ATM Withdrawal,-684.98
13408,257,2024-05-02,ATM Withdrawal,-2443.19
13409,128,2024-07-31,dining ,-136.48
13410,97,2025-06-09,Travel,-2187.41
13411,416,2024-12-12,Groceries,-1703.95
13412,190,2024-08-19,Travel,-840.33
13413,120,2025-03-23,Transfer,-5625.85
13414,298,2024-01-12,Utilities,-723.7
13415,254,2024-07-02,Salary Credit,41763.68
13416,270,2024-10-21,Utilities,-862.28
13417,104,2024-09-23,Groceries,-2500.5
13418,339,2025-01-03,ATM Withdrawal,-839.26
13419,90,2025-01-17,shopping,-1010.22
13420,392,2024-09-05,Transfer,1516.3
13421,199,2025-05-21,ATM Withdrawal,-1143.04
13422,192,2025-05-20,Transfer,-8258.13
13423,182,2024-09-15,Dining,-821.52
13424,198,2025-05-06,Salary Credit,35469.71
13425,312,2024-12-15,Utilities,-2302.96
13426,233,2024-03-16,ATM Withdrawal,-24.57
13427,60,2024-03-06,Shopping,-1429.81
13428,266,2024-02-13,GROCERIES,-138.56
13429,125,2024-04-25,Shopping,-1463.72
13430,51,2024-06-19,ATM Withdrawal,-2160.8
13431,394,2024-02-07,dining ,-616.61
13432,147,2024-11-27,ATM Withdrawal,-138.19
13433,279,2024-08-12,Transfer,1553.98
13434,81,2024-11-23,groceries,-1150.17
13435,159,2024-10-01,shopping,-2935.2
13436,181,2024-05-28,Entertainment,-2161.16
13437,63,2024-12-01,Groceries,-2253.43
13438,456,2025-06-02,Dining,-237.08
13439,146,2024-06-21,Salary Credit,53775.34
13440,273,2024-06-16,shopping,-2088.36
13441,265,2024-10-08,Transfer,3105.34
13442,201,2025-03-14,Salary Credit,52777.53
13443,275,2024-10-16,shopping,-589.93
13444,265,2025-03-29,shopping,-1791.5
13445,38,2024-02-10,GROCERIES,-857.36
13446,314,2024-02-23,shopping,-313.03
13447,54,2024-08-09,dining ,-835.27
13448,204,2024-05-06,Healthcare,-2971.11
13449,171,2024-01-13,GROCERIES,-150.7
13450,210,2024-04-27,groceries,-2092.37
13451,34,2024-05-27,Transfer,7520.79
13452,329,2025-05-16,GROCERIES,-1034.05
13453,196,2025-03-02,Travel,-703.11
13454,29,2024-07-10,Entertainment,-76.49
13455,2,2025-06-06,Transfer,1431.02
13456,253,2025-03-31,Dining,-1309.52
13457,312,2024-05-16,Dining,-1477.15
13458,257,2024-09-17,Shopping,-15.68
13459,338,2025-05-17,Shopping,-1101.24
13460,355,2024-09-06,groceries,-9.42
13461,409,2024-07-21,dining ,-676.81
13462,460,2025-05-07,Transfer,-5208.22
13463,415,2024-12-25,Utilities,-1444.39
13464,373,2024-08-28,Transfer,-5004.19
13465,202,2025-04-19,Dining,-1296.46
13466,236,2025-02-09,shopping,-984.17
13467,289,2024-07-08,shopping,-2031.56
13468,80,2024-08-19,Utilities,-182.07
13469,318,2024-01-26,Salary Credit,41499.47
13470,276,2024-02-25,GROCERIES,-1198.85
13471,244,2025-06-04,Entertainment,-384.45
13472,391,2024-01-29,ATM Withdrawal,-2456.2
13473,322,2025-04-01,Utilities,-1486.66
13474,437,2024-04-23,shopping,-96.9
13475,458,2024-10-22,Entertainment,-1567.51
13476,387,2025-01-28,Travel,-2379.09
13477,140,2025-06-24,Utilities,-552.29
13478,89,2024-07-22,Transfer,-9084.87
13479,141,2025-05-19,groceries,-1431.21
13480,334,2024-09-04,ATM Withdrawal,-1381.51
13481,405,2025-04-17,dining ,-2278.55
13482,412,2024-02-25,ATM Withdrawal,-1383.34
13483,321,2024-05-26,Travel,-1551.26
13484,319,2024-12-05,Groceries,-1283.06
13485,446,2025-01-19,Entertainment,-378.41
13486,321,2025-03-13,shopping,-1570.37
13487,66,2024-07-14,Utilities,-1426.94
13488,235,2024-12-06,ATM Withdrawal,-857.97
13489,168,2024-12-04,shopping,-1094.59
13490,299,2025-06-20,Groceries,-1759.87
13491,298,2024-03-04,ATM Withdrawal,-425.68
13492,138,2024-01-09,Healthcare,-185.92
13493,141,2024-11-09,dining ,-100.32
13494,42,2024-01-09,Entertainment,-563.12
13495,138,2024-04-16,Salary Credit,48693.68
13496,388,2024-09-29,groceries,-3320.42
13497,307,2024-05-25,ATM Withdrawal,-678.09
13498,442,2024-05-25,Travel,-1938.91
13499,434,2024-07-07,Transfer,5827.22
13500,401,2025-01-09,Salary Credit,44467.1
13501,85,2024-07-18,GROCERIES,-1904.08
13502,157,2025-03-08,groceries,-112.66
13503,27,2024-03-27,Utilities,-1289.6
13504,44,2024-02-25,shopping,-2221.33
13505,109,2024-03-31,Healthcare,-1831.05
13506,132,2025-05-14,Transfer,-5979.03
13507,8,2024-05-31,Transfer,-3917.38
13508,395,2024-01-17,Shopping,-882.54
13509,247,2024-06-20,Groceries,-197.98
13510,307,2025-01-10,ATM Withdrawal,-1652.86
13511,306,2024-07-16,GROCERIES,-2428.35
13512,453,2024-07-28,groceries,-1464.64
13513,69,2024-02-17,dining ,-1214.96
13514,161,2024-12-29,Entertainment,-1739.17
13515,145,2024-04-30,ATM Withdrawal,-706.61
13516,259,2024-02-23,groceries,-743.54
13517,247,2025-01-24,Entertainment,-1133.53
13518,370,2025-05-25,Transfer,120.3
13519,263,2024-11-28,Salary Credit,46283.93
13520,110,2025-05-25,groceries,-465.68
13521,265,2024-08-07,Utilities,-1822.01
13522,452,2024-10-10,Utilities,-1403.27
13523,271,2024-07-13,Salary Credit,43473.14
13524,278,2024-10-04,Shopping,-1885.29
13525,83,2025-05-01,Utilities,-1332.33
13526,4,2024-12-11,Utilities,-1627.85
13527,99,2024-01-15,shopping,-1455.19
13528,12,2024-11-12,Transfer,-9704.79
13529,212,2024-07-24,groceries,-2321.17
13530,413,2024-10-23,ATM Withdrawal,-1585.84
13531,210,2024-10-30,Healthcare,-1335.33
13532,302,2024-11-17,ATM Withdrawal,-1875.3
13533,401,2025-04-17,Travel,-2334.14
13534,358,2025-04-12,ATM Withdrawal,-2913.65
13535,305,2025-06-13,Entertainment,-712.64
13536,367,2024-11-29,Transfer,-8137.45
13537,132,2024-06-04,Groceries,-1121.52
13538,197,2024-04-16,GROCERIES,-248.24
13539,187,2025-04-07,GROCERIES,-1954.26
13540,374,2025-05-13,GROCERIES,-2520.61
13541,192,2024-01-21,ATM Withdrawal,-2075.72
13542,439,2024-04-27,Dining,-1047.82
13543,88,2025-01-05,ATM Withdrawal,-1548.78
13544,81,2024-03-31,ATM Withdrawal,-1828.97
13545,336,2024-01-28,Shopping,-1715.66
13546,358,2025-06-27,GROCERIES,-2307.07
13547,318,2024-02-22,Utilities,-2048.69
13548,145,2024-04-26,Groceries,-679.05
13549,5,2025-06-22,Entertainment,-1223.83
13550,151,2024-02-24,Utilities,-745.7
13551,219,2025-03-11,GROCERIES,-1345.11
13552,194,2024-11-02,groceries,-481.97
13553,432,2024-10-21,Salary Credit,60426.02
13554,405,2025-03-26,Salary Credit,38762.54
13555,363,2024-01-12,Healthcare,-738.16
13556,11,2024-02-03,Utilities,-1274.47
13557,60,2024-04-16,Groceries,-39.92
13558,204,2024-09-24,Transfer,-5505.81
13559,291,2025-06-08,Utilities,-2683.79
13560,319,2024-02-07,Utilities,-1327.88
13561,139,2024-08-16,Entertainment,-834.92
13562,52,2024-08-21,shopping,-186.93
13563,154,2024-04-17,Travel,-3124.48
13564,371,2024-07-06,,-1269.02
13565,462,2024-04-19,dining ,-1274.18
13566,441,2024-03-15,groceries,-34.33
13567,278,2024-10-11,dining ,-1672.26
13568,43,2025-05-22,groceries,-670.74
13569,453,2024-08-08,Travel,-2524.51
13570,72,2024-12-12,Transfer,6393.16
13571,126,2024-12-31,Healthcare,-1312.51
13572,456,2025-04-04,ATM Withdrawal,-9.48
13573,236,2025-03-25,Entertainment,-1111.63
13574,93,2025-05-08,Travel,-1007.57
13575,235,2025-03-19,Utilities,-1310.67
13576,37,2025-05-21,Dining,-573.04
13577,148,2025-06-10,Shopping,-381.39
13578,446,2025-02-11,Utilities,-753.71
13579,140,2024-09-25,groceries,-1650.19
13580,418,2024-06-16,Healthcare,-537.36
13581,255,2024-11-07,GROCERIES,-2443.55
13582,307,2025-03-27,ATM Withdrawal,-2317.77
13583,330,2025-02-14,groceries,-305.04
13584,259,2024-10-10,Shopping,-3422.13
13585,17,2024-02-11,ATM Withdrawal,-1414.51
13586,431,2024-05-28,Dining,-1101.94
13587,223,2024-11-10,groceries,-1734.68
13588,307,2024-07-29,shopping,-1576.29
13589,260,2024-09-05,Salary Credit,45937.65
13590,309,2024-06-13,Utilities,-223.93
13591,166,2024-02-11,Travel,-806.54
13592,395,2024-09-11,GROCERIES,-1521.57
13593,105,2024-08-30,Utilities,-1950.71
13594,306,2025-03-01,Entertainment,-2495.61
13595,271,2024-03-02,dining ,-788.51
13596,236,2024-09-21,Shopping,-1271.31
13597,11,2025-04-10,ATM Withdrawal,-605.72
13598,183,2024-05-25,Transfer,4065.99
13599,23,2024-06-21,Groceries,-670.87
13600,236,2024-02-17,Shopping,-1255.76
13601,322,2024-11-09,Salary Credit,31615.75
13602,245,2025-04-11,Dining,-1686.94
13603,355,2024-09-19,GROCERIES,-921.17
13604,169,2024-08-15,Transfer,-13302.71
13605,144,2025-02-12,Travel,-643.62
13606,210,2024-08-28,Groceries,-959.4
13607,108,2024-08-05,Shopping,-2115.51
13608,376,2025-02-20,Travel,-1903.8
13609,379,2024-06-03,groceries,-2132.32
13610,195,2025-04-08,Utilities,-948.24
13611,371,2024-05-26,Utilities,-167.72
13612,12,2024-10-05,Shopping,-3601.35
13613,73,2024-05-16,Travel,-1664.69
13614,133,2024-12-10,GROCERIES,-1403.13
13615,182,2024-08-24,Salary Credit,51446.6
13616,109,2024-05-10,ATM Withdrawal,-27.11
13617,240,2025-02-09,shopping,-789.21
13618,372,2025-05-24,Groceries,-261.3
13619,214,2024-01-16,Groceries,-1350.22
13620,211,2024-11-05,Healthcare,-40.31
13621,29,2025-01-26,dining ,-1806.39
13622,132,2025-01-27,Utilities,-2265.18
13623,378,2024-04-30,ATM Withdrawal,-2232.06
13624,380,2024-03-03,Transfer,5576.68
13625,49,2024-10-06,Entertainment,-823.81
13626,9,2024-12-13,Travel,-1603.69
13627,389,2024-06-06,Healthcare,-1101.17
13628,82,2024-07-20,GROCERIES,-482.68
13629,269,2024-10-16,Transfer,-3149.77
13630,388,2024-09-02,Utilities,-1913.07
13631,369,2024-09-20,Healthcare,-186.84
13632,258,2025-01-06,Entertainment,-169.15
13633,177,2025-06-20,Transfer,1506.72
13634,363,2025-03-09,Salary Credit,50836.77
13635,326,2024-01-05,Dining,-1777.06
13636,393,2024-07-09,Shopping,-2052.45
13637,241,2024-01-06,Groceries,-1399.11
13638,441,2025-04-20,ATM Withdrawal,-432.4
13639,361,2024-12-17,groceries,-92.95
13640,30,2024-04-29,Dining,-1695.86
13641,138,2025-04-02,Dining,-1843.89
13642,375,2024-11-02,Transfer,-1649.7
13643,55,2024-01-29,Travel,-74.39
13644,332,2024-03-23,Shopping,-1182.87
13645,160,2025-03-17,dining ,-1322.94
13646,97,2024-06-06,Utilities,-2041.38
13647,253,2024-10-12,Shopping,-1796.14
13648,437,2025-05-02,dining ,-1127.97
13649,421,2024-06-06,ATM Withdrawal,-2131.96
13650,190,2024-01-07,Travel,-885.41
13651,2,2024-02-15,Healthcare,-922.3
13652,416,2025-05-14,Dining,-1963.44
13653,420,2024-11-22,Travel,-2061.81
13654,284,2024-06-27,Entertainment,-2085.35
13655,295,2024-02-12,Entertainment,-1038.46
13656,247,2025-01-14,Shopping,-1264.45
13657,6,2024-01-22,Groceries,-420.28
13658,75,2024-02-19,Travel,-2009.95
13659,68,2024-11-19,shopping,-667.82
13660,428,2024-12-15,Dining,-596.91
13661,24,2024-11-06,dining ,-803.04
13662,261,2025-05-10,shopping,-429.79
13663,170,2024-05-26,dining ,-1236.28
13664,3,2024-10-29,Entertainment,-683.87
13665,431,2024-06-15,Groceries,-1904.21
13666,9,2024-07-16,Healthcare,-1572.32
13667,401,2024-03-23,shopping,-1570.63
13668,364,2025-03-08,Healthcare,-2483.11
13669,372,2025-01-18,Transfer,1563.82
13670,76,2025-01-23,dining ,-1644.56
13671,413,2024-03-18,dining ,-1521.36
13672,281,2024-03-05,GROCERIES,-60.39
13673,189,2025-03-02,ATM Withdrawal,-1041.5
13674,319,2024-12-28,dining ,-1684.65
13675,160,2024-01-17,ATM Withdrawal,-1447.32
13676,131,2024-12-28,Entertainment,-1858.69
13677,135,2025-06-18,Travel,-595.04
13678,267,2025-02-13,ATM Withdrawal,-76.58
13679,282,2024-05-31,Entertainment,-378.01
13680,113,2024-06-21,Transfer,7593.06
13681,115,2025-02-13,GROCERIES,-2132.09
13682,443,2024-08-06,Utilities,-1049.22
13683,241,2025-02-05,shopping,-2561.34
13684,403,2025-06-07,Dining,-1054.11
13685,155,2024-08-08,shopping,-738.79
13686,135,2024-11-08,Healthcare,-69.83
13687,133,2024-09-23,shopping,-1131.87
13688,248,2024-10-04,Dining,-2154.45
13689,365,2024-02-11,groceries,-2341.66
13690,235,2025-06-21,Entertainment,-2162.35
13691,139,2024-10-21,Dining,-1649.55
13692,450,2024-05-05,dining ,-2637.06
13693,268,2024-11-08,shopping,-328.18
13694,185,2024-08-04,shopping,-2266.51
13695,5,2025-03-23,Travel,-1453.12
13696,264,2025-02-18,Shopping,-1389.51
13697,291,2024-07-27,Shopping,-80.75
13698,435,2025-01-23,groceries,-1507.21
13699,108,2024-01-19,Travel,-2238.62
13700,77,2025-06-10,ATM Withdrawal,-715.85
13701,468,2024-10-05,Travel,-1915.99
13702,258,2024-12-22,Healthcare,-856.57
13703,13,2024-12-17,Dining,-75.65
13704,50,2024-06-19,shopping,-1115.13
13705,223,2025-01-10,ATM Withdrawal,-2624.44
13706,289,2024-08-04,shopping,-1084.72
13707,115,2025-01-05,groceries,-1622.97
13708,172,2024-02-18,shopping,-381.13
13709,345,2024-03-20,Healthcare,-1025.16
13710,453,2025-05-18,Travel,-1150.61
13711,230,2025-02-05,GROCERIES,-2666.29
13712,195,2024-03-11,GROCERIES,-527.44
13713,170,2024-04-26,Travel,-606.74
13714,64,2024-10-24,Dining,-2169.14
13715,25,2024-01-04,Transfer,-5339.51
13716,391,2024-08-06,Healthcare,-1591.67
13717,18,2024-06-26,Healthcare,-627.14
13718,385,2024-03-14,Travel,-647.1
13719,116,2024-06-12,Shopping,-2167.64
13720,326,2024-06-08,Utilities,-1304.53
13721,446,2024-02-06,Groceries,-50.72
13722,351,2024-12-11,Shopping,-1900.29
13723,342,2024-05-28,Dining,-3008.31
13724,124,2024-01-18,GROCERIES,-2273.34
13725,280,2024-01-13,Transfer,11242.82
13726,301,2025-06-10,Transfer,5748.62
13727,200,2024-03-05,Entertainment,-1519.36
13728,18,2025-05-10,Utilities,-1094.91
13729,428,2024-03-31,Entertainment,-905.03
13730,93,2024-02-16,Travel,-1463.58
13731,456,2024-10-24,GROCERIES,-2723.24
13732,437,2025-04-18,Shopping,-255.1
13733,9,2024-02-09,Shopping,-2013.34
13734,346,2024-06-28,Travel,-1209.87
13735,297,2025-02-14,Transfer,-4908.53
13736,108,2024-02-06,Utilities,-1015.07
13737,381,2024-04-02,Entertainment,-1379.12
13738,53,2024-06-15,GROCERIES,-1776.7
13739,117,2025-03-15,ATM Withdrawal,-2056.53
13740,445,2025-03-16,Entertainment,-1086.69
13741,348,2025-01-21,shopping,-115.06
13742,53,2024-12-28,Entertainment,-84.17
13743,68,2024-01-15,ATM Withdrawal,-2135.04
13744,121,2024-05-10,Groceries,-955.82
13745,34,2025-05-17,ATM Withdrawal,-277.7
13746,86,2025-01-26,ATM Withdrawal,-532.42
13747,268,2024-05-11,groceries,-1115.49
13748,4,2025-01-20,Travel,-44.97
13749,135,2025-01-29,groceries,-1171.97
13750,148,2025-02-08,Utilities,-2327.75
13751,455,2025-06-18,Healthcare,-1093.18
13752,456,2024-10-21,Healthcare,-390.82
13753,396,2024-02-02,ATM Withdrawal,-1981.0
13754,161,2025-03-22,Utilities,-2199.17
13755,247,2024-01-09,Travel,-2246.63
13756,237,2024-12-15,Groceries,-1253.09
13757,403,2025-03-10,Utilities,-3298.33
13758,350,2024-03-09,Transfer,-13969.39
13759,425,2025-03-10,shopping,-2416.43
13760,258,2025-03-17,shopping,-2278.66
13761,431,2024-12-22,Groceries,-639.61
13762,349,2024-06-25,Entertainment,-346.8
13763,346,2024-04-20,Utilities,-1303.96
13764,310,2025-01-19,Travel,-1026.73
13765,158,2024-03-26,Utilities,-716.18
13766,285,2025-01-02,Utilities,-1082.87
13767,167,2024-04-02,shopping,-1021.76
13768,305,2024-07-02,Salary Credit,39878.93
13769,120,2024-10-03,shopping,-1791.47
13770,375,2024-03-29,groceries,-523.49
13771,268,2025-03-09,Healthcare,-1161.17
13772,333,2025-01-13,ATM Withdrawal,-107.04
13773,104,2024-01-09,Entertainment,-1290.08
13774,371,2025-04-07,dining ,-1381.19
13775,376,2025-01-25,Healthcare,-334.8
13776,69,2025-04-01,ATM Withdrawal,-1263.42
13777,164,2024-11-23,Shopping,-1111.96
13778,318,2024-12-07,GROCERIES,-785.31
13779,409,2024-07-28,Dining,-793.81
13780,345,2024-05-03,Transfer,6343.38
13781,221,2024-05-08,Travel,-1225.5
13782,141,2024-06-21,ATM Withdrawal,-2061.88
13783,426,2024-06-07,ATM Withdrawal,-267.27
13784,410,2025-02-15,Transfer,3156.77
13785,420,2024-10-12,Travel,-1254.42
13786,143,2024-08-11,Entertainment,-1442.26
13787,205,2025-01-30,Utilities,-136.28
13788,115,2025-02-03,Transfer,6779.05
13789,447,2025-05-24,Travel,-3146.51
13790,406,2024-06-17,dining ,-1353.56
13791,82,2024-05-12,Utilities,-418.97
13792,116,2024-01-04,Transfer,4027.49
13793,259,2024-03-28,Salary Credit,39661.73
13794,195,2024-11-24,GROCERIES,-1850.45
13795,216,2025-03-17,Groceries,-440.84
13796,173,2024-11-23,ATM Withdrawal,-1445.23
13797,316,2025-06-24,Dining,-2361.43
13798,421,2024-12-08,Dining,-2303.4
13799,430,2025-04-26,ATM Withdrawal,-2122.06
13800,214,2024-05-26,Utilities,-605.9
13801,388,2024-06-25,Groceries,-2511.79
13802,325,2025-03-18,Travel,-1529.96
13803,93,2024-12-26,Shopping,-2480.94
13804,372,2024-09-22,Salary Credit,53652.49
13805,164,2025-06-04,Groceries,-1482.96
13806,294,2025-02-19,shopping,-979.75
13807,338,2024-06-09,Utilities,-3327.7
13808,442,2024-11-29,Travel,-401.89
13809,444,2024-08-03,groceries,-1043.88
13810,376,2024-08-14,Utilities,-64.87
13811,237,2025-03-14,Salary Credit,45935.94
13812,188,2025-01-05,GROCERIES,-1521.04
13813,207,2024-01-07,Healthcare,-621.36
13814,445,2024-11-09,Healthcare,-689.05
13815,96,2024-12-18,Utilities,-11.45
13816,246,2024-10-05,ATM Withdrawal,-1606.72
13817,319,2024-06-12,Salary Credit,41269.36
13818,11,2024-12-19,dining ,-1580.17
13819,298,2025-05-31,Travel,-728.61
13820,122,2024-02-16,Healthcare,-1422.45
13821,132,2024-11-24,Groceries,-1865.62
13822,291,2025-05-11,shopping,-1630.65
13823,5,2024-08-06,shopping,-1389.58
13824,74,2024-07-01,dining ,-1106.93
13825,213,2024-05-14,shopping,-1629.47
13826,274,2024-05-02,Entertainment,-657.57
13827,52,2024-08-01,groceries,-1023.98
13828,170,2025-02-24,dining ,-1511.93
13829,144,2024-04-09,dining ,-2583.48
13830,251,2024-05-06,Transfer,-3164.05
13831,141,2025-06-28,shopping,-403.31
13832,1,2025-06-26,shopping,-1456.69
13833,249,2024-05-03,Transfer,7435.31
13834,398,2024-08-17,Healthcare,-1219.67
13835,274,2024-08-07,dining ,-2303.07
13836,170,2024-06-10,Transfer,430.46
13837,226,2024-03-24,Travel,-2110.3
13838,66,2024-02-03,GROCERIES,-917.23
13839,111,2024-11-30,Dining,-1766.99
13840,205,2024-01-23,Travel,-2107.18
13841,278,2024-12-04,Entertainment,-1374.34
13842,228,2024-02-21,Shopping,-1263.13
13843,451,2024-03-25,Salary Credit,41868.05
13844,299,2024-01-03,Groceries,-2722.35
13845,11,2024-08-04,groceries,-1510.03
13846,246,2024-06-27,Healthcare,-1400.11
13847,273,2024-06-30,Transfer,3492.48
13848,21,2024-06-18,Shopping,-975.2
13849,181,2025-05-26,Dining,-2043.69
13850,408,2024-08-22,groceries,-2796.92
13851,168,2025-03-17,Healthcare,-1240.08
13852,214,2024-05-06,GROCERIES,-1547.93
13853,104,2024-09-20,Dining,-229.58
13854,37,2024-02-04,ATM Withdrawal,-2353.99
13855,149,2024-05-20,Healthcare,-225.16
13856,362,2024-02-08,Groceries,-714.51
13857,461,2024-01-12,Transfer,-5565.21
13858,309,2024-04-09,Utilities,-615.87
13859,389,2024-03-27,ATM Withdrawal,-545.57
13860,304,2024-06-21,groceries,-87.86
13861,309,2025-02-09,Entertainment,-1288.6
13862,200,2024-03-21,ATM Withdrawal,-2546.65
13863,29,2024-11-28,Healthcare,-2474.22
13864,193,2024-07-17,Shopping,-1543.82
13865,405,2024-08-07,Entertainment,-1341.05
13866,252,2025-05-17,Shopping,-1917.88
13867,357,2024-09-10,shopping,-2393.1
13868,24,2024-05-22,Groceries,-1305.35
13869,95,2024-05-09,Transfer,5610.65
13870,140,2024-04-01,Travel,-2108.64
13871,169,2025-03-13,Salary Credit,34052.17
13872,463,2024-12-28,ATM Withdrawal,-1214.75
13873,217,2024-05-25,Transfer,-6201.8
13874,310,2024-09-24,shopping,-503.94
13875,302,2024-10-02,Salary Credit,52337.11
13876,197,2024-01-26,Shopping,-2168.56
13877,453,2025-05-10,Salary Credit,29431.13
13878,105,2025-03-05,Travel,-827.98
13879,17,2024-10-18,Transfer,-2333.44
13880,349,2025-01-24,Transfer,2747.14
13881,306,2024-02-29,Shopping,-729.83
13882,122,2025-06-16,groceries,-1748.95
13883,407,2024-12-15,Travel,-2322.69
13884,76,2025-05-26,Transfer,-2258.42
13885,118,2025-04-16,Entertainment,-1911.93
13886,73,2024-11-14,dining ,-1743.6
13887,88,2024-06-06,Healthcare,-1439.81
13888,342,2025-01-08,Utilities,-2315.92
13889,330,2024-10-06,Entertainment,-1320.18
13890,301,2024-08-11,Healthcare,-1353.59
13891,403,2025-01-22,shopping,-368.62
13892,33,2025-04-29,Healthcare,-2652.53
13893,291,2024-04-03,shopping,-1503.27
13894,54,2024-10-28,Travel,-1897.6
13895,448,2025-02-28,Transfer,-1028.63
13896,297,2024-06-26,Groceries,-1660.6
13897,356,2024-07-05,Dining,-1678.54
13898,268,2024-01-06,Dining,-1059.99
13899,180,2024-06-25,Salary Credit,34654.6
13900,322,2024-11-15,ATM Withdrawal,-1144.7
13901,392,2025-06-13,Transfer,2905.34
13902,84,2024-10-13,Entertainment,-2244.03
13903,409,2024-06-07,Entertainment,-1278.07
13904,341,2025-03-18,ATM Withdrawal,-1127.21
13905,41,2024-04-12,Entertainment,-142.09
13906,439,2024-04-11,Utilities,-1158.78
13907,85,2024-10-11,ATM Withdrawal,-1064.84
13908,282,2025-03-20,groceries,-316.53
13909,61,2024-04-25,GROCERIES,-2176.5
13910,92,2024-01-09,Dining,-2133.42
13911,301,2025-01-29,groceries,-502.96
13912,319,2024-11-16,Healthcare,-1556.25
13913,322,2025-01-08,shopping,-467.45
13914,161,2024-08-04,Entertainment,-1486.42
13915,384,2024-03-05,Shopping,-1903.21
13916,24,2024-06-29,ATM Withdrawal,-189.5
13917,400,2024-09-13,Utilities,-1213.52
13918,142,2024-08-24,Healthcare,-1314.85
13919,291,2025-04-29,groceries,-3800.21
13920,424,2024-05-01,ATM Withdrawal,-3522.73
13921,120,2024-06-18,Healthcare,-1489.73
13922,193,2024-04-09,Transfer,-3008.92
13923,388,2024-11-07,Transfer,8378.8
13924,405,2025-03-14,Utilities,-306.57
13925,111,2025-04-26,shopping,-682.29
13926,239,2024-05-04,groceries,-168.63
13927,156,2024-08-22,Travel,-1886.11
13928,242,2025-02-05,groceries,-1938.57
13929,178,2024-01-25,Transfer,6326.88
13930,3,2025-01-22,Healthcare,-2199.68
13931,433,2024-03-14,ATM Withdrawal,-1036.57
13932,299,2024-01-19,Transfer,-6155.29
13933,217,2024-03-02,Shopping,-2740.16
13934,51,2025-04-25,Dining,-1570.03
13935,34,2025-01-06,ATM Withdrawal,-1113.83
13936,225,2025-03-06,Utilities,-1562.55
13937,304,2025-01-11,Shopping,-2480.58
13938,122,2025-03-09,Entertainment,-876.16
13939,349,2024-09-27,Travel,-796.87
13940,184,2025-03-17,Utilities,-773.37
13941,6,2024-01-31,groceries,-1933.74
13942,252,2024-11-13,ATM Withdrawal,-498.67
13943,85,2025-02-15,dining ,-1776.6
13944,7,2025-06-25,Salary Credit,33231.18
13945,61,2024-07-14,Utilities,-966.27
13946,134,2024-04-07,Transfer,-4825.23
13947,241,2025-01-27,Entertainment,-2809.09
13948,464,2024-02-09,Dining,-2073.27
13949,103,2025-02-27,Transfer,3444.23
13950,27,2025-01-18,Dining,-593.21
13951,90,2025-01-11,Groceries,-190.0
13952,150,2024-06-09,Travel,-2654.16
13953,97,2024-03-06,Utilities,-519.55
13954,151,2024-11-27,Healthcare,-2748.77
13955,454,2024-07-16,Transfer,-5297.85
13956,178,2024-08-01,Entertainment,-1125.76
13957,298,2024-04-12,Groceries,-1287.83
13958,321,2024-06-30,ATM Withdrawal,-2288.99
13959,61,2025-03-29,Salary Credit,38164.77
13960,116,2025-05-01,GROCERIES,-1657.37
13961,195,2024-07-09,Transfer,-6209.89
13962,216,2024-03-18,Entertainment,-1015.99
13963,7,2024-01-19,Entertainment,-875.12
13964,302,2024-04-12,Healthcare,-1672.72
13965,141,2024-01-06,GROCERIES,-42.52
13966,151,2024-12-29,,-2454.54
13967,283,2024-12-16,Healthcare,-1297.16
13968,445,2025-03-02,ATM Withdrawal,-705.47
13969,405,2024-06-30,dining ,-1531.73
13970,459,2025-03-29,Travel,-574.95
13971,194,2024-04-02,GROCERIES,-1270.96
13972,57,2024-05-05,groceries,-1276.52
13973,102,2025-05-14,Entertainment,-2332.34
13974,161,2025-04-25,Healthcare,-1450.96
13975,141,2024-11-22,Entertainment,-192.36
13976,98,2024-11-28,dining ,-1723.08
13977,71,2025-01-16,Salary Credit,50768.11
13978,88,2025-03-24,Shopping,-251.03
13979,309,2024-05-06,shopping,-130.63
13980,230,2024-02-07,Travel,-3008.85
13981,18,2024-04-10,Healthcare,-901.47
13982,264,2024-07-13,Transfer,4075.38
13983,395,2024-05-08,Transfer,3077.52
13984,200,2024-10-13,Groceries,-395.28
13985,150,2024-03-16,Travel,-189.98
13986,128,2024-11-10,shopping,-624.94
13987,178,2025-01-22,ATM Withdrawal,-747.32
13988,131,2024-02-23,Entertainment,-507.54
13989,433,2024-06-05,Dining,-142.71
13990,465,2024-10-20,groceries,-701.82
13991,161,2024-02-06,Entertainment,-2203.73
13992,433,2024-12-28,Shopping,-595.27
13993,400,2025-02-14,Shopping,-1035.92
13994,36,2024-07-16,Entertainment,-2499.46
13995,230,2024-01-05,ATM Withdrawal,-581.35
13996,308,2024-09-29,ATM Withdrawal,-3951.4
13997,198,2025-04-18,Dining,-2002.76
13998,214,2024-06-08,Salary Credit,45618.09
13999,232,2025-04-07,shopping,-976.75
14000,323,2025-04-19,Salary Credit,55736.71
14001,138,2024-06-02,shopping,-576.13
14002,280,2024-11-22,GROCERIES,-810.58
14003,114,2024-01-23,Utilities,-2646.55
14004,417,2024-10-27,shopping,-862.04
14005,40,2025-04-24,Shopping,-779.98
14006,32,2025-05-29,groceries,-603.83
14007,18,2024-04-18,Entertainment,-539.14
14008,164,2024-12-28,Utilities,-2113.35
14009,284,2024-02-05,shopping,-1161.31
14010,462,2024-06-01,ATM Withdrawal,-2162.69
14011,213,2025-03-31,ATM Withdrawal,-1048.0
14012,86,2024-12-15,Travel,-820.12
14013,173,2024-08-01,GROCERIES,-602.92
14014,60,2025-06-08,Dining,-1815.58
14015,221,2025-02-17,dining ,-476.22
14016,342,2024-01-13,Dining,-1546.05
14017,17,2024-02-13,Salary Credit,45304.97
14018,364,2024-12-07,shopping,-261.64
14019,107,2025-04-22,Dining,-796.56
14020,315,2024-03-26,ATM Withdrawal,-1209.06
14021,382,2024-10-20,GROCERIES,-920.56
14022,364,2025-03-20,Entertainment,-2905.74
14023,314,2025-04-14,shopping,-1411.51
14024,325,2024-12-15,Shopping,-1023.51
14025,88,2025-06-28,Utilities,-873.2
14026,64,2025-05-25,Shopping,-993.68
14027,179,2025-03-30,Travel,-652.97
14028,285,2024-12-30,Healthcare,-459.21
14029,290,2025-06-21,GROCERIES,-1738.75
14030,364,2024-01-10,Shopping,-2586.0
14031,145,2024-02-18,Transfer,-3647.87
14032,406,2024-10-05,Shopping,-1586.44
14033,211,2024-12-31,shopping,-602.15
14034,116,2025-05-07,Entertainment,-1293.39
14035,345,2025-01-04,Travel,-22.36
14036,60,2024-05-06,groceries,-431.85
14037,190,2025-05-10,Entertainment,-399.74
14038,366,2024-02-15,groceries,-1069.3
14039,361,2024-02-21,Transfer,1721.54
14040,121,2025-01-27,groceries,-33.06
14041,78,2025-06-09,Groceries,-1042.91
14042,15,2024-09-30,Utilities,-486.72
14043,42,2024-03-14,Entertainment,-678.8
14044,387,2024-01-26,groceries,-1438.03
14045,367,2025-06-17,dining ,-461.04
14046,237,2024-06-01,Utilities,-1127.93
14047,267,2024-12-14,groceries,-3123.0
14048,153,2024-06-27,GROCERIES,-857.1
14049,90,2024-04-26,Entertainment,-1015.03
14050,6,2024-12-29,ATM Withdrawal,-1542.41
14051,315,2025-02-06,Utilities,-464.05
14052,17,2024-09-14,Dining,-667.43
14053,50,2024-10-03,groceries,-1114.13
14054,371,2024-09-22,Utilities,-1374.68
14055,273,2024-11-18,Utilities,-362.59
14056,230,2025-03-15,Entertainment,-1702.33
14057,103,2025-01-22,dining ,-2591.99
14058,71,2024-05-31,Travel,-521.73
14059,219,2024-05-14,ATM Withdrawal,-1552.38
14060,168,2025-01-01,Utilities,-1117.79
14061,250,2024-12-17,Transfer,-4108.77
14062,78,2024-07-19,ATM Withdrawal,-1493.65
14063,109,2025-04-02,GROCERIES,-2441.34
14064,53,2024-08-16,Entertainment,-1431.4
14065,199,2024-07-02,Utilities,-2063.26
14066,130,2024-10-29,GROCERIES,-1164.91
14067,105,2024-04-15,ATM Withdrawal,-1528.57
14068,258,2025-01-14,ATM Withdrawal,-710.5
14069,233,2025-05-03,Groceries,-1234.11
14070,99,2025-05-30,Utilities,-955.24
14071,328,2024-08-31,Entertainment,-1296.14
14072,161,2024-05-26,ATM Withdrawal,-289.71
14073,160,2024-09-18,shopping,-196.4
14074,224,2024-02-26,Shopping,-2269.31
14075,66,2024-12-29,Salary Credit,56152.59
14076,197,2024-08-21,ATM Withdrawal,-358.32
14077,273,2024-03-07,Groceries,-689.69
14078,61,2024-10-24,Utilities,-526.94
14079,265,2025-01-26,Shopping,-1428.01
14080,19,2024-05-04,ATM Withdrawal,-1124.61
14081,283,2024-08-08,ATM Withdrawal,-1812.22
14082,17,2025-04-30,Salary Credit,34189.94
14083,82,2025-01-21,Shopping,-1514.95
14084,164,2025-03-11,Utilities,-899.53
14085,288,2024-09-02,Transfer,6838.6
14086,337,2024-09-26,Entertainment,-536.48
14087,220,2024-09-27,Transfer,-6325.15
14088,62,2024-09-02,Entertainment,-977.57
14089,182,2024-03-19,Entertainment,-1109.36
14090,369,2024-01-23,dining ,-2402.71
14091,43,2025-03-29,Shopping,-1263.81
14092,335,2024-10-19,Shopping,-2950.48
14093,181,2024-10-17,shopping,-896.78
14094,2,2024-11-20,Transfer,1665.19
14095,326,2024-08-12,Utilities,-364.72
14096,13,2025-04-30,dining ,-609.98
14097,173,2024-09-13,Utilities,-2030.32
14098,92,2024-09-30,Groceries,-834.0
14099,274,2024-10-16,Travel,-172.59
14100,27,2024-03-26,groceries,-1793.75
14101,43,2024-04-04,groceries,-135.86
14102,249,2024-04-08,Shopping,-2704.81
14103,466,2024-05-18,Salary Credit,34671.7
14104,19,2024-03-28,Salary Credit,42701.5
14105,216,2024-05-02,GROCERIES,-2931.97
14106,376,2025-05-26,Healthcare,-907.85
14107,137,2024-07-15,groceries,-1581.27
14108,231,2025-03-08,ATM Withdrawal,-1101.43
14109,393,2024-08-02,Entertainment,-1198.81
14110,341,2025-03-25,Entertainment,-463.36
14111,138,2025-02-14,Shopping,-1607.87
14112,352,2025-04-03,Utilities,-2394.6
14113,317,2024-06-06,Transfer,826.27
14114,238,2024-02-22,Salary Credit,37605.26
14115,207,2024-06-16,Transfer,2338.09
14116,434,2025-01-17,Travel,-1778.41
14117,410,2024-12-22,Entertainment,-654.61
14118,464,2025-01-18,Entertainment,-1272.86
14119,317,2025-06-25,ATM Withdrawal,-2541.99
14120,169,2024-05-02,Healthcare,-415.34
14121,52,2024-08-30,Shopping,-1485.3
14122,59,2024-09-24,dining ,-1089.54
14123,446,2024-03-22,ATM Withdrawal,-1092.2
14124,170,2024-12-27,ATM Withdrawal,-385.44
14125,52,2024-01-27,Shopping,-857.47
14126,105,2025-05-04,Dining,-1192.86
14127,10,2024-02-18,Salary Credit,43527.33
14128,249,2024-03-01,Dining,-1827.4
14129,277,2024-04-04,Transfer,-1718.05
14130,178,2025-05-01,Entertainment,-57.16
14131,349,2025-04-14,Dining,-605.58
14132,225,2025-05-17,Transfer,7269.35
14133,450,2025-03-30,dining ,-143.98
14134,358,2025-05-18,Shopping,-63.7
14135,36,2024-09-13,Entertainment,-2899.7
14136,129,2024-01-03,GROCERIES,-2349.64
14137,353,2024-08-26,GROCERIES,-2400.38
14138,252,2024-04-30,Healthcare,-1514.29
14139,353,2024-05-13,dining ,-1834.85
14140,157,2025-01-11,Utilities,-941.66
14141,18,2024-03-31,Shopping,-81.36
14142,368,2024-06-24,Groceries,-35.86
14143,368,2024-08-02,dining ,-1202.87
14144,300,2024-02-03,Transfer,7775.02
14145,190,2025-01-17,shopping,-1049.27
14146,4,2025-02-19,Travel,-1748.11
14147,341,2024-10-31,ATM Withdrawal,-1119.26
14148,309,2024-01-16,Utilities,-1473.94
14149,313,2025-03-04,Travel,-1893.76
14150,80,2024-08-31,Healthcare,-2397.77
14151,343,2024-05-25,Transfer,-10818.13
14152,340,2025-05-31,Shopping,-990.21
14153,402,2025-04-13,Shopping,-2391.33
14154,266,2024-08-27,Transfer,6747.52
14155,343,2024-08-29,Salary Credit,30355.23
14156,188,2025-05-11,Utilities,-2472.27
14157,327,2024-04-14,Travel,-373.63
14158,325,2024-08-10,Dining,-976.03
14159,365,2024-11-06,Healthcare,-1985.83
14160,401,2024-07-07,ATM Withdrawal,-529.92
14161,2,2024-06-21,Travel,-1136.03
14162,365,2024-02-28,Utilities,-1791.49
14163,371,2024-05-25,Entertainment,-460.01
14164,256,2024-07-14,Utilities,-987.74
14165,244,2025-04-01,Transfer,7891.88
14166,339,2024-07-02,Transfer,-9704.96
14167,214,2024-03-28,Entertainment,-209.96
14168,194,2025-04-06,Travel,-1269.95
14169,376,2024-07-10,Transfer,5093.07
14170,370,2025-05-16,Utilities,-2790.05
14171,97,2024-02-29,Healthcare,-1541.84
14172,388,2024-01-12,groceries,-693.26
14173,153,2025-05-17,shopping,-31.43
14174,65,2024-02-23,Shopping,-2099.18
14175,412,2024-01-05,Entertainment,-786.73
14176,112,2024-12-16,Dining,-501.61
14177,95,2024-06-21,GROCERIES,-1473.59
14178,127,2024-09-21,Transfer,-6737.0
14179,231,2024-08-10,Utilities,-868.33
14180,78,2024-06-10,Utilities,-348.66
14181,75,2024-09-19,GROCERIES,-2431.7
14182,184,2024-05-21,Entertainment,-1815.18
14183,102,2024-05-02,,52898.02
14184,91,2024-05-02,ATM Withdrawal,-878.73
14185,427,2024-03-05,Entertainment,-453.3
14186,279,2024-10-13,Transfer,-429.06
14187,7,2024-10-25,shopping,-898.93
14188,48,2024-01-10,Dining,-592.18
14189,381,2024-09-07,ATM Withdrawal,-1130.07
14190,127,2025-02-06,ATM Withdrawal,-1244.13
14191,72,2024-01-01,groceries,-1281.64
14192,312,2024-06-12,,-673.18
14193,393,2025-06-07,Utilities,-130.58
14194,187,2024-08-20,Travel,-97.97
14195,348,2024-01-10,shopping,-1375.83
14196,198,2024-10-14,Entertainment,-1321.82
14197,51,2024-08-11,Dining,-52.87
14198,374,2024-04-25,Utilities,-2483.82
14199,431,2024-02-10,Shopping,-1951.28
14200,461,2025-04-26,Healthcare,-280.66
14201,47,2025-03-18,Travel,-1438.93
14202,265,2025-01-06,Travel,-1076.83
14203,292,2024-01-10,Healthcare,-1437.23
14204,38,2025-04-19,ATM Withdrawal,-1354.79
14205,446,2024-09-14,Dining,-1804.5
14206,49,2024-09-16,Dining,-2531.27
14207,126,2025-04-23,Salary Credit,47393.46
14208,454,2024-08-23,Shopping,-1679.66
14209,261,2024-05-08,GROCERIES,-2518.34
14210,318,2024-05-09,Travel,-715.93
14211,232,2025-05-20,,-360.24
14212,353,2024-10-23,ATM Withdrawal,-1804.76
14213,39,2024-11-11,shopping,-99.39
14214,317,2024-11-19,Dining,-473.15
14215,32,2024-04-30,Utilities,-2554.49
14216,85,2024-08-16,Healthcare,-346.1
14217,237,2025-06-02,ATM Withdrawal,-1472.57
14218,210,2024-03-20,Utilities,-97.99
14219,72,2025-06-02,ATM Withdrawal,-1569.47
14220,374,2024-05-28,groceries,-2849.17
14221,142,2024-06-10,Travel,-288.54
14222,406,2024-01-08,Dining,-692.99
14223,8,2024-12-27,Entertainment,-1520.94
14224,112,2024-06-22,ATM Withdrawal,-635.18
14225,139,2024-09-07,Shopping,-1034.32
14226,279,2024-11-12,Travel,-1528.24
14227,188,2024-12-11,Entertainment,-1706.64
14228,74,2025-06-04,dining ,-1715.49
14229,268,2024-10-29,Groceries,-1175.29
14230,449,2024-04-06,Entertainment,-1592.15
14231,63,2025-01-18,Entertainment,-1030.82
14232,119,2024-01-31,dining ,-903.92
14233,224,2025-04-04,Dining,-1185.35
14234,341,2024-06-10,ATM Withdrawal,-1719.53
14235,64,2025-01-28,groceries,-617.68
14236,109,2024-03-26,Salary Credit,46718.57
14237,111,2024-08-09,ATM Withdrawal,-786.88
14238,289,2025-01-14,Salary Credit,39112.36
14239,39,2024-12-04,Travel,-2146.27
14240,309,2024-01-04,Transfer,6113.37
14241,200,2024-01-19,Entertainment,-1542.31
14242,154,2025-06-18,ATM Withdrawal,-349.18
14243,404,2024-10-15,Travel,-978.06
14244,384,2025-04-11,Healthcare,-1740.67
14245,376,2024-02-09,Travel,-1534.99
14246,415,2024-09-24,groceries,-3508.14
14247,110,2024-11-10,Dining,-1397.91
14248,401,2025-05-16,Utilities,-601.52
14249,83,2025-01-22,Dining,-808.36
14250,155,2024-12-08,Transfer,-3060.9
14251,260,2024-06-08,Groceries,-1289.75
14252,349,2025-06-25,Travel,-782.61
14253,271,2024-06-27,Entertainment,-2402.47
14254,262,2024-05-31,Groceries,-1992.91
14255,177,2025-01-29,shopping,-1977.66
14256,278,2025-06-27,Healthcare,-973.3
14257,223,2025-04-11,Groceries,-2022.44
14258,224,2024-04-08,Utilities,-2120.81
14259,275,2025-03-20,groceries,-2636.27
14260,281,2024-07-11,ATM Withdrawal,-712.98
14261,155,2024-04-30,Travel,-1210.45
14262,64,2025-05-24,Healthcare,-524.25
14263,141,2025-06-01,ATM Withdrawal,-3575.36
14264,192,2024-07-20,Salary Credit,43385.06
14265,76,2024-01-15,Entertainment,-2348.23
14266,84,2024-04-24,Groceries,-1340.94
14267,446,2024-10-21,Transfer,-7638.28
14268,132,2024-02-02,ATM Withdrawal,-1186.96
14269,346,2024-05-03,ATM Withdrawal,-2030.85
14270,60,2024-03-22,Salary Credit,47210.53
14271,456,2025-06-02,GROCERIES,-2734.65
14272,100,2024-07-12,Transfer,2832.6
14273,185,2024-07-26,Salary Credit,49144.84
14274,366,2024-08-17,Transfer,5027.76
14275,95,2024-01-08,Entertainment,-312.07
14276,258,2024-10-22,shopping,-1541.31
14277,368,2025-05-12,Healthcare,-644.88
14278,12,2025-03-19,Groceries,-987.81
14279,12,2024-05-16,GROCERIES,-1236.98
14280,370,2024-01-08,Utilities,-624.6
14281,123,2025-02-25,dining ,-811.8
14282,426,2025-04-03,Shopping,-2031.43
14283,435,2025-05-17,Utilities,-1026.95
14284,413,2024-11-10,ATM Withdrawal,-511.6
14285,467,2024-09-15,Healthcare,-1126.49
14286,386,2025-02-16,Transfer,4106.52
14287,180,2025-01-11,Travel,-961.07
14288,465,2025-02-16,Healthcare,-798.33
14289,162,2024-06-03,Transfer,-6861.85
14290,275,2025-05-07,Transfer,6638.8
14291,3,2024-01-21,dining ,-958.87
14292,451,2024-02-20,ATM Withdrawal,-2327.82
14293,277,2024-12-22,groceries,-763.22
14294,445,2024-11-07,Dining,-200.32
14295,166,2024-10-28,groceries,-1756.95
14296,147,2025-05-10,ATM Withdrawal,-1643.48
14297,245,2025-04-19,groceries,-1570.69
14298,405,2025-01-26,Travel,-1961.83
14299,257,2024-03-30,Salary Credit,36985.34
14300,371,2024-02-22,Utilities,-490.45
14301,101,2024-03-17,Utilities,-2387.72
14302,364,2024-11-30,Entertainment,-1591.96
14303,343,2025-01-23,Entertainment,-789.91
14304,420,2025-03-11,Entertainment,-387.25
14305,27,2024-02-26,ATM Withdrawal,-80.18
14306,180,2024-05-29,Utilities,-338.3
14307,42,2024-07-03,groceries,-694.9
14308,188,2024-12-10,Shopping,-1474.95
14309,356,2024-01-26,Entertainment,-29.24
14310,300,2025-04-03,dining ,-724.96
14311,353,2024-02-13,Dining,-62.87
14312,346,2024-10-12,Transfer,3735.9
14313,465,2025-05-23,shopping,-3346.19
14314,412,2024-04-15,Travel,-2270.33
14315,275,2025-01-09,Entertainment,-1716.19
14316,410,2024-10-26,shopping,-729.97
14317,23,2025-03-22,Entertainment,-230.77
14318,338,2024-11-16,Utilities,-1121.99
14319,245,2025-04-07,Travel,-198.11
14320,448,2024-08-07,groceries,-1783.31
14321,236,2024-03-30,Utilities,-1021.6
14322,84,2025-01-05,dining ,-1175.22
14323,339,2025-06-11,groceries,-297.78
14324,445,2024-08-24,Dining,-1244.83
14325,8,2025-03-22,Shopping,-984.86
14326,31,2025-04-23,Dining,-339.01
14327,310,2024-12-17,Groceries,-1402.01
14328,261,2025-03-07,Shopping,-841.34
14329,257,2024-11-02,Groceries,-1465.22
14330,43,2025-03-14,Groceries,-1756.48
14331,268,2024-07-02,Healthcare,-223.65
14332,266,2024-10-13,shopping,-1296.31
14333,398,2024-02-12,Transfer,-8731.01
14334,183,2024-04-17,dining ,-1956.89
14335,163,2024-11-11,shopping,-886.5
14336,39,2025-01-29,Groceries,-816.85
14337,266,2024-01-17,Travel,-1334.68
14338,304,2024-02-07,Transfer,-1629.1
14339,132,2024-01-04,Entertainment,-323.74
14340,343,2024-10-09,shopping,-778.9
14341,440,2024-07-01,Utilities,-943.48
14342,82,2024-01-29,ATM Withdrawal,-309.3
14343,269,2025-03-08,Salary Credit,42341.95
14344,325,2024-10-14,Shopping,-3680.39
14345,9,2024-01-06,Shopping,-620.28
14346,84,2025-01-08,Shopping,-1794.2
14347,186,2025-05-11,Utilities,-1021.73
14348,65,2024-08-16,shopping,-1595.96
14349,167,2025-06-01,GROCERIES,-225.74
14350,69,2024-08-15,shopping,-191.07
14351,420,2024-02-12,Shopping,-2439.62
14352,281,2024-03-07,Travel,-2.93
14353,155,2024-02-06,Utilities,-2535.26
14354,365,2024-06-13,Salary Credit,42031.97
14355,9,2024-07-28,Shopping,-455.64
14356,280,2024-08-30,Groceries,-735.24
14357,320,2024-09-18,Travel,-2641.96
14358,379,2025-04-15,GROCERIES,-571.35
14359,105,2024-01-07,Travel,-856.11
14360,277,2025-05-04,shopping,-2077.72
14361,360,2024-05-10,Travel,-1626.38
14362,374,2025-06-03,Utilities,-3069.73
14363,83,2024-03-14,Utilities,-2248.78
14364,458,2024-02-24,Travel,-573.36
14365,129,2024-03-07,GROCERIES,-2372.31
14366,183,2024-06-10,Healthcare,-529.98
14367,90,2025-05-28,shopping,-1893.21
14368,71,2024-09-09,Salary Credit,39762.64
14369,120,2024-03-31,dining ,-1736.05
14370,64,2024-12-15,Entertainment,-2967.17
14371,343,2024-10-03,Shopping,-303.36
14372,280,2025-01-18,Travel,-2030.62
14373,183,2025-02-08,ATM Withdrawal,-1956.12
14374,257,2025-03-04,Utilities,-1794.22
14375,283,2024-03-23,Healthcare,-317.83
14376,87,2024-09-27,dining ,-1119.45
14377,139,2024-12-09,Transfer,6290.0
14378,413,2024-10-30,Healthcare,-26.12
14379,6,2025-06-14,shopping,-806.45
14380,448,2025-06-07,Entertainment,-1767.09
14381,452,2025-03-18,GROCERIES,-540.53
14382,119,2024-05-10,Salary Credit,41829.85
14383,151,2024-10-15,Utilities,-384.13
14384,97,2025-03-14,Utilities,-1431.03
14385,263,2024-05-26,shopping,-1076.11
14386,101,2025-01-22,shopping,-540.62
14387,371,2024-05-15,Salary Credit,39954.49
14388,182,2024-03-17,Utilities,-1342.28
14389,453,2024-05-10,Travel,-247.6
14390,400,2025-05-19,dining ,-1160.14
14391,188,2025-06-26,Salary Credit,45265.5
14392,279,2025-04-11,groceries,-1340.51
14393,12,2024-05-27,Travel,-722.75
14394,32,2025-02-28,Healthcare,-1744.58
14395,237,2024-04-28,Healthcare,-2065.45
14396,222,2024-03-10,Shopping,-1782.59
14397,187,2024-05-21,Dining,-1388.84
14398,43,2024-03-17,Shopping,-83.78
14399,394,2024-12-15,shopping,-2708.02
14400,191,2025-01-07,Groceries,-1252.75
14401,220,2024-01-20,Healthcare,-1480.65
14402,189,2024-02-28,Utilities,-565.48
14403,233,2024-09-18,Travel,-1006.69
14404,304,2024-03-02,Shopping,-2261.45
14405,358,2025-03-27,Entertainment,-1904.4
14406,258,2024-08-06,Transfer,4066.16
14407,78,2024-08-12,dining ,-2574.9
14408,410,2024-01-03,ATM Withdrawal,-291.66
14409,134,2025-01-17,Entertainment,-312.76
14410,8,2025-01-28,ATM Withdrawal,-536.24
14411,19,2025-02-16,Groceries,-1915.45
14412,363,2024-10-21,Shopping,-573.54
14413,182,2024-05-26,Transfer,8283.12
14414,11,2024-02-12,Dining,-1495.87
14415,380,2024-06-20,Shopping,-132.49
14416,143,2024-10-23,ATM Withdrawal,-2661.77
14417,458,2024-03-04,Salary Credit,42672.04
14418,412,2024-01-30,groceries,-1143.35
14419,23,2024-04-28,Utilities,-558.46
14420,324,2024-02-08,Shopping,-195.92
14421,283,2024-01-08,Dining,-1407.32
14422,81,2024-09-21,Utilities,-97.25
14423,161,2025-02-10,Travel,-1125.23
14424,230,2024-09-29,groceries,-2626.86
14425,69,2024-02-19,Shopping,-1876.13
14426,338,2024-07-03,Healthcare,-1382.68
14427,130,2024-01-20,Travel,-211.53
14428,439,2024-12-04,Utilities,-1145.37
14429,376,2024-05-07,Dining,-483.55
14430,297,2024-07-30,shopping,-2498.0
14431,57,2025-05-06,shopping,-773.45
14432,12,2024-11-15,Entertainment,-492.62
14433,69,2025-02-20,Salary Credit,43258.35
14434,234,2024-07-09,Travel,-496.45
14435,366,2025-05-22,Travel,-1412.09
14436,72,2025-01-24,shopping,-2839.15
14437,332,2024-10-08,dining ,-1206.45
14438,23,2024-11-11,Travel,-369.5
14439,125,2024-12-05,Utilities,-1057.78
14440,281,2024-03-28,shopping,-56.2
14441,388,2024-05-17,Shopping,-3786.14
14442,364,2025-01-09,Transfer,10402.67
14443,250,2024-08-28,dining ,-2322.32
14444,17,2025-03-03,Entertainment,-1876.27
14445,138,2024-10-13,Shopping,-1051.06
14446,367,2024-02-05,ATM Withdrawal,-1070.93
14447,39,2024-12-28,Salary Credit,43236.93
14448,331,2024-11-28,Transfer,4423.55
14449,330,2024-07-17,ATM Withdrawal,-692.32
14450,352,2025-03-06,groceries,-1105.91
14451,102,2024-07-10,Travel,-1665.28
14452,115,2024-03-03,Healthcare,-1934.13
14453,93,2024-03-07,Shopping,-1553.99
14454,185,2025-05-06,Transfer,2627.53
14455,246,2024-07-23,Entertainment,-2524.87
14456,57,2024-08-14,Utilities,-351.72
14457,266,2024-06-15,Entertainment,-477.14
14458,112,2025-02-06,Travel,-525.34
14459,264,2024-11-26,groceries,-2820.74
14460,142,2025-05-04,ATM Withdrawal,-1188.95
14461,447,2025-05-02,Transfer,10963.72
14462,150,2025-06-23,shopping,-2324.35
14463,408,2024-06-28,Dining,-61.54
14464,82,2024-11-14,Salary Credit,46323.83
14465,40,2024-07-07,ATM Withdrawal,-2429.59
14466,89,2025-01-18,ATM Withdrawal,-1549.95
14467,197,2025-02-11,Utilities,-867.14
14468,422,2024-05-17,Utilities,-1516.38
14469,83,2025-04-13,Shopping,-1602.93
14470,367,2024-06-07,dining ,-129.51
14471,327,2025-06-19,Transfer,3299.43
14472,162,2025-04-08,GROCERIES,-1787.83
14473,158,2024-01-10,shopping,-1986.95
14474,444,2024-08-05,Entertainment,-1419.05
14475,335,2024-07-30,Shopping,-832.91
14476,112,2025-03-24,Transfer,-2737.03
14477,427,2025-01-29,dining ,-1106.34
14478,191,2024-01-28,Travel,-1965.07
14479,38,2025-04-03,ATM Withdrawal,-3385.37
14480,381,2024-04-28,Entertainment,-116.18
14481,407,2024-07-20,Salary Credit,55134.09
14482,208,2024-04-02,dining ,-1544.52
14483,330,2024-03-26,GROCERIES,-241.11
14484,110,2024-10-14,Transfer,4706.92
14485,398,2024-02-16,shopping,-1036.21
14486,173,2024-02-13,Dining,-1198.54
14487,126,2025-03-04,Shopping,-2143.0
14488,235,2024-07-06,GROCERIES,-2977.39
14489,126,2024-12-19,Groceries,-2365.57
14490,291,2025-06-21,Entertainment,-1391.53
14491,350,2024-01-28,shopping,-1491.52
14492,190,2025-03-08,dining ,-3071.06
14493,367,2024-02-29,Entertainment,-247.16
14494,202,2025-02-18,Healthcare,-2317.87
14495,455,2024-06-15,Entertainment,-167.45
14496,124,2024-03-14,ATM Withdrawal,-172.93
14497,330,2024-05-04,Healthcare,-1768.05
14498,251,2024-07-17,Dining,-291.87
14499,442,2025-02-01,Entertainment,-846.46
14500,103,2025-01-05,Utilities,-2436.84
14501,93,2025-02-01,Groceries,-377.5
14502,407,2024-01-12,GROCERIES,-2817.1
14503,422,2025-06-15,Dining,-831.8
14504,350,2024-08-24,Transfer,-847.63
14505,223,2024-03-01,Entertainment,-1025.11
14506,193,2025-05-21,groceries,-1394.17
14507,312,2025-03-08,Transfer,-4153.1
14508,350,2024-02-14,Transfer,-647.6
14509,130,2024-08-26,groceries,-2473.48
14510,4,2025-05-08,ATM Withdrawal,-93.17
14511,35,2025-01-07,groceries,-92.37
14512,162,2024-04-16,Dining,-1112.49
14513,320,2025-01-16,Shopping,-572.85
14514,207,2024-04-13,Entertainment,-1954.72
14515,290,2024-07-10,groceries,-719.79
14516,220,2024-04-16,Utilities,-1198.94
14517,118,2025-01-12,shopping,-1303.04
14518,351,2025-05-22,ATM Withdrawal,-2076.42
14519,339,2024-01-25,Entertainment,-725.08
14520,451,2024-11-25,Shopping,-304.61
14521,387,2024-05-15,Transfer,-2571.12
14522,178,2025-02-13,Salary Credit,54098.45
14523,330,2024-03-16,dining ,-1513.25
14524,165,2024-07-18,shopping,-866.63
14525,409,2024-04-22,Utilities,-1255.01
14526,286,2025-04-20,ATM Withdrawal,-960.93
14527,391,2024-02-14,Utilities,-1908.92
14528,132,2024-11-13,Dining,-1503.73
14529,7,2024-03-06,Healthcare,-949.0
14530,67,2024-11-22,Entertainment,-2025.89
14531,249,2025-02-22,Shopping,-2259.12
14532,451,2025-02-14,Transfer,-2296.83
14533,294,2024-01-19,Healthcare,-3360.9
14534,379,2025-02-25,groceries,-1763.47
14535,220,2024-06-10,Salary Credit,58354.67
14536,449,2025-01-06,dining ,-2003.13
14537,441,2025-06-09,,-6378.28
14538,102,2024-03-05,Groceries,-723.02
14539,404,2024-07-16,Transfer,6950.97
14540,9,2025-04-17,dining ,-385.56
14541,278,2024-03-18,shopping,-1066.57
14542,205,2024-05-22,Transfer,7731.04
14543,142,2024-10-26,GROCERIES,-1322.08
14544,437,2025-06-26,Entertainment,-1558.9
14545,310,2024-06-09,dining ,-2449.16
14546,65,2024-07-29,Shopping,-2538.28
14547,66,2025-03-09,ATM Withdrawal,-1149.32
14548,55,2024-03-06,GROCERIES,-2346.56
14549,143,2024-06-27,Salary Credit,37313.34
14550,33,2024-06-21,Shopping,-1404.11
14551,124,2024-08-06,Shopping,-1709.42
14552,359,2024-11-08,ATM Withdrawal,-1105.14
14553,409,2024-04-30,Travel,-1000.15
14554,368,2024-08-01,Utilities,-192.53
14555,233,2025-05-14,dining ,-1167.99
14556,326,2025-03-27,Healthcare,-247.63
14557,442,2025-06-05,Travel,-1080.14
14558,25,2025-01-06,Utilities,-1254.28
14559,424,2024-11-13,Groceries,-1870.71
14560,339,2024-04-26,Transfer,-6019.63
14561,181,2024-03-27,shopping,-1712.73
14562,210,2024-10-20,Dining,-1180.15
14563,206,2024-08-08,Entertainment,-1602.68
14564,74,2025-03-05,Healthcare,-1442.89
14565,108,2024-01-06,Entertainment,-1140.62
14566,139,2025-04-30,Shopping,-370.09
14567,3,2024-04-02,Travel,-3128.48
14568,235,2024-08-03,dining ,-1790.43
14569,224,2024-07-13,Travel,-658.56
14570,155,2025-05-18,Salary Credit,47933.02
14571,83,2025-01-27,Dining,-1839.88
14572,454,2024-01-20,shopping,-2587.01
14573,318,2025-04-09,shopping,-849.61
14574,223,2025-01-03,ATM Withdrawal,-663.58
14575,339,2024-02-07,Groceries,-752.02
14576,175,2025-03-02,Entertainment,-685.75
14577,101,2024-01-19,Shopping,-655.49
14578,316,2024-08-19,Shopping,-1368.65
14579,361,2024-03-29,Healthcare,-821.06
14580,305,2024-01-06,dining ,-1144.13
14581,266,2024-10-31,Entertainment,-2885.12
14582,2,2025-01-09,Transfer,2126.32
14583,299,2024-09-18,Healthcare,-1503.15
14584,290,2024-07-05,Travel,-177.96
14585,194,2024-10-06,Groceries,-2034.31
14586,115,2024-03-23,GROCERIES,-2207.09
14587,459,2024-01-28,Transfer,-2912.39
14588,176,2024-03-26,GROCERIES,-1800.04
14589,128,2024-01-30,Utilities,-952.96
14590,331,2025-02-23,Healthcare,-2475.44
14591,226,2024-11-27,Travel,-118.35
14592,261,2024-04-12,Dining,-2169.34
14593,304,2024-11-06,Transfer,11712.58
14594,173,2024-09-20,Utilities,-1552.88
14595,72,2024-03-01,Shopping,-626.8
14596,79,2025-06-12,dining ,-500.61
14597,440,2025-05-26,shopping,-1054.18
14598,237,2025-02-17,groceries,-1808.46
14599,196,2025-03-16,Transfer,-4070.65
14600,150,2024-10-25,Utilities,-1318.45
14601,338,2025-03-14,Utilities,-2598.74
14602,428,2024-10-14,Healthcare,-2875.53
14603,360,2024-03-31,Transfer,4605.19
14604,251,2024-04-01,Shopping,-202.47
14605,223,2025-04-10,Healthcare,-1326.13
14606,406,2024-08-31,Dining,-1358.36
14607,401,2025-02-01,Shopping,-2267.51
14608,183,2024-03-19,Entertainment,-800.68
14609,452,2024-09-01,Shopping,-309.9
14610,388,2024-02-15,Utilities,-1189.52
14611,397,2024-04-30,Transfer,3900.09
14612,27,2024-02-29,groceries,-418.53
14613,61,2024-04-23,dining ,-70.09
14614,140,2024-11-26,ATM Withdrawal,-1749.32
14615,357,2024-01-03,Groceries,-1437.61
14616,37,2024-04-15,Groceries,-476.82
14617,39,2025-01-11,Travel,-1937.94
14618,15,2024-03-22,Travel,-458.34
14619,90,2024-10-29,Shopping,-832.8
14620,431,2025-04-17,ATM Withdrawal,-1393.82
14621,338,2025-03-01,Shopping,-2197.06
14622,336,2024-03-07,ATM Withdrawal,-700.04
14623,137,2024-03-21,Groceries,-2211.63
14624,293,2025-01-19,Utilities,-613.44
14625,365,2024-07-07,Healthcare,-1939.31
14626,250,2024-08-15,Travel,-2713.95
14627,401,2024-09-16,dining ,-300.05
14628,267,2024-11-11,Healthcare,-1336.29
14629,152,2024-09-01,Travel,-1686.56
14630,299,2024-01-13,shopping,-80.17
14631,442,2024-02-21,dining ,-1589.24
14632,387,2024-01-01,ATM Withdrawal,-690.23
14633,234,2024-05-24,dining ,-441.38
14634,280,2025-03-21,Salary Credit,41613.48
14635,457,2025-06-13,Transfer,-3511.73
14636,351,2024-09-16,ATM Withdrawal,-1920.62
14637,236,2024-01-15,GROCERIES,-1199.18
14638,132,2024-02-08,groceries,-3279.65
14639,424,2025-03-20,Transfer,-6421.65
14640,458,2024-07-06,Entertainment,-1064.4
14641,34,2025-04-25,GROCERIES,-51.44
14642,15,2024-10-02,Travel,-2631.4
14643,54,2025-04-24,ATM Withdrawal,-1307.61
14644,181,2024-03-14,Transfer,-2657.12
14645,75,2025-04-12,Entertainment,-1559.87
14646,413,2024-10-24,ATM Withdrawal,-2130.07
14647,428,2024-08-26,groceries,-436.02
14648,85,2024-10-15,Transfer,8121.01
14649,389,2024-06-27,Entertainment,-1348.57
14650,67,2024-11-24,Utilities,-1698.76
14651,369,2025-02-23,Shopping,-962.35
14652,172,2025-03-17,Dining,-215.59
14653,19,2025-06-17,Utilities,-973.39
14654,201,2024-08-12,Entertainment,-695.43
14655,386,2025-02-23,groceries,-1101.89
14656,437,2025-04-29,Transfer,3350.97
14657,57,2024-01-10,GROCERIES,-1353.26
14658,392,2024-09-15,Utilities,-887.96
14659,138,2025-01-16,Shopping,-1927.97
14660,218,2024-09-06,GROCERIES,-1754.1
14661,51,2024-02-24,ATM Withdrawal,-368.01
14662,456,2024-12-23,Utilities,-2330.91
14663,370,2024-08-09,ATM Withdrawal,-549.06
14664,301,2024-12-02,Healthcare,-188.11
14665,341,2024-01-01,Travel,-2149.82
14666,409,2024-01-07,GROCERIES,-666.93
14667,68,2024-11-24,Transfer,1136.54
14668,116,2025-06-19,Utilities,-870.57
14669,18,2024-12-14,,-1096.17
14670,229,2025-05-28,Entertainment,-846.71
14671,232,2025-04-06,dining ,-737.57
14672,14,2024-06-02,Salary Credit,45327.78
14673,310,2024-02-25,dining ,-2091.03
14674,5,2024-10-31,ATM Withdrawal,-352.54
14675,372,2024-12-04,Salary Credit,24780.23
14676,331,2025-02-23,Shopping,-2315.57
14677,382,2024-10-10,Shopping,-607.52
14678,56,2025-05-16,Dining,-684.18
14679,408,2025-04-04,groceries,-709.17
14680,257,2024-11-15,Transfer,-1014.94
14681,405,2024-10-27,Entertainment,-844.58
14682,326,2024-01-11,Transfer,-6305.74
14683,308,2025-03-01,ATM Withdrawal,-707.09
14684,16,2025-01-05,Shopping,-997.24
14685,324,2025-05-03,shopping,-3.62
14686,211,2024-02-20,ATM Withdrawal,-2203.94
14687,398,2024-03-20,Groceries,-443.86
14688,321,2024-12-31,Travel,-1691.23
14689,35,2024-09-23,dining ,-557.9
14690,417,2024-11-16,Utilities,-1931.55
14691,30,2024-08-24,ATM Withdrawal,-1289.18
14692,141,2024-12-15,Utilities,-106.2
14693,102,2024-12-24,ATM Withdrawal,-146.15
14694,456,2024-04-13,Healthcare,-140.8
14695,72,2025-02-18,Entertainment,-2021.22
14696,396,2024-09-26,Transfer,1223.69
14697,104,2024-11-09,Entertainment,-867.67
14698,305,2024-12-02,Travel,-1127.76
14699,43,2025-02-09,ATM Withdrawal,-1399.8
14700,184,2024-06-12,ATM Withdrawal,-785.07
14701,292,2024-01-04,Healthcare,-217.97
14702,333,2024-04-08,shopping,-113.88
14703,409,2025-06-10,Travel,-253.23
14704,382,2024-05-01,Transfer,-6294.76
14705,243,2024-05-15,ATM Withdrawal,-1654.89
14706,142,2025-04-12,Groceries,-235.38
14707,123,2024-05-08,shopping,-2374.08
14708,465,2024-09-10,Shopping,-1104.24
14709,285,2024-07-20,Salary Credit,51779.92
14710,426,2024-12-26,Healthcare,-1898.31
14711,203,2024-11-20,Salary Credit,43926.72
14712,228,2024-10-07,Entertainment,-626.38
14713,387,2024-09-30,Utilities,-1379.14
14714,339,2025-03-30,groceries,-1673.77
14715,94,2024-11-12,Travel,-612.7
14716,246,2024-10-04,shopping,-1344.74
14717,100,2025-04-28,Transfer,-4913.98
14718,357,2024-02-20,Salary Credit,37373.73
14719,15,2025-03-30,Travel,-1110.11
14720,388,2024-04-17,shopping,-741.71
14721,435,2024-06-29,Healthcare,-1537.56
14722,11,2024-01-08,GROCERIES,-668.99
14723,296,2024-11-07,dining ,-559.5
14724,38,2025-03-29,Salary Credit,31898.1
14725,169,2024-07-27,ATM Withdrawal,-3185.8
14726,158,2024-12-27,Travel,-792.69
14727,244,2024-08-02,GROCERIES,-182.54
14728,430,2025-02-17,Shopping,-1743.16
14729,217,2025-06-28,Groceries,-1368.23
14730,187,2025-01-24,Groceries,-1693.38
14731,44,2024-07-04,Utilities,-1788.68
14732,416,2025-03-25,groceries,-2187.36
14733,148,2024-01-21,Travel,-241.72
14734,217,2025-06-21,Transfer,-262.87
14735,44,2025-04-02,Groceries,-923.95
14736,136,2024-12-22,Shopping,-1803.59
14737,259,2024-12-04,Shopping,-394.31
14738,422,2024-05-17,Groceries,-3207.78
14739,154,2024-08-23,ATM Withdrawal,-1216.23
14740,263,2024-02-25,GROCERIES,-429.29
14741,410,2024-07-03,Healthcare,-1834.71
14742,169,2024-11-17,Salary Credit,62761.54
14743,138,2024-07-16,Utilities,-812.78
14744,21,2025-02-24,Entertainment,-1843.0
14745,425,2025-04-09,Travel,-309.59
14746,52,2024-11-02,Dining,-1151.37
14747,101,2024-07-04,Travel,-21.74
14748,66,2024-06-14,Salary Credit,51828.0
14749,332,2024-10-24,ATM Withdrawal,-913.42
14750,171,2025-01-27,ATM Withdrawal,-2244.35
14751,330,2024-03-10,Entertainment,-273.35
14752,285,2024-09-01,Healthcare,-1014.07
14753,8,2024-08-28,Dining,-882.38
14754,144,2024-06-05,Entertainment,-3537.94
14755,2,2024-05-09,GROCERIES,-2927.69
14756,31,2025-04-03,Healthcare,-3161.34
14757,222,2024-08-23,Dining,-2579.79
14758,124,2024-11-10,Dining,-668.19
14759,42,2024-01-21,Travel,-1160.27
14760,192,2024-06-03,dining ,-1462.3
14761,212,2024-05-01,Transfer,6123.36
14762,465,2024-06-28,Groceries,-214.04
14763,310,2025-04-03,Travel,-168.77
14764,184,2024-11-07,Entertainment,-3.37
14765,222,2025-05-06,Salary Credit,41587.76
14766,42,2024-08-18,Salary Credit,42440.41
14767,181,2025-02-23,Healthcare,-792.59
14768,272,2024-03-28,GROCERIES,-1426.1
14769,10,2025-03-20,Utilities,-44.59
14770,431,2024-11-28,Groceries,-431.06
14771,242,2024-01-22,Dining,-515.71
14772,369,2025-01-10,dining ,-1937.06
14773,129,2024-09-18,Salary Credit,46579.92
14774,392,2024-01-01,Utilities,-1504.38
14775,172,2025-04-06,ATM Withdrawal,-359.45
14776,435,2024-10-19,ATM Withdrawal,-1236.44
14777,245,2024-11-26,Travel,-503.03
14778,298,2024-11-10,shopping,-533.83
14779,96,2024-02-19,GROCERIES,-1532.62
14780,466,2024-06-29,Transfer,-4683.46
14781,91,2025-01-17,,-957.1
14782,16,2024-07-03,Transfer,1477.32
14783,206,2025-04-29,shopping,-680.25
14784,391,2024-06-22,ATM Withdrawal,-694.65
14785,432,2024-09-07,Utilities,-856.49
14786,402,2024-08-30,Travel,-422.62
14787,259,2024-01-11,Travel,-543.64
14788,430,2025-03-18,Salary Credit,52294.83
14789,231,2024-03-14,Shopping,-1593.65
14790,224,2024-09-12,Transfer,1460.77
14791,85,2025-05-09,Groceries,-1290.36
14792,369,2025-06-25,Entertainment,-2070.91
14793,148,2024-05-05,Entertainment,-2565.34
14794,92,2024-07-24,dining ,-728.41
14795,173,2024-11-04,Groceries,-245.92
14796,283,2025-01-16,Shopping,-1633.58
14797,127,2024-05-16,groceries,-1523.2
14798,168,2024-10-26,Dining,-1209.39
14799,155,2025-03-30,shopping,-628.31
14800,280,2025-02-19,Salary Credit,34529.29
14801,335,2025-03-24,Dining,-1807.14
14802,317,2025-04-29,Healthcare,-2006.88
14803,67,2025-04-14,dining ,-876.02
14804,163,2024-10-05,Dining,-2739.49
14805,304,2025-06-14,Dining,-1412.6
14806,102,2024-09-26,Entertainment,-1042.54
14807,33,2025-01-21,Entertainment,-135.42
14808,151,2025-05-28,GROCERIES,-330.42
14809,318,2024-01-24,ATM Withdrawal,-739.24
14810,311,2025-05-23,GROCERIES,-1531.88
14811,61,2025-03-23,GROCERIES,-3300.22
14812,317,2025-06-27,groceries,-1260.81
14813,91,2025-02-25,Transfer,-6776.77
14814,347,2024-03-26,Travel,-455.47
14815,266,2024-06-13,Shopping,-1387.79
14816,60,2024-01-02,groceries,-1270.18
14817,164,2024-11-27,Entertainment,-349.07
14818,384,2024-08-26,Healthcare,-2404.36
14819,203,2024-09-15,dining ,-1079.35
14820,323,2025-02-03,ATM Withdrawal,-2194.83
14821,351,2025-03-23,ATM Withdrawal,-1208.68
14822,15,2024-02-09,Healthcare,-901.74
14823,436,2025-05-14,Shopping,-496.85
14824,158,2024-07-22,dining ,-884.68
14825,372,2025-02-13,Utilities,-2518.23
14826,219,2024-11-12,Salary Credit,37810.62
14827,271,2024-08-29,shopping,-1799.69
14828,169,2024-04-25,groceries,-919.94
14829,400,2024-04-13,Transfer,-5620.62
14830,55,2025-02-02,Entertainment,-0.04
14831,420,2024-06-24,Shopping,-1349.12
14832,98,2024-05-05,shopping,-3149.16
14833,414,2024-01-04,Shopping,-1476.73
14834,12,2025-04-03,shopping,-2034.36
14835,7,2024-08-03,groceries,-1467.51
14836,44,2024-07-08,Travel,-1909.4
14837,257,2024-07-21,Travel,-553.77
14838,125,2024-11-22,Healthcare,-1090.71
14839,280,2024-09-19,GROCERIES,-1992.07
14840,384,2024-10-23,Utilities,-884.85
14841,13,2024-05-31,shopping,-2164.95
14842,247,2024-06-10,Transfer,1989.37
14843,346,2025-04-15,Shopping,-1252.93
14844,199,2024-08-27,Utilities,-967.02
14845,433,2025-06-14,Shopping,-3574.45
14846,310,2025-04-06,Utilities,-849.19
14847,17,2025-01-22,Shopping,-1578.2
14848,254,2024-10-25,ATM Withdrawal,-592.26
14849,180,2025-04-01,Shopping,-148.96
14850,62,2024-01-31,Salary Credit,47446.07
14851,445,2024-09-28,GROCERIES,-962.5
14852,105,2025-01-23,ATM Withdrawal,-979.82
14853,40,2024-02-28,Healthcare,-907.52
14854,105,2024-04-09,Shopping,-1033.48
14855,386,2024-02-05,Transfer,4739.69
14856,281,2024-09-21,shopping,-1002.62
14857,384,2024-10-22,ATM Withdrawal,-2159.83
14858,217,2024-09-12,Utilities,-1951.63
14859,55,2024-01-30,Healthcare,-1345.86
14860,182,2024-09-22,Dining,-538.82
14861,94,2025-04-29,dining ,-2821.89
14862,261,2024-01-17,groceries,-2015.33
14863,127,2025-02-26,shopping,-1641.77
14864,455,2024-05-28,Salary Credit,40978.16
14865,177,2024-02-10,Salary Credit,50920.79
14866,148,2024-01-28,dining ,-163.77
14867,461,2024-01-07,ATM Withdrawal,-690.66
14868,244,2024-08-14,dining ,-1510.35
14869,80,2024-09-28,Transfer,6822.83
14870,225,2024-12-04,Utilities,-1394.76
14871,120,2024-02-14,Travel,-1554.22
14872,336,2024-12-22,Utilities,-1347.77
14873,269,2025-02-07,Utilities,-916.27
14874,342,2024-02-05,ATM Withdrawal,-2406.63
14875,440,2025-01-02,Healthcare,-2866.22
14876,342,2024-03-05,shopping,-1154.29
14877,160,2024-08-27,Travel,-142.26
14878,95,2024-12-26,Utilities,-988.57
14879,248,2025-04-19,Salary Credit,45694.76
14880,211,2024-10-16,Shopping,-788.99
14881,147,2024-08-25,Transfer,-3085.13
14882,380,2025-03-30,Salary Credit,38385.76
14883,426,2024-04-27,Travel,-894.4
14884,179,2024-04-21,Healthcare,-774.53
14885,319,2024-09-11,GROCERIES,-1251.01
14886,461,2024-03-06,ATM Withdrawal,-1910.69
14887,6,2024-01-13,Travel,-2347.99
14888,171,2024-07-16,groceries,-1911.48
14889,346,2024-03-24,groceries,-351.5
14890,233,2024-12-13,Salary Credit,44127.69
14891,371,2024-10-25,Groceries,-1294.2
14892,223,2024-09-21,Entertainment,-1476.49
14893,31,2024-09-27,Utilities,-1640.35
14894,203,2024-02-23,Utilities,-1270.02
14895,190,2024-08-07,ATM Withdrawal,-1122.21
14896,396,2024-02-08,dining ,-2019.66
14897,69,2024-07-12,Groceries,-1080.49
14898,73,2025-01-04,Travel,-2061.25
14899,67,2025-06-21,shopping,-1932.1
14900,266,2024-06-10,Travel,-2507.47
14901,466,2024-05-23,Shopping,-1395.98
14902,290,2024-12-30,ATM Withdrawal,-2499.32
14903,383,2025-05-15,Transfer,4089.51
14904,399,2024-06-09,Utilities,-1511.06
14905,282,2025-04-01,Transfer,-1967.99
14906,286,2024-06-20,GROCERIES,-846.51
14907,114,2024-12-14,Shopping,-598.92
14908,450,2024-04-24,Travel,-1148.16
14909,369,2024-05-22,Shopping,-720.57
14910,409,2025-06-20,Groceries,-1295.89
14911,461,2024-07-31,GROCERIES,-1129.86
14912,164,2024-01-09,Utilities,-948.51
14913,68,2025-02-24,Utilities,-1335.72
14914,403,2024-03-10,Travel,-585.85
14915,222,2024-03-01,shopping,-424.03
14916,449,2025-03-31,Dining,-126.08
14917,326,2024-07-08,Salary Credit,30696.27
14918,121,2024-03-16,Travel,-588.27
14919,167,2025-06-15,groceries,-1684.94
14920,286,2024-06-01,dining ,-1022.06
14921,185,2024-12-10,Shopping,-1210.97
14922,132,2024-05-23,Salary Credit,41762.43
14923,99,2024-11-12,Transfer,-10796.66
14924,304,2025-01-14,Dining,-1348.99
14925,17,2025-02-16,shopping,-688.18
14926,44,2024-08-12,Shopping,-248.84
14927,20,2024-12-01,Transfer,794.29
14928,344,2025-04-03,ATM Withdrawal,-484.72
14929,14,2025-04-02,Groceries,-485.25
14930,197,2025-02-11,Healthcare,-1168.77
14931,57,2024-08-05,Utilities,-1519.55
14932,275,2024-10-16,Healthcare,-1261.6
14933,17,2025-06-11,Utilities,-871.82
14934,13,2024-05-15,shopping,-57.46
14935,193,2025-01-12,shopping,-2870.96
14936,326,2025-03-07,Groceries,-1438.42
14937,52,2024-09-19,ATM Withdrawal,-1710.85
14938,233,2025-04-16,groceries,-591.59
14939,380,2024-08-21,Dining,-932.61
14940,293,2025-03-31,Utilities,-2255.57
14941,352,2024-12-17,Healthcare,-784.68
14942,148,2024-01-29,Healthcare,-1887.15
14943,441,2025-03-24,Shopping,-977.68
14944,69,2025-01-15,shopping,-1574.39
14945,284,2024-05-01,Dining,-2698.41
14946,204,2025-01-18,Travel,-769.97
14947,15,2024-10-05,Healthcare,-1231.81
14948,442,2025-05-28,Transfer,1725.9
14949,329,2024-06-15,ATM Withdrawal,-1211.63
14950,107,2024-05-23,Utilities,-2684.19
14951,25,2024-02-01,Transfer,9644.13
14952,317,2025-03-04,Healthcare,-892.15
14953,256,2025-06-20,Healthcare,-746.78
14954,24,2025-01-10,shopping,-2134.11
14955,462,2024-07-20,Dining,-2049.48
14956,337,2025-04-23,Healthcare,-558.8
14957,217,2024-05-18,Shopping,-443.96
14958,112,2025-01-12,GROCERIES,-1075.44
14959,127,2024-11-21,groceries,-602.31
14960,212,2025-04-09,shopping,-2252.36
14961,27,2025-06-13,Transfer,5038.63
14962,173,2024-07-14,Healthcare,-99.93
14963,102,2024-02-21,Healthcare,-1614.62
14964,53,2024-03-26,shopping,-1662.31
14965,59,2025-02-06,Healthcare,-165.68
14966,162,2024-07-17,Groceries,-398.1
14967,180,2024-03-17,Groceries,-559.49
14968,164,2025-03-20,Groceries,-2429.93
14969,323,2024-12-19,Transfer,-1628.04
14970,245,2024-03-12,Entertainment,-116.93
14971,91,2025-01-23,Transfer,-7147.61
14972,456,2024-12-13,Healthcare,-832.61
14973,342,2025-06-20,shopping,-95.34
14974,220,2025-06-22,Transfer,-7943.93
14975,24,2025-06-15,Utilities,-3158.51
14976,428,2025-05-02,Transfer,4826.1
14977,349,2025-03-08,Transfer,-4699.42
14978,217,2024-12-31,Travel,-1397.05
14979,76,2024-10-23,GROCERIES,-367.5
14980,51,2025-03-07,dining ,-2500.52
14981,136,2025-06-10,Entertainment,-787.44
14982,108,2024-03-04,shopping,-210.49
14983,98,2024-03-15,Travel,-507.78
14984,191,2024-09-28,Healthcare,-1798.47
14985,22,2024-06-09,Utilities,-571.0
14986,153,2024-10-16,Utilities,-2565.01
14987,408,2024-06-18,Transfer,-6918.67
14988,406,2025-03-02,Utilities,-1975.36
14989,4,2025-05-04,Travel,-823.16
14990,318,2024-06-03,ATM Withdrawal,-640.7
14991,464,2025-02-24,Travel,-1229.63
14992,271,2024-02-28,Utilities,-131.56
14993,183,2025-03-10,GROCERIES,-1625.17
14994,230,2025-01-15,Entertainment,-2025.53
14995,100,2025-01-22,Shopping,-577.18
14996,186,2024-09-25,Entertainment,-1820.79
14997,439,2024-02-28,Salary Credit,47037.21
14998,287,2025-04-04,dining ,-2204.62
14999,202,2024-02-29,Utilities,-2679.25
15000,59,2024-09-19,Travel,-1903.57
15001,425,2024-04-04,ATM Withdrawal,-1149.35
15002,77,2025-04-06,shopping,-2285.19
15003,338,2024-11-08,Salary Credit,45378.48
15004,142,2024-10-03,Transfer,3170.69
15005,131,2024-06-21,Utilities,-1287.98
15006,81,2025-03-02,Entertainment,-2104.64
15007,176,2024-04-24,Shopping,-271.66
15008,317,2025-01-27,ATM Withdrawal,-83.86
15009,195,2025-06-12,dining ,-101.74
15010,12,2024-05-25,dining ,-2119.69
15011,124,2025-01-08,ATM Withdrawal,-1558.41
15012,75,2024-06-17,Utilities,-2527.03
15013,189,2025-05-21,Entertainment,-732.9
15014,423,2025-05-05,ATM Withdrawal,-99.56
15015,451,2024-06-20,ATM Withdrawal,-2601.29
15016,467,2024-05-05,Travel,-538.1
15017,53,2024-02-14,Entertainment,-1808.28
15018,229,2025-01-15,Healthcare,-0.8
15019,22,2025-05-16,Dining,-1362.7
15020,232,2024-03-20,Shopping,-1053.18
15021,270,2025-03-20,Entertainment,-81.56
15022,362,2025-02-15,GROCERIES,-2902.75
15023,158,2024-09-14,Utilities,-400.5
15024,17,2024-05-01,Healthcare,-358.32
15025,213,2024-12-21,,-611.08
15026,200,2024-11-19,Healthcare,-761.2
15027,293,2025-03-18,Travel,-905.56
15028,47,2024-11-03,shopping,-611.32
15029,287,2024-01-27,,-2093.08
15030,188,2024-04-20,Shopping,-1484.34
15031,346,2024-07-26,Entertainment,-58.98
15032,461,2024-09-24,ATM Withdrawal,-611.97
15033,107,2024-07-09,Healthcare,-3140.15
15034,353,2025-04-24,Utilities,-379.31
15035,60,2024-06-02,Healthcare,-1941.18
15036,462,2025-01-05,ATM Withdrawal,-587.91
15037,226,2024-07-15,GROCERIES,-297.26
15038,350,2025-06-24,Travel,-712.32
15039,364,2025-05-14,dining ,-2523.36
15040,285,2025-03-03,Dining,-120.62
15041,180,2025-02-20,Entertainment,-1790.92
15042,353,2024-12-16,Healthcare,-2297.49
15043,223,2024-11-16,GROCERIES,-703.21
15044,309,2024-11-02,GROCERIES,-2097.32
15045,288,2024-01-15,Utilities,-1957.25
15046,218,2025-05-25,Transfer,-2580.28
15047,55,2025-06-19,Salary Credit,37401.55
15048,137,2024-10-14,shopping,-1061.44
15049,439,2025-04-19,Shopping,-1297.35
15050,244,2024-08-07,Healthcare,-867.23
15051,298,2024-03-02,Utilities,-1708.54
15052,121,2025-03-30,groceries,-503.6
15053,331,2024-10-04,Salary Credit,37707.02
15054,228,2025-05-27,Healthcare,-1203.55
15055,103,2024-04-26,ATM Withdrawal,-1405.64
15056,69,2024-09-18,Entertainment,-2380.73
15057,185,2024-12-29,Entertainment,-1608.89
15058,265,2024-03-15,Dining,-1838.47
15059,132,2025-06-27,ATM Withdrawal,-889.49
15060,115,2024-11-27,Entertainment,-895.58
15061,127,2024-04-03,groceries,-628.01
15062,138,2025-02-07,ATM Withdrawal,-1364.52
15063,346,2025-04-23,Utilities,-1331.03
15064,234,2024-07-22,Transfer,4392.19
15065,220,2024-11-28,dining ,-1161.63
15066,77,2025-02-11,Travel,-2691.17
15067,255,2024-03-20,ATM Withdrawal,-1446.9
15068,451,2024-10-16,shopping,-1725.07
15069,349,2024-10-31,GROCERIES,-1621.98
15070,210,2024-06-13,Dining,-1043.2
15071,144,2024-06-12,Entertainment,-1683.19
15072,165,2024-12-09,Healthcare,-1218.73
15073,13,2025-02-13,ATM Withdrawal,-74.74
15074,14,2024-07-30,groceries,-677.42
15075,364,2024-03-20,ATM Withdrawal,-2994.15
15076,395,2025-03-04,Salary Credit,54334.6
15077,454,2024-04-04,Travel,-931.02
15078,293,2024-01-02,Dining,-1807.44
15079,435,2024-06-24,dining ,-1396.82
15080,195,2025-03-21,Groceries,-2768.5
15081,119,2025-02-16,Salary Credit,43963.29
15082,115,2024-06-16,Utilities,-1402.03
15083,111,2024-10-10,Shopping,-482.64
15084,349,2025-06-06,Shopping,-1079.04
15085,5,2025-01-26,Salary Credit,23070.69
15086,443,2025-02-17,shopping,-1433.74
15087,363,2024-02-17,shopping,-2103.17
15088,179,2024-05-11,dining ,-2723.01
15089,329,2024-02-26,GROCERIES,-1632.88
15090,64,2025-06-17,Shopping,-871.15
15091,202,2024-07-05,Travel,-460.7
15092,52,2024-09-29,Travel,-772.22
15093,53,2024-10-27,Travel,-238.64
15094,3,2024-10-11,groceries,-973.35
15095,373,2024-01-29,Dining,-96.92
15096,349,2025-05-10,ATM Withdrawal,-662.5
15097,418,2024-07-26,shopping,-1016.09
15098,460,2025-05-15,Salary Credit,47634.96
15099,452,2025-02-20,GROCERIES,-286.02
15100,465,2025-01-14,Transfer,3970.67
15101,8,2025-01-18,Travel,-1817.42
15102,368,2025-06-17,Salary Credit,56197.99
15103,339,2024-06-14,shopping,-1133.1
15104,76,2024-06-28,shopping,-3177.48
15105,65,2024-12-31,Transfer,-5185.01
15106,458,2024-05-06,groceries,-2319.08
15107,414,2025-03-14,groceries,-743.62
15108,154,2024-01-16,GROCERIES,-256.92
15109,35,2025-05-03,Healthcare,-2035.99
15110,157,2024-07-07,Entertainment,-1677.6
15111,3,2024-01-03,ATM Withdrawal,-2139.81
15112,322,2024-11-24,Travel,-2119.03
15113,178,2024-05-30,Groceries,-3009.28
15114,23,2024-06-15,Transfer,645.69
15115,459,2024-09-19,Dining,-880.95
15116,387,2024-11-11,Utilities,-940.91
15117,424,2024-03-15,Transfer,-6118.24
15118,467,2024-01-27,Dining,-2253.53
15119,7,2024-09-08,Transfer,5849.42
15120,363,2024-07-11,Transfer,7042.15
15121,369,2024-11-13,Transfer,-5783.85
15122,366,2025-02-11,ATM Withdrawal,-1550.78
15123,125,2024-11-30,Utilities,-1786.7
15124,183,2024-02-26,ATM Withdrawal,-1590.37
15125,435,2025-06-26,Transfer,5155.41
15126,31,2025-01-24,ATM Withdrawal,-1352.65
15127,301,2024-01-27,Entertainment,-299.18
15128,371,2025-02-20,Healthcare,-2084.77
15129,374,2025-04-24,ATM Withdrawal,-2740.18
15130,280,2024-11-05,Entertainment,-421.9
15131,359,2025-03-29,Utilities,-1776.87
15132,426,2025-04-27,Healthcare,-1068.63
15133,359,2025-06-09,Entertainment,-1034.08
15134,55,2025-06-04,Groceries,-1764.89
15135,115,2024-04-15,Shopping,-1173.26
15136,143,2024-01-19,Shopping,-1553.28
15137,161,2024-12-21,Transfer,-3920.96
15138,169,2025-01-05,groceries,-2554.3
15139,103,2024-11-06,shopping,-990.31
15140,320,2024-05-09,shopping,-514.89
15141,52,2025-06-01,Travel,-1512.27
15142,369,2024-08-10,Healthcare,-448.56
15143,309,2025-02-08,shopping,-1411.34
15144,450,2024-12-05,Travel,-2682.38
15145,4,2025-05-03,Entertainment,-1159.66
15146,139,2025-01-23,groceries,-18.9
15147,421,2024-12-11,Utilities,-826.4
15148,232,2025-04-02,Utilities,-1931.21
15149,263,2024-01-30,Healthcare,-1296.2
15150,14,2025-01-19,Entertainment,-1831.16
15151,357,2024-11-15,Salary Credit,39938.6
15152,119,2025-02-27,Utilities,-829.24
15153,451,2024-05-02,shopping,-1770.28
15154,176,2024-11-22,shopping,-2649.81
15155,89,2024-06-03,shopping,-851.45
15156,278,2024-03-04,dining ,-1233.66
15157,224,2024-11-09,groceries,-2189.91
15158,221,2024-01-12,Entertainment,-1317.94
15159,445,2024-02-20,Salary Credit,50102.19
15160,171,2024-10-15,groceries,-533.87
15161,187,2025-05-04,Healthcare,-1203.2
15162,293,2025-01-24,Travel,-640.76
15163,80,2024-01-09,ATM Withdrawal,-317.01
15164,388,2024-02-29,Dining,-403.98
15165,108,2024-08-22,Healthcare,-1603.39
15166,114,2024-08-21,groceries,-1696.64
15167,6,2024-01-22,Healthcare,-1891.73
15168,161,2024-05-19,ATM Withdrawal,-1658.07
15169,273,2024-03-10,Dining,-1000.2
15170,330,2024-11-05,dining ,-449.79
15171,421,2024-12-24,Transfer,-8314.24
15172,365,2024-07-31,Groceries,-442.07
15173,151,2024-11-07,GROCERIES,-1132.95
15174,387,2024-04-19,ATM Withdrawal,-1256.48
15175,92,2025-04-09,Groceries,-46.68
15176,98,2024-01-03,Shopping,-1498.99
15177,168,2024-10-01,shopping,-2575.0
15178,253,2024-06-24,GROCERIES,-1183.12
15179,96,2024-09-02,Travel,-957.64
15180,422,2024-10-08,GROCERIES,-157.45
15181,127,2024-12-18,Healthcare,-953.5
15182,184,2025-05-21,dining ,-1687.14
15183,284,2024-11-01,ATM Withdrawal,-1194.27
15184,202,2024-05-03,ATM Withdrawal,-804.26
15185,190,2024-10-12,Transfer,8017.7
15186,461,2024-10-06,Utilities,-964.58
15187,204,2025-04-16,dining ,-814.94
15188,53,2024-11-04,Shopping,-1327.09
15189,342,2025-04-18,ATM Withdrawal,-2376.29
15190,331,2024-12-19,Transfer,-2343.38
15191,103,2024-11-07,GROCERIES,-1691.24
15192,398,2024-06-28,Transfer,4004.73
15193,184,2024-05-19,Groceries,-1699.36
15194,71,2024-02-24,shopping,-643.84
15195,81,2024-10-25,shopping,-1233.14
15196,335,2025-05-17,GROCERIES,-976.24
15197,102,2024-01-07,Healthcare,-336.37
15198,220,2025-06-03,Salary Credit,35296.39
15199,344,2025-04-13,Dining,-947.95
15200,400,2024-08-26,GROCERIES,-237.51
15201,230,2024-06-19,Transfer,1474.13
15202,425,2024-11-12,Transfer,1344.21
15203,142,2025-04-11,GROCERIES,-1226.33
15204,409,2024-01-16,Dining,-130.06
15205,118,2024-09-01,Salary Credit,44994.67
15206,31,2024-01-26,Travel,-342.17
15207,340,2024-12-16,Utilities,-1904.25
15208,355,2024-02-11,Travel,-1537.19
15209,434,2024-06-21,shopping,-929.89
15210,432,2025-02-06,Dining,-1329.54
15211,48,2025-02-13,Travel,-1717.28
15212,291,2024-05-03,Groceries,-1255.03
15213,330,2024-10-06,groceries,-1327.06
15214,282,2024-04-10,Healthcare,-696.59
15215,9,2024-11-18,GROCERIES,-733.48
15216,22,2024-01-05,Groceries,-499.28
15217,314,2025-03-19,Entertainment,-2145.75
15218,401,2024-01-13,Healthcare,-848.63
15219,84,2024-11-27,Transfer,6742.73
15220,22,2024-08-08,Groceries,-167.09
15221,190,2024-05-01,Salary Credit,44310.56
15222,147,2024-10-22,ATM Withdrawal,-578.75
15223,460,2024-03-18,Transfer,-2839.18
15224,434,2024-11-11,groceries,-783.36
15225,262,2024-12-17,Travel,-2511.36
15226,445,2024-09-06,Utilities,-1065.98
15227,108,2024-07-16,ATM Withdrawal,-398.56
15228,465,2024-09-07,Utilities,-1079.87
15229,210,2025-06-05,Shopping,-2496.57
15230,223,2025-02-14,Salary Credit,28563.59
15231,24,2024-01-04,Entertainment,-1895.32
15232,84,2024-06-06,Entertainment,-1541.39
15233,91,2024-01-14,ATM Withdrawal,-1095.0
15234,229,2024-05-09,dining ,-920.46
15235,89,2025-02-28,Entertainment,-2493.4
15236,48,2025-04-10,Dining,-1846.56
15237,284,2024-09-06,,-266.12
15238,409,2025-01-10,Travel,-1220.11
15239,33,2024-07-20,ATM Withdrawal,-2320.71
15240,263,2024-09-16,GROCERIES,-1684.1
15241,450,2025-03-27,Utilities,-1436.12
15242,190,2024-05-30,Groceries,-27.21
15243,86,2024-06-22,Salary Credit,63506.84
15244,38,2024-03-15,ATM Withdrawal,-1849.29
15245,439,2024-04-28,shopping,-2805.12
15246,190,2024-01-21,Travel,-1471.15
15247,50,2025-03-20,Transfer,-3066.87
15248,406,2025-04-09,Travel,-2077.7
15249,376,2024-08-17,Travel,-2547.83
15250,330,2024-11-19,Shopping,-2137.19
15251,40,2024-05-15,ATM Withdrawal,-3230.1
15252,39,2024-01-25,Transfer,-5393.17
15253,103,2024-10-08,groceries,-641.2
15254,75,2024-03-27,Entertainment,-1431.56
15255,249,2025-04-07,shopping,-1923.67
15256,184,2024-06-01,Entertainment,-963.51
15257,359,2025-02-06,shopping,-1160.91
15258,48,2024-05-23,shopping,-1392.45
15259,341,2024-03-09,Dining,-1644.22
15260,438,2024-10-25,Shopping,-1321.32
15261,62,2024-04-09,Shopping,-1389.83
15262,306,2024-08-05,Entertainment,-1772.32
15263,239,2024-06-08,Entertainment,-1891.79
15264,45,2025-04-25,shopping,-754.5
15265,138,2024-10-01,Entertainment,-452.67
15266,369,2025-01-27,Entertainment,-265.6
15267,407,2024-11-16,Healthcare,-1614.94
15268,173,2025-05-11,Utilities,-542.26
15269,50,2024-08-27,dining ,-1439.0
15270,115,2025-04-15,Healthcare,-1148.48
15271,395,2025-05-04,shopping,-1260.25
15272,267,2025-05-17,Shopping,-1642.22
15273,202,2025-01-14,Travel,-2271.0
15274,7,2025-06-18,groceries,-1185.02
15275,367,2025-02-10,dining ,-262.1
15276,218,2024-06-18,Utilities,-1479.88
15277,256,2024-03-26,Shopping,-1841.66
15278,395,2024-04-24,Shopping,-828.29
15279,264,2024-11-08,shopping,-549.9
15280,435,2024-03-31,groceries,-1226.31
15281,262,2024-05-09,GROCERIES,-767.73
15282,161,2024-12-08,shopping,-1321.01
15283,432,2024-06-30,dining ,-638.33
15284,301,2025-01-06,Entertainment,-2043.37
15285,356,2025-06-27,Travel,-1246.25
15286,107,2024-02-17,Utilities,-419.79
15287,315,2024-12-15,shopping,-1858.25
15288,263,2025-03-23,Salary Credit,51359.22
15289,50,2024-03-17,GROCERIES,-1166.4
15290,119,2025-03-02,ATM Withdrawal,-455.44
15291,427,2024-10-03,groceries,-2011.76
15292,268,2024-12-08,Travel,-280.18
15293,363,2024-01-29,Utilities,-874.83
15294,81,2024-08-25,shopping,-683.26
15295,102,2024-07-18,ATM Withdrawal,-95.57
15296,441,2024-03-24,Transfer,5608.24
15297,197,2025-02-19,Shopping,-1302.06
15298,416,2024-10-02,Dining,-1011.6
15299,379,2025-04-23,ATM Withdrawal,-529.52
15300,158,2024-03-27,Shopping,-2522.19
15301,445,2025-02-02,Shopping,-1366.81
15302,364,2024-11-25,Travel,-358.06
15303,60,2024-12-20,Travel,-1596.41
15304,45,2024-06-17,ATM Withdrawal,-1527.98
15305,60,2025-01-11,Shopping,-1753.8
15306,347,2024-05-14,Entertainment,-1171.0
15307,68,2025-02-19,ATM Withdrawal,-639.64
15308,133,2024-08-28,shopping,-32.49
15309,204,2024-09-18,Dining,-722.73
15310,64,2024-11-12,Groceries,-290.7
15311,155,2024-02-15,dining ,-1470.72
15312,318,2024-07-19,Utilities,-245.54
15313,455,2024-04-20,Groceries,-880.09
15314,220,2025-06-09,ATM Withdrawal,-1856.07
15315,350,2024-08-17,Utilities,-982.13
15316,249,2024-01-04,Groceries,-1146.82
15317,219,2024-01-15,Travel,-1599.13
15318,244,2025-05-12,Transfer,6539.92
15319,449,2024-03-26,Utilities,-2134.12
15320,28,2024-01-01,Entertainment,-1707.0
15321,241,2024-04-25,Entertainment,-1522.04
15322,25,2024-04-28,Entertainment,-565.31
15323,410,2024-02-13,ATM Withdrawal,-1417.49
15324,282,2025-06-27,Transfer,-6942.22
15325,23,2024-02-02,,-2072.68
15326,292,2025-01-31,ATM Withdrawal,-593.15
15327,204,2025-04-01,dining ,-1138.03
15328,23,2024-12-17,dining ,-1708.11
15329,458,2024-03-13,Healthcare,-1598.72
15330,178,2025-01-30,shopping,-1911.09
15331,12,2024-06-28,groceries,-179.11
15332,287,2024-08-10,Dining,-486.21
15333,176,2024-05-16,Shopping,-35.58
15334,308,2025-03-03,Transfer,-5775.95
15335,76,2024-11-12,Entertainment,-1031.44
15336,388,2024-03-25,Groceries,-1024.88
15337,197,2024-08-10,Groceries,-587.41
15338,197,2025-03-08,GROCERIES,-440.89
15339,377,2025-05-25,ATM Withdrawal,-1201.66
15340,257,2025-05-27,Shopping,-2196.62
15341,1,2024-03-14,ATM Withdrawal,-2610.66
15342,271,2025-04-12,Shopping,-2613.83
15343,303,2024-11-04,Groceries,-778.42
15344,147,2025-02-07,Dining,-135.28
15345,85,2024-07-29,Utilities,-1995.33
15346,26,2024-12-21,ATM Withdrawal,-2347.16
15347,397,2024-05-20,shopping,-1575.85
15348,2,2024-10-10,Healthcare,-1179.33
15349,274,2024-05-03,GROCERIES,-635.82
15350,392,2024-08-03,Healthcare,-1745.0
15351,165,2024-08-10,Dining,-1718.14
15352,94,2025-04-16,Utilities,-1454.69
15353,335,2024-12-08,GROCERIES,-204.19
15354,295,2024-12-18,Utilities,-305.78
15355,7,2024-06-03,Dining,-1115.48
15356,271,2024-08-25,Dining,-2137.69
15357,1,2024-09-14,shopping,-2018.71
15358,188,2025-03-03,Transfer,480.63
15359,143,2024-04-11,ATM Withdrawal,-2401.73
15360,391,2024-01-30,Transfer,8722.72
15361,458,2024-10-02,ATM Withdrawal,-1311.53
15362,327,2025-03-19,Healthcare,-813.01
15363,344,2025-02-03,groceries,-923.52
15364,11,2025-03-17,Healthcare,-2038.02
15365,30,2024-08-02,Travel,-1683.21
15366,364,2024-05-04,shopping,-814.79
15367,201,2024-12-25,Shopping,-3181.45
15368,238,2024-01-21,groceries,-176.99
15369,324,2025-05-03,Dining,-658.57
15370,163,2025-01-23,Travel,-678.69
15371,320,2024-10-01,Transfer,-8397.12
15372,341,2024-04-18,Entertainment,-1945.8
15373,113,2024-05-16,GROCERIES,-1314.03
15374,322,2025-06-26,dining ,-5.59
15375,80,2024-01-08,Salary Credit,52641.25
15376,146,2024-01-06,Utilities,-178.29
15377,366,2024-07-08,Utilities,-838.36
15378,461,2024-05-05,Travel,-1132.01
15379,31,2025-01-03,ATM Withdrawal,-473.28
15380,304,2024-01-23,Dining,-455.74
15381,267,2025-03-04,groceries,-1998.12
15382,284,2025-03-02,Groceries,-2508.78
15383,369,2024-05-05,shopping,-1133.42
15384,33,2024-11-11,Dining,-401.12
15385,346,2025-01-01,Shopping,-1452.48
15386,131,2025-04-07,Entertainment,-573.48
15387,73,2025-02-03,Utilities,-1524.53
15388,210,2025-06-08,Dining,-1465.94
15389,13,2024-03-04,groceries,-493.44
15390,296,2024-11-28,Healthcare,-848.66
15391,265,2025-02-25,Shopping,-1754.72
15392,240,2024-05-06,Transfer,4720.44
15393,15,2024-04-29,Entertainment,-213.27
15394,358,2024-02-20,Healthcare,-1790.67
15395,17,2025-06-21,Entertainment,-298.92
15396,123,2025-04-17,Utilities,-1410.63
15397,186,2024-03-06,Shopping,-714.85
15398,329,2024-05-13,Healthcare,-1590.65
15399,191,2024-09-06,Salary Credit,43174.97
15400,383,2025-05-01,Transfer,-9083.35
15401,438,2025-03-25,Entertainment,-1824.79
15402,359,2025-04-23,Salary Credit,50408.69
15403,19,2025-03-27,ATM Withdrawal,-1724.63
15404,361,2024-12-08,Shopping,-345.09
15405,97,2024-06-07,Utilities,-1272.47
15406,416,2024-11-25,Dining,-1442.75
15407,459,2024-09-26,Salary Credit,49422.99
15408,40,2025-06-02,Healthcare,-1123.93
15409,47,2024-09-01,Entertainment,-1844.01
15410,327,2025-02-16,dining ,-337.09
15411,68,2024-04-04,Transfer,-10978.42
15412,454,2025-01-07,groceries,-1702.41
15413,253,2024-09-04,Shopping,-371.7
15414,269,2024-08-25,Healthcare,-2419.92
15415,403,2025-02-15,Healthcare,-195.62
15416,102,2024-09-20,Salary Credit,45075.59
15417,261,2024-02-02,Salary Credit,45922.75
15418,468,2024-07-30,Travel,-831.08
15419,11,2025-06-08,ATM Withdrawal,-1090.12
15420,82,2025-05-30,dining ,-1256.93
15421,69,2024-11-30,groceries,-234.02
15422,158,2024-12-13,Transfer,5008.98
15423,61,2024-05-23,GROCERIES,-2949.54
15424,81,2025-03-01,ATM Withdrawal,-2535.51
15425,400,2024-11-22,Travel,-540.14
15426,218,2024-01-21,GROCERIES,-1073.08
15427,168,2025-06-01,Dining,-575.72
15428,197,2025-04-09,Groceries,-970.49
15429,455,2024-02-14,dining ,-1973.54
15430,230,2024-08-15,Salary Credit,44179.2
15431,220,2025-02-08,shopping,-750.91
15432,435,2025-02-05,Travel,-1744.87
15433,18,2024-04-01,Transfer,809.99
15434,224,2024-01-22,Transfer,-9109.95
15435,351,2025-06-20,ATM Withdrawal,-2475.83
15436,241,2025-05-02,Shopping,-2374.81
15437,407,2025-02-06,ATM Withdrawal,-91.86
15438,415,2024-12-25,dining ,-85.12
15439,158,2025-01-09,dining ,-755.65
15440,383,2024-09-06,Utilities,-1211.28
15441,115,2025-01-07,ATM Withdrawal,-540.26
15442,113,2024-06-14,Travel,-312.55
15443,458,2024-02-15,Healthcare,-2035.05
15444,7,2024-06-18,GROCERIES,-1885.05
15445,166,2024-06-09,Travel,-668.34
15446,295,2024-06-14,dining ,-1840.78
15447,194,2024-09-13,Transfer,-7830.42
15448,396,2024-03-12,shopping,-941.9
15449,118,2024-08-10,Salary Credit,50147.66
15450,259,2024-09-09,shopping,-1145.21
15451,59,2024-04-12,groceries,-1061.89
15452,99,2024-09-04,Transfer,5238.3
15453,82,2025-01-02,Transfer,-211.44
15454,347,2024-08-12,Salary Credit,48180.0
15455,95,2024-01-02,Utilities,-1362.9
15456,314,2025-01-18,ATM Withdrawal,-1686.76
15457,162,2024-11-11,ATM Withdrawal,-540.73
15458,265,2024-08-16,Entertainment,-929.56
15459,409,2024-01-13,Groceries,-317.31
15460,405,2024-02-18,Entertainment,-1053.33
15461,6,2024-02-13,Entertainment,-328.39
15462,368,2025-04-09,Utilities,-194.57
15463,448,2024-06-17,ATM Withdrawal,-2585.55
15464,313,2024-08-19,dining ,-2245.37
15465,88,2025-01-14,dining ,-2074.46
15466,312,2024-12-23,Salary Credit,56765.77
15467,298,2024-02-05,GROCERIES,-482.61
15468,310,2025-05-21,Groceries,-1149.04
15469,201,2024-05-24,ATM Withdrawal,-1419.54
15470,246,2025-02-22,Healthcare,-851.33
15471,306,2025-03-29,groceries,-474.76
15472,218,2024-10-20,Groceries,-1995.27
15473,363,2024-03-29,Groceries,-1756.05
15474,333,2024-10-24,Groceries,-641.4
15475,142,2024-05-13,Entertainment,-1961.03
15476,286,2025-04-07,shopping,-1311.9
15477,355,2025-02-15,ATM Withdrawal,-1770.44
15478,230,2025-03-24,Travel,-377.04
15479,335,2025-03-27,Healthcare,-1414.8
15480,60,2024-04-07,Shopping,-1424.32
15481,181,2024-01-17,Healthcare,-991.63
15482,329,2024-12-07,Salary Credit,23608.66
15483,419,2024-11-30,Healthcare,-1354.59
15484,303,2025-04-16,shopping,-1415.85
15485,311,2024-12-13,Entertainment,-348.93
15486,161,2025-03-13,Utilities,-1715.04
15487,329,2024-07-09,ATM Withdrawal,-1420.2
15488,167,2024-03-08,Salary Credit,48276.04
15489,25,2024-01-21,shopping,-860.29
15490,116,2024-08-25,Shopping,-337.88
15491,287,2024-01-02,Dining,-317.94
15492,451,2024-10-09,Entertainment,-1818.75
15493,233,2024-08-06,shopping,-215.51
15494,403,2024-05-20,dining ,-481.79
15495,365,2024-11-18,ATM Withdrawal,-1955.66
15496,263,2025-01-05,ATM Withdrawal,-722.78
15497,377,2024-01-22,groceries,-245.88
15498,188,2024-09-16,Utilities,-1910.21
15499,208,2025-05-27,Shopping,-1275.86
15500,345,2024-06-11,Transfer,-3681.2
15501,299,2025-03-01,Utilities,-1358.39
15502,247,2024-07-02,Utilities,-208.27
15503,203,2024-05-28,ATM Withdrawal,-101.38
15504,457,2025-04-11,dining ,-319.75
15505,31,2024-07-13,Entertainment,-1961.73
15506,26,2025-04-17,,-8129.89
15507,225,2024-12-22,Entertainment,-1879.23
15508,17,2025-03-18,Utilities,-2309.07
15509,160,2025-03-20,dining ,-2352.38
15510,267,2025-05-13,shopping,-164.43
15511,190,2024-10-29,Dining,-2101.17
15512,96,2025-06-03,,-1300.99
15513,134,2024-02-02,Travel,-2909.6
15514,283,2024-09-25,Shopping,-4247.33
15515,446,2024-08-04,Utilities,-1023.94
15516,366,2024-02-22,Utilities,-925.51
15517,257,2025-04-20,Dining,-854.66
15518,65,2025-03-12,ATM Withdrawal,-1264.73
15519,114,2025-02-12,Utilities,-1408.77
15520,207,2024-12-11,ATM Withdrawal,-3574.27
15521,116,2024-11-24,ATM Withdrawal,-1328.85
15522,323,2024-07-26,ATM Withdrawal,-813.33
15523,172,2025-01-07,Entertainment,-1211.79
15524,391,2025-06-15,Healthcare,-457.54
15525,126,2024-05-16,groceries,-310.29
15526,233,2024-07-03,Utilities,-1066.8
15527,335,2024-02-29,,-5940.26
15528,97,2025-05-09,Transfer,7665.11
15529,357,2024-10-15,groceries,-768.28
15530,275,2024-11-18,Healthcare,-1515.82
15531,304,2024-05-25,Entertainment,-3462.75
15532,213,2024-01-20,Entertainment,-1379.02
15533,438,2025-03-14,Dining,-398.87
15534,362,2025-04-13,Shopping,-1261.66
15535,90,2024-07-04,Travel,-1777.7
15536,261,2025-02-19,Utilities,-1574.98
15537,423,2024-11-07,Dining,-2507.48
15538,131,2024-12-16,groceries,-1289.82
15539,252,2024-04-04,Entertainment,-908.71
15540,354,2024-11-30,shopping,-1624.6
15541,128,2024-03-28,Salary Credit,48230.46
15542,243,2024-04-29,Dining,-1504.84
15543,259,2024-07-13,Healthcare,-436.3
15544,84,2024-04-26,Healthcare,-2993.97
15545,84,2025-05-10,ATM Withdrawal,-221.27
15546,264,2024-01-16,Utilities,-316.89
15547,84,2025-05-07,Dining,-994.04
15548,444,2024-03-25,shopping,-2393.75
15549,246,2025-04-19,Transfer,-6920.6
15550,331,2024-07-02,Healthcare,-2004.02
15551,186,2025-05-17,GROCERIES,-27.75
15552,140,2024-10-21,Utilities,-329.82
15553,228,2024-09-23,Travel,-865.21
15554,333,2024-03-12,Utilities,-1997.07
15555,187,2024-08-24,ATM Withdrawal,-2020.49
15556,133,2024-10-30,shopping,-417.81
15557,68,2025-06-19,Entertainment,-320.53
15558,254,2024-05-23,Dining,-2251.77
15559,319,2024-02-15,Travel,-1371.19
15560,247,2024-05-18,shopping,-664.52
15561,120,2024-05-12,Transfer,1627.53
15562,116,2025-05-31,Transfer,1441.04
15563,177,2024-03-22,Entertainment,-314.1
15564,163,2025-06-24,shopping,-346.84
15565,96,2024-03-02,dining ,-1987.43
15566,441,2025-03-18,ATM Withdrawal,-1191.43
15567,155,2024-08-13,Healthcare,-2708.73
15568,118,2024-01-30,Utilities,-813.94
15569,284,2024-11-30,Dining,-1010.18
15570,375,2025-02-01,Groceries,-1501.12
15571,218,2025-04-02,ATM Withdrawal,-637.8
15572,313,2024-04-07,shopping,-238.64
15573,45,2024-12-02,groceries,-882.7
15574,250,2024-11-06,Dining,-526.22
15575,32,2024-08-29,ATM Withdrawal,-1085.9
15576,65,2025-05-02,Travel,-661.65
15577,278,2024-08-18,Dining,-1605.64
15578,96,2024-07-26,Salary Credit,42184.53
15579,18,2024-10-13,GROCERIES,-254.37
15580,84,2025-05-21,GROCERIES,-639.64
15581,362,2025-04-17,Dining,-117.97
15582,275,2025-01-21,Utilities,-2929.47
15583,179,2024-02-14,groceries,-1241.45
15584,456,2024-06-13,GROCERIES,-1800.45
15585,181,2024-01-09,Dining,-1113.71
15586,411,2024-02-21,ATM Withdrawal,-2850.49
15587,162,2025-03-29,Transfer,1217.21
15588,12,2025-03-20,Dining,-487.57
15589,52,2024-02-25,ATM Withdrawal,-2201.59
15590,129,2024-09-06,dining ,-734.1
15591,88,2024-06-01,Entertainment,-526.59
15592,74,2024-02-09,Dining,-694.69
15593,180,2024-07-26,Groceries,-2938.64
15594,457,2024-02-26,Travel,-3040.1
15595,94,2025-02-05,Dining,-1568.76
15596,111,2025-06-10,dining ,-1377.03
15597,466,2024-08-18,Utilities,-1905.1
15598,95,2024-05-12,ATM Withdrawal,-1553.24
15599,389,2024-09-29,Groceries,-1358.15
15600,291,2025-06-10,Utilities,-794.46
15601,435,2024-03-27,Entertainment,-645.9
15602,261,2025-01-06,Utilities,-1646.53
15603,278,2024-02-20,dining ,-1325.21
15604,106,2024-06-12,Shopping,-2521.65
15605,270,2024-08-27,Groceries,-966.9
15606,314,2024-07-28,Transfer,616.69
15607,462,2024-04-07,dining ,-508.66
15608,46,2025-02-27,Groceries,-94.22
15609,74,2025-01-01,Transfer,-8442.77
15610,10,2024-08-25,Transfer,-2696.54
15611,370,2024-08-16,ATM Withdrawal,-1631.79
15612,39,2024-02-10,Dining,-2954.16
15613,429,2024-12-25,shopping,-815.88
15614,171,2024-05-05,Healthcare,-179.36
15615,135,2024-06-13,shopping,-843.95
15616,457,2025-04-13,Healthcare,-472.88
15617,338,2024-12-15,ATM Withdrawal,-1663.21
15618,257,2025-01-14,Transfer,6730.78
15619,417,2024-05-24,Dining,-804.52
15620,354,2024-09-30,Entertainment,-191.62
15621,299,2024-01-08,Entertainment,-3360.27
15622,151,2024-05-13,Transfer,2749.43
15623,462,2025-03-12,Healthcare,-1230.71
15624,337,2024-09-15,Transfer,-7582.43
15625,443,2024-12-11,Shopping,-1064.39
15626,453,2025-03-05,Salary Credit,45282.95
15627,258,2025-05-25,Transfer,14617.08
15628,168,2024-02-14,ATM Withdrawal,-678.74
15629,444,2024-11-12,shopping,-741.08
15630,468,2025-06-26,shopping,-1103.13
15631,58,2024-04-18,Entertainment,-1811.1
15632,299,2025-04-13,groceries,-3472.67
15633,282,2024-11-12,ATM Withdrawal,-1100.36
15634,351,2024-06-22,shopping,-1699.21
15635,457,2025-03-02,Transfer,1477.34
15636,119,2025-04-19,Dining,-1258.15
15637,457,2024-03-18,Shopping,-1187.31
15638,301,2025-01-06,groceries,-2117.21
15639,39,2025-05-25,ATM Withdrawal,-734.41
15640,240,2024-12-29,Transfer,-5689.06
15641,63,2024-10-25,Salary Credit,32527.4
15642,448,2024-03-17,shopping,-476.66
15643,358,2024-09-02,Utilities,-1249.5
15644,424,2025-05-08,Salary Credit,25826.21
15645,282,2025-03-11,Entertainment,-969.87
15646,186,2024-09-02,ATM Withdrawal,-2622.44
15647,201,2024-06-17,GROCERIES,-249.87
15648,444,2025-03-13,Shopping,-584.93
15649,71,2025-06-11,ATM Withdrawal,-1729.61
15650,415,2024-06-12,shopping,-1933.89
15651,198,2025-03-17,Shopping,-1252.15
15652,277,2024-06-16,Entertainment,-1032.34
15653,313,2025-03-26,Entertainment,-2688.11
15654,39,2025-06-09,GROCERIES,-1391.46
15655,70,2024-12-27,shopping,-248.08
15656,76,2024-09-27,Salary Credit,45961.2
15657,365,2024-06-20,Entertainment,-1078.59
15658,36,2024-02-02,Dining,-805.22
15659,286,2024-01-29,GROCERIES,-313.08
15660,51,2025-03-31,Shopping,-1193.62
15661,360,2024-12-26,shopping,-1724.26
15662,458,2024-05-03,Dining,-1875.42
15663,194,2024-10-27,Healthcare,-1210.01
15664,100,2025-04-23,Utilities,-1232.0
15665,209,2024-12-19,groceries,-696.05
15666,324,2025-05-14,Groceries,-2071.17
15667,341,2024-03-05,dining ,-129.82
15668,298,2024-02-09,GROCERIES,-731.07
15669,273,2024-12-29,Travel,-474.72
15670,296,2024-11-13,groceries,-1099.46
15671,102,2025-01-10,shopping,-2381.5
15672,97,2025-06-18,Travel,-131.06
15673,436,2024-02-29,shopping,-1451.33
15674,272,2025-05-22,Healthcare,-1471.38
15675,404,2024-02-03,Healthcare,-332.34
15676,293,2024-10-13,Travel,-1026.67
15677,214,2025-03-29,Utilities,-392.92
15678,267,2025-01-05,ATM Withdrawal,-1290.63
15679,324,2024-05-01,Utilities,-1093.58
15680,88,2024-11-25,Transfer,-9514.44
15681,217,2025-05-06,Salary Credit,38877.56
15682,339,2024-04-20,Dining,-1045.23
15683,41,2025-05-25,Travel,-863.74
15684,35,2024-12-21,Entertainment,-2421.05
15685,75,2024-02-17,shopping,-756.9
15686,277,2024-06-30,ATM Withdrawal,-397.95
15687,112,2025-04-14,ATM Withdrawal,-501.64
15688,205,2024-07-03,Shopping,-486.76
15689,63,2025-05-30,Utilities,-676.89
15690,118,2024-08-16,Shopping,-429.81
15691,9,2024-07-05,Groceries,-1213.93
15692,378,2025-04-09,Shopping,-31.25
15693,219,2025-03-04,Groceries,-1718.94
15694,83,2024-05-09,Entertainment,-1237.06
15695,247,2025-03-01,ATM Withdrawal,-2659.59
15696,437,2024-05-16,dining ,-1620.18
15697,387,2025-05-03,Transfer,11028.68
15698,414,2024-01-05,ATM Withdrawal,-1590.99
15699,191,2024-12-26,ATM Withdrawal,-1006.71
15700,169,2024-03-25,Utilities,-417.71
15701,148,2025-01-03,shopping,-2507.6
15702,143,2025-06-17,shopping,-292.47
15703,431,2024-12-29,Travel,-174.41
15704,65,2024-08-24,shopping,-178.43
15705,399,2025-03-24,Dining,-522.79
15706,429,2024-04-16,Entertainment,-1239.08
15707,396,2024-10-23,Healthcare,-964.12
15708,294,2025-06-10,Utilities,-1672.84
15709,401,2024-07-12,,-218.97
15710,15,2024-01-15,dining ,-415.4
15711,383,2024-08-28,Entertainment,-1338.19
15712,240,2024-09-20,dining ,-332.24
15713,449,2025-03-18,Transfer,913.5
15714,41,2025-03-14,Transfer,4854.43
15715,436,2024-07-04,Utilities,-1138.06
15716,269,2025-02-25,Transfer,-4652.12
15717,49,2024-03-18,Shopping,-2295.26
15718,239,2024-04-13,Utilities,-1471.98
15719,18,2024-11-25,Entertainment,-1200.31
15720,39,2025-01-20,shopping,-2413.21
15721,249,2025-03-15,Groceries,-2077.51
15722,382,2024-12-05,Salary Credit,39160.64
15723,51,2024-03-10,ATM Withdrawal,-1951.09
15724,123,2025-01-03,Salary Credit,59183.62
15725,184,2024-08-21,Utilities,-2798.99
15726,254,2024-05-25,ATM Withdrawal,-2079.06
15727,1,2024-07-03,Utilities,-1549.19
15728,300,2025-03-17,Shopping,-1461.21
15729,234,2024-04-06,dining ,-2511.48
15730,451,2024-10-31,Salary Credit,34298.55
15731,142,2024-02-15,Transfer,5391.23
15732,232,2025-01-30,Groceries,-369.57
15733,39,2024-03-22,Groceries,-136.2
15734,430,2025-05-27,Transfer,116.86
15735,391,2025-04-25,Utilities,-1708.04
15736,167,2025-04-11,Utilities,-2930.21
15737,216,2024-07-08,shopping,-750.73
15738,402,2025-03-02,Shopping,-431.42
15739,139,2024-03-14,GROCERIES,-2287.62
15740,111,2024-06-06,Transfer,-8763.09
15741,114,2024-03-13,Dining,-321.74
15742,332,2024-01-30,Transfer,6957.75
15743,99,2024-07-19,Transfer,-1850.23
15744,42,2024-11-09,Dining,-911.31
15745,78,2025-04-15,Transfer,3915.23
15746,462,2024-01-19,ATM Withdrawal,-1874.58
15747,409,2024-08-09,Healthcare,-2334.58
15748,447,2025-01-24,ATM Withdrawal,-586.41
15749,130,2024-04-19,Travel,-3448.25
15750,207,2025-02-05,Salary Credit,45451.84
15751,230,2024-11-06,ATM Withdrawal,-689.12
15752,246,2024-11-02,ATM Withdrawal,-2484.9
15753,13,2024-03-09,Shopping,-1326.06
15754,280,2024-04-01,Transfer,-3372.93
15755,19,2025-04-23,Utilities,-3091.99
15756,129,2025-04-22,Healthcare,-305.5
15757,137,2024-09-03,Utilities,-2213.25
15758,316,2024-11-20,Groceries,-469.53
15759,420,2024-10-22,dining ,-639.54
15760,327,2024-10-07,Entertainment,-1126.25
15761,204,2025-01-23,Transfer,-6396.27
15762,246,2024-11-05,Travel,-280.26
15763,240,2024-03-09,Entertainment,-710.01
15764,70,2024-02-15,Dining,-2126.18
15765,449,2025-04-08,Dining,-2122.1
15766,431,2025-02-07,groceries,-938.7
15767,113,2024-04-18,Travel,-142.23
15768,54,2024-02-03,Shopping,-1393.98
15769,78,2024-04-29,groceries,-1950.18
15770,295,2024-11-11,Groceries,-1363.4
15771,14,2024-11-14,Travel,-2464.84
15772,49,2024-04-02,Dining,-957.22
15773,304,2024-04-06,Shopping,-13.82
15774,69,2024-04-23,shopping,-664.69
15775,33,2024-08-29,dining ,-1201.38
15776,10,2024-05-07,Groceries,-566.9
15777,331,2024-09-05,Salary Credit,40843.22
15778,171,2024-01-08,Transfer,2562.99
15779,134,2025-05-25,shopping,-0.2
15780,300,2025-05-01,shopping,-1928.97
15781,80,2024-07-03,Healthcare,-1780.85
15782,245,2025-03-14,Transfer,-1888.45
15783,227,2024-10-18,Utilities,-1836.69
15784,316,2024-01-18,Entertainment,-182.46
15785,292,2024-06-04,shopping,-548.82
15786,316,2024-02-01,shopping,-206.03
15787,100,2025-01-20,ATM Withdrawal,-787.44
15788,66,2025-03-02,Travel,-1707.65
15789,250,2024-12-02,Entertainment,-1442.87
15790,27,2024-01-04,Dining,-467.65
15791,213,2024-05-08,Travel,-1370.51
15792,293,2024-09-12,Groceries,-1543.89
15793,385,2024-03-19,ATM Withdrawal,-2059.91
15794,306,2024-02-28,Utilities,-1523.35
15795,466,2024-06-14,Travel,-1863.93
15796,261,2024-11-18,Entertainment,-1258.32
15797,209,2024-02-18,dining ,-466.62
15798,116,2025-06-28,GROCERIES,-1345.64
15799,316,2024-09-07,Shopping,-2294.05
15800,380,2024-04-03,Travel,-2341.05
15801,151,2024-01-11,GROCERIES,-1123.31
15802,36,2025-06-05,Utilities,-1766.04
15803,5,2024-11-20,dining ,-755.2
15804,296,2025-04-16,dining ,-1560.55
15805,311,2025-02-27,Transfer,-3709.54
15806,57,2025-06-21,Utilities,-243.74
15807,11,2025-04-29,Shopping,-810.62
15808,307,2025-02-21,Dining,-1746.82
15809,187,2025-04-08,Healthcare,-1600.54
15810,196,2025-04-12,Transfer,11437.75
15811,123,2024-05-18,Travel,-736.47
15812,337,2024-11-20,ATM Withdrawal,-409.52
15813,349,2025-06-21,Utilities,-2447.33
15814,25,2025-04-17,groceries,-344.69
15815,42,2024-02-27,Travel,-1373.87
15816,260,2024-03-01,shopping,-1652.59
15817,283,2024-04-19,Utilities,-879.18
15818,68,2025-02-08,Travel,-218.74
15819,74,2024-08-02,ATM Withdrawal,-28.73
15820,320,2024-12-08,Entertainment,-1949.85
15821,213,2024-03-17,Entertainment,-621.78
15822,57,2024-02-02,shopping,-965.67
15823,286,2025-02-24,Salary Credit,32091.58
15824,35,2024-06-07,Shopping,-471.11
15825,108,2024-01-24,Travel,-488.9
15826,334,2024-04-27,ATM Withdrawal,-1003.67
15827,105,2024-06-25,groceries,-924.67
15828,30,2024-08-08,Entertainment,-2523.18
15829,450,2025-05-03,Utilities,-1822.52
15830,106,2024-04-18,Dining,-398.77
15831,241,2024-11-25,Utilities,-2115.78
15832,386,2024-05-29,Transfer,5204.39
15833,464,2024-09-28,Dining,-2087.17
15834,379,2024-06-10,Salary Credit,54620.46
15835,159,2024-07-06,Utilities,-762.78
15836,400,2024-11-22,ATM Withdrawal,-102.22
15837,6,2024-11-17,shopping,-1708.36
15838,153,2024-03-14,Healthcare,-466.05
15839,94,2024-03-26,Utilities,-1437.88
15840,248,2024-05-11,Utilities,-265.79
15841,418,2025-05-05,Dining,-2076.63
15842,362,2024-06-21,shopping,-516.51
15843,468,2024-11-10,Transfer,-4367.15
15844,65,2024-09-01,Dining,-952.33
15845,353,2024-07-12,Healthcare,-74.64
15846,340,2024-01-21,Groceries,-2171.57
15847,214,2024-08-28,Transfer,4569.68
15848,46,2025-06-28,ATM Withdrawal,-516.41
15849,49,2025-05-27,Entertainment,-989.4
15850,428,2024-06-12,shopping,-744.58
15851,139,2024-10-17,ATM Withdrawal,-1179.54
15852,299,2024-06-05,groceries,-919.46
15853,443,2025-05-17,Travel,-383.52
15854,231,2024-10-29,Transfer,8394.21
15855,99,2025-05-16,GROCERIES,-1007.32
15856,227,2025-04-10,Transfer,-5312.75
15857,108,2024-06-27,Utilities,-835.68
15858,85,2024-09-05,Utilities,-946.08
15859,380,2024-11-06,Salary Credit,42061.97
15860,162,2024-05-15,GROCERIES,-1104.47
15861,321,2025-03-29,Salary Credit,46791.92
15862,341,2024-11-04,Entertainment,-190.23
15863,258,2024-04-23,Groceries,-280.78
15864,254,2024-09-20,dining ,-1902.16
15865,85,2025-03-23,Groceries,-1661.4
15866,248,2024-08-18,Shopping,-217.56
15867,352,2025-01-22,ATM Withdrawal,-1670.32
15868,92,2025-06-20,Entertainment,-1956.35
15869,109,2024-07-01,Utilities,-1427.19
15870,324,2025-06-26,Groceries,-288.67
15871,460,2024-08-13,Groceries,-3.39
15872,184,2024-11-02,Utilities,-1157.7
15873,388,2025-02-25,shopping,-2894.12
15874,86,2024-02-07,Entertainment,-715.45
15875,267,2025-01-17,Dining,-1744.93
15876,442,2024-11-04,Transfer,3068.07
15877,207,2024-12-23,shopping,-2729.95
15878,238,2025-06-03,Entertainment,-1237.33
15879,73,2024-09-21,Entertainment,-108.62
15880,248,2025-05-19,Entertainment,-466.01
15881,275,2024-11-05,Travel,-393.34
15882,460,2024-04-27,Utilities,-1304.71
15883,95,2024-12-21,Dining,-573.31
15884,172,2024-04-13,dining ,-754.32
15885,303,2025-05-05,Salary Credit,60570.4
15886,442,2024-03-23,Healthcare,-672.25
15887,112,2024-09-28,Salary Credit,46411.64
15888,326,2025-03-22,Travel,-954.33
15889,412,2024-01-06,dining ,-1155.73
15890,297,2024-09-24,ATM Withdrawal,-1800.16
15891,200,2024-10-02,Dining,-778.39
15892,110,2024-07-03,groceries,-1335.28
15893,135,2025-01-01,groceries,-861.45
15894,25,2024-06-26,Entertainment,-1357.97
15895,72,2024-07-23,Travel,-1016.95
15896,205,2024-05-30,Healthcare,-1025.04
15897,66,2024-12-06,shopping,-1466.0
15898,5,2025-04-26,ATM Withdrawal,-704.83
15899,325,2024-04-06,Transfer,-2113.76
15900,34,2024-08-11,Entertainment,-2495.23
15901,67,2024-05-03,Dining,-82.88
15902,279,2024-05-12,Dining,-962.78
15903,432,2025-06-13,dining ,-1479.69
15904,340,2025-01-22,Travel,-360.49
15905,16,2025-05-29,dining ,-298.4
15906,79,2024-12-12,ATM Withdrawal,-947.22
15907,347,2024-12-29,Utilities,-2006.2
15908,343,2025-01-24,Healthcare,-1273.77
15909,184,2024-12-21,Transfer,10684.24
15910,445,2025-03-23,ATM Withdrawal,-1708.21
15911,416,2024-06-26,ATM Withdrawal,-788.42
15912,348,2024-02-25,groceries,-1224.68
15913,351,2024-09-23,Groceries,-195.76
15914,368,2024-01-02,Travel,-961.17
15915,70,2024-01-26,Entertainment,-208.44
15916,328,2024-01-28,Groceries,-1026.65
15917,440,2024-02-12,Travel,-1400.99
15918,106,2025-01-20,Transfer,4186.08
15919,7,2024-11-21,Utilities,-2961.87
15920,169,2025-05-24,Entertainment,-1259.18
15921,127,2024-06-06,Healthcare,-1076.02
15922,445,2024-06-29,groceries,-305.13
15923,209,2024-09-24,Salary Credit,44974.01
15924,310,2025-03-01,GROCERIES,-769.33
15925,460,2025-05-22,Travel,-2821.55
15926,370,2025-02-01,Entertainment,-1712.43
15927,351,2024-10-03,GROCERIES,-2478.36
15928,454,2025-06-17,Healthcare,-1387.63
15929,323,2024-04-08,Healthcare,-2321.28
15930,109,2024-09-13,ATM Withdrawal,-299.36
15931,341,2024-05-14,Utilities,-1424.65
15932,151,2024-03-31,dining ,-417.7
15933,155,2024-08-04,Travel,-804.34
15934,302,2025-02-21,dining ,-1237.47
15935,148,2024-06-23,Groceries,-338.54
15936,12,2025-03-22,Groceries,-115.94
15937,468,2024-11-28,ATM Withdrawal,-2085.31
15938,268,2025-01-20,groceries,-312.54
15939,314,2024-05-12,Utilities,-2721.08
15940,379,2025-04-15,ATM Withdrawal,-465.91
15941,297,2024-04-21,dining ,-1709.86
15942,286,2024-07-21,Utilities,-1762.57
15943,371,2025-03-02,GROCERIES,-204.93
15944,139,2025-01-11,Groceries,-1614.1
15945,388,2024-06-12,Dining,-1354.48
15946,339,2024-05-23,Groceries,-1768.14
15947,86,2024-08-24,shopping,-2288.62
15948,69,2024-08-31,GROCERIES,-1932.32
15949,412,2024-02-02,Utilities,-418.47
15950,419,2024-05-12,ATM Withdrawal,-1077.58
15951,465,2024-03-25,ATM Withdrawal,-458.38
15952,48,2024-03-25,Travel,-681.75
15953,420,2024-07-11,Healthcare,-1639.16
15954,405,2024-01-20,Transfer,6815.26
15955,360,2025-01-04,Salary Credit,49656.27
15956,233,2024-12-31,Travel,-1459.02
15957,238,2024-04-30,GROCERIES,-1596.57
15958,201,2025-04-22,,-790.75
15959,14,2024-11-19,Shopping,-2416.03
15960,235,2024-06-20,Healthcare,-1801.24
15961,111,2024-04-15,Healthcare,-1181.08
15962,94,2024-08-21,groceries,-2213.64
15963,27,2025-06-07,Healthcare,-736.34
15964,215,2024-01-02,Transfer,-7684.68
15965,23,2024-01-11,ATM Withdrawal,-103.73
15966,398,2024-08-13,Entertainment,-3200.41
15967,417,2025-05-15,Utilities,-670.03
15968,375,2024-06-02,Travel,-792.73
15969,141,2025-02-11,Entertainment,-1218.1
15970,77,2024-11-08,groceries,-1866.03
15971,237,2024-04-18,ATM Withdrawal,-1952.04
15972,316,2025-05-10,Transfer,-9497.46
15973,10,2024-03-29,Entertainment,-1142.53
15974,401,2024-10-02,dining ,-1497.06
15975,206,2024-12-27,ATM Withdrawal,-184.37
15976,384,2025-01-03,GROCERIES,-236.31
15977,37,2025-04-10,Entertainment,-1117.81
15978,200,2025-01-19,shopping,-1522.08
15979,215,2024-12-24,Salary Credit,44630.73
15980,23,2024-03-24,Entertainment,-1671.83
15981,332,2024-06-16,Shopping,-1148.91
15982,436,2024-07-07,Shopping,-989.43
15983,253,2024-07-21,shopping,-3360.22
15984,186,2024-03-02,Salary Credit,42894.43
15985,298,2024-02-21,ATM Withdrawal,-2111.2
15986,169,2024-08-28,Transfer,-5369.82
15987,169,2025-01-28,groceries,-592.92
15988,356,2025-04-28,Utilities,-2982.01
15989,277,2025-05-27,Travel,-698.16
15990,124,2024-09-19,groceries,-1172.19
15991,191,2025-05-04,Transfer,-2529.53
15992,391,2024-09-05,Shopping,-404.72
15993,248,2024-09-14,groceries,-1131.44
15994,36,2024-04-24,Salary Credit,47900.47
15995,402,2024-12-08,Utilities,-2151.86
15996,347,2024-06-18,ATM Withdrawal,-678.84
15997,125,2024-09-21,dining ,-663.79
15998,452,2025-05-25,groceries,-2356.6
15999,446,2024-10-24,GROCERIES,-2634.51
16000,467,2024-06-14,Travel,-1124.26
16001,177,2024-12-31,ATM Withdrawal,-1619.13
16002,433,2025-02-02,Salary Credit,58356.61
16003,378,2024-11-26,groceries,-3583.94
16004,408,2024-01-23,shopping,-1576.97
16005,257,2024-05-03,shopping,-1877.98
16006,131,2024-03-10,Transfer,-559.58
16007,107,2025-06-04,dining ,-1511.86
16008,453,2024-06-18,ATM Withdrawal,-2434.07
16009,236,2024-09-15,Salary Credit,38974.78
16010,435,2025-05-06,Salary Credit,30164.2
16011,260,2025-06-24,Travel,-1731.76
16012,251,2024-04-29,GROCERIES,-380.66
16013,35,2025-04-13,Dining,-214.88
16014,189,2025-01-31,Transfer,-96.32
16015,261,2024-11-30,Salary Credit,28976.88
16016,52,2024-04-01,Shopping,-2151.63
16017,76,2025-01-11,Shopping,-1324.47
16018,277,2024-11-29,GROCERIES,-3051.02
16019,117,2024-08-31,Utilities,-1861.21
16020,328,2024-11-15,Salary Credit,61491.5
16021,216,2024-04-24,Groceries,-620.41
16022,190,2024-12-04,Entertainment,-1526.18
16023,55,2024-03-24,groceries,-53.27
16024,191,2024-06-05,ATM Withdrawal,-950.41
16025,254,2024-09-26,Utilities,-2491.13
16026,269,2024-03-29,Entertainment,-1163.53
16027,127,2025-05-12,Transfer,4933.51
16028,14,2025-04-28,Utilities,-1329.2
16029,438,2024-09-15,shopping,-1330.34
16030,449,2024-11-06,Healthcare,-2399.76
16031,424,2024-06-07,Salary Credit,39231.65
16032,136,2024-04-25,GROCERIES,-1013.96
16033,283,2025-06-07,Transfer,-5293.81
16034,66,2024-08-13,Utilities,-386.86
16035,424,2025-06-03,Utilities,-797.96
16036,3,2024-02-06,Transfer,2527.7
16037,221,2024-02-28,Healthcare,-3696.39
16038,402,2024-09-16,groceries,-2672.95
16039,340,2025-03-02,Travel,-1359.23
16040,404,2024-08-19,Utilities,-1718.06
16041,233,2025-04-02,Entertainment,-1893.48
16042,45,2024-03-13,Entertainment,-1704.02
16043,4,2025-04-11,Entertainment,-1285.89
16044,72,2024-08-30,Groceries,-3676.67
16045,27,2024-06-04,groceries,-553.49
16046,210,2024-12-14,Shopping,-851.7
16047,24,2025-02-28,dining ,-1265.39
16048,87,2025-05-21,groceries,-1780.53
16049,197,2024-02-17,dining ,-3010.61
16050,345,2025-01-18,ATM Withdrawal,-1198.52
16051,316,2024-06-20,ATM Withdrawal,-1720.68
16052,28,2024-09-30,Transfer,-6156.79
16053,423,2024-09-08,groceries,-1125.6
16054,258,2025-02-23,Transfer,-6285.25
16055,164,2024-08-05,Shopping,-2089.78
16056,180,2024-06-01,Utilities,-936.2
16057,398,2024-09-22,Salary Credit,40674.55
16058,218,2024-12-30,Transfer,-3970.47
16059,116,2025-04-06,Groceries,-1469.06
16060,199,2024-01-03,Transfer,11290.1
16061,33,2024-11-05,Shopping,-1357.49
16062,72,2024-02-09,Salary Credit,59906.29
16063,148,2024-12-03,Entertainment,-1763.59
16064,104,2024-12-06,ATM Withdrawal,-598.44
16065,164,2025-04-10,shopping,-1307.01
16066,31,2024-04-14,Utilities,-1892.34
16067,286,2025-03-09,shopping,-1961.96
16068,54,2025-01-10,Transfer,-3561.15
16069,102,2024-12-28,Healthcare,-879.53
16070,458,2024-12-13,Transfer,4407.14
16071,3,2024-10-26,Transfer,-5916.12
16072,131,2024-02-04,ATM Withdrawal,-2899.26
16073,235,2025-03-19,Transfer,-81.26
16074,144,2024-08-01,dining ,-333.54
16075,151,2024-02-26,Travel,-1935.13
16076,60,2024-11-30,Shopping,-709.38
16077,199,2025-05-31,Shopping,-1442.66
16078,354,2025-01-23,Shopping,-563.2
16079,276,2024-05-14,Healthcare,-1066.59
16080,433,2025-03-20,Entertainment,-907.45
16081,328,2025-04-06,Transfer,-2939.54
16082,370,2024-06-29,Transfer,-8929.66
16083,203,2024-10-11,Transfer,-6919.4
16084,287,2025-04-01,ATM Withdrawal,-3039.47
16085,271,2024-03-26,dining ,-15.99
16086,381,2024-07-12,Entertainment,-1010.13
16087,235,2024-09-05,Utilities,-885.76
16088,190,2024-01-04,ATM Withdrawal,-1838.45
16089,33,2024-04-01,groceries,-65.45
16090,403,2024-11-28,Shopping,-1800.69
16091,204,2024-05-23,Utilities,-98.66
16092,374,2024-05-11,ATM Withdrawal,-1873.08
16093,318,2024-06-10,Entertainment,-2239.41
16094,1,2024-03-08,Groceries,-181.27
16095,305,2024-12-13,groceries,-869.55
16096,229,2024-05-20,Entertainment,-2271.21
16097,113,2024-12-21,Dining,-2452.69
16098,124,2025-03-27,ATM Withdrawal,-84.9
16099,299,2024-09-17,Transfer,6960.87
16100,41,2025-05-13,ATM Withdrawal,-1191.67
16101,284,2024-04-16,Groceries,-2492.47
16102,397,2025-06-08,ATM Withdrawal,-707.76
16103,41,2024-06-24,Healthcare,-826.59
16104,4,2024-06-14,Utilities,-606.75
16105,29,2025-06-17,ATM Withdrawal,-1421.0
16106,342,2024-09-05,Utilities,-958.25
16107,397,2025-02-11,Healthcare,-1985.06
16108,463,2025-03-13,Dining,-887.23
16109,14,2024-09-01,Utilities,-1050.79
16110,226,2024-06-22,dining ,-1427.57
16111,23,2024-09-24,Healthcare,-500.28
16112,174,2024-07-28,shopping,-2162.56
16113,145,2024-08-14,Dining,-1865.07
16114,284,2024-05-09,GROCERIES,-1835.73
16115,426,2025-05-13,Entertainment,-329.63
16116,377,2024-11-07,GROCERIES,-2639.28
16117,30,2025-03-10,Salary Credit,30616.12
16118,113,2024-12-25,Salary Credit,51353.68
16119,129,2024-07-11,Transfer,-5582.34
16120,118,2024-06-22,ATM Withdrawal,-1849.79
16121,166,2025-06-19,Transfer,5419.01
16122,285,2024-01-14,Groceries,-1879.59
16123,347,2024-06-09,Travel,-1249.08
16124,440,2025-02-05,Groceries,-1444.06
16125,329,2024-10-24,Travel,-1473.33
16126,140,2024-12-02,Shopping,-3225.11
16127,87,2024-01-12,shopping,-187.32
16128,177,2024-04-29,Entertainment,-2417.27
16129,375,2024-11-22,Entertainment,-1658.02
16130,465,2024-06-20,Utilities,-1546.29
16131,184,2024-09-13,ATM Withdrawal,-105.9
16132,83,2025-06-05,ATM Withdrawal,-2287.97
16133,3,2024-12-13,Healthcare,-230.44
16134,37,2024-12-09,,-2575.91
16135,299,2024-04-17,Salary Credit,41098.87
16136,277,2024-11-20,Travel,-2575.87
16137,302,2025-06-07,Utilities,-611.88
16138,12,2024-12-14,Salary Credit,37977.77
16139,205,2025-03-03,Utilities,-1161.79
16140,85,2025-06-04,Groceries,-580.52
16141,158,2025-05-06,Transfer,4452.22
16142,292,2024-07-04,GROCERIES,-2765.98
16143,130,2024-06-10,Utilities,-749.97
16144,309,2024-06-02,Shopping,-1404.72
16145,136,2025-02-23,Salary Credit,58160.15
16146,239,2024-07-24,ATM Withdrawal,-1462.49
16147,215,2025-03-24,Healthcare,-2261.15
16148,180,2025-03-12,Travel,-1748.64
16149,59,2024-12-28,groceries,-2146.95
16150,270,2024-03-06,GROCERIES,-1187.27
16151,464,2025-01-22,shopping,-1771.27
16152,302,2024-04-22,Travel,-2874.9
16153,350,2024-10-28,Entertainment,-949.78
16154,377,2024-05-04,Shopping,-1623.97
16155,18,2024-02-03,Shopping,-636.6
16156,372,2024-12-12,Entertainment,-2180.41
16157,114,2024-09-02,Transfer,-4267.64
16158,312,2024-12-15,ATM Withdrawal,-2152.49
16159,461,2024-09-24,shopping,-1109.4
16160,419,2024-07-21,Dining,-365.26
16161,194,2024-01-09,shopping,-552.84
16162,393,2024-05-30,GROCERIES,-630.33
16163,290,2025-04-24,Shopping,-2662.19
16164,63,2025-02-15,Entertainment,-1957.12
16165,113,2024-09-09,Shopping,-2049.0
16166,448,2024-01-18,,-136.95
16167,429,2025-06-20,GROCERIES,-1248.38
16168,418,2025-02-06,Entertainment,-2645.11
16169,180,2024-01-13,dining ,-2050.87
16170,151,2024-04-24,shopping,-787.27
16171,378,2024-04-02,Transfer,-7505.05
16172,10,2025-05-07,dining ,-88.39
16173,421,2025-06-04,ATM Withdrawal,-472.68
16174,283,2024-08-13,GROCERIES,-450.7
16175,297,2024-04-06,ATM Withdrawal,-1143.08
16176,206,2024-12-16,GROCERIES,-1814.19
16177,459,2024-05-28,Utilities,-376.69
16178,351,2024-03-06,Dining,-1161.36
16179,26,2024-05-21,Entertainment,-488.53
16180,246,2024-05-18,shopping,-711.79
16181,403,2024-01-30,Transfer,8870.02
16182,36,2025-01-16,Shopping,-621.84
16183,345,2024-07-10,Transfer,4398.3
16184,115,2024-10-26,shopping,-771.13
16185,238,2024-10-27,Travel,-1527.55
16186,414,2025-02-23,ATM Withdrawal,-3485.3
16187,231,2025-02-19,Utilities,-3751.47
16188,18,2024-11-03,Entertainment,-1047.03
16189,10,2025-04-01,Entertainment,-1620.2
16190,345,2024-11-06,Groceries,-2110.59
16191,436,2024-01-15,Entertainment,-2375.42
16192,137,2025-04-12,dining ,-1817.93
16193,438,2025-02-23,ATM Withdrawal,-2241.35
16194,212,2024-08-19,Transfer,3265.4
16195,28,2024-07-29,Dining,-2235.76
16196,249,2025-05-02,Groceries,-1371.18
16197,456,2024-08-20,Transfer,6159.3
16198,118,2024-07-21,Travel,-27.45
16199,450,2025-02-03,shopping,-554.86
16200,306,2024-06-28,Transfer,-6739.87
16201,186,2024-08-08,dining ,-2863.58
16202,325,2025-02-28,Groceries,-1948.59
16203,188,2024-05-01,Healthcare,-1083.03
16204,40,2024-01-07,ATM Withdrawal,-357.98
16205,408,2024-07-02,ATM Withdrawal,-2369.92
16206,175,2024-04-03,Utilities,-1534.04
16207,265,2024-07-16,Healthcare,-1633.34
16208,349,2024-02-09,dining ,-2185.08
16209,39,2024-11-17,dining ,-1583.29
16210,338,2024-10-06,Utilities,-687.66
16211,171,2024-05-28,ATM Withdrawal,-1806.68
16212,255,2024-12-08,dining ,-1322.83
16213,214,2024-03-19,Utilities,-62.23
16214,364,2024-01-06,Shopping,-3081.42
16215,88,2024-09-16,Salary Credit,48921.38
16216,51,2024-03-28,GROCERIES,-810.07
16217,193,2025-04-11,ATM Withdrawal,-540.74
16218,56,2024-06-13,Travel,-1073.05
16219,114,2024-08-21,Utilities,-1102.4
16220,308,2024-06-09,groceries,-1763.71
16221,384,2024-08-24,Healthcare,-1029.45
16222,325,2024-02-22,ATM Withdrawal,-872.57
16223,149,2025-05-23,Groceries,-1387.05
16224,382,2024-04-04,Utilities,-851.59
16225,191,2024-08-03,GROCERIES,-1140.03
16226,85,2025-04-06,Shopping,-2487.75
16227,354,2024-08-20,ATM Withdrawal,-808.77
16228,242,2025-01-16,groceries,-1086.31
16229,174,2024-02-07,Entertainment,-512.77
16230,310,2024-06-10,Travel,-2194.66
16231,340,2025-02-18,,-320.59
16232,105,2024-05-23,groceries,-452.53
16233,55,2024-08-13,groceries,-1842.41
16234,242,2024-02-13,Transfer,4548.83
16235,25,2024-10-01,shopping,-1994.52
16236,299,2024-07-09,Transfer,2983.61
16237,206,2025-04-13,Dining,-1089.91
16238,101,2024-08-04,Utilities,-37.49
16239,281,2025-03-26,Travel,-456.82
16240,176,2025-05-07,shopping,-2021.3
16241,182,2025-04-02,Groceries,-967.11
16242,102,2025-02-08,Groceries,-1172.79
16243,317,2024-11-14,Healthcare,-1312.15
16244,423,2024-09-18,ATM Withdrawal,-211.59
16245,290,2024-02-14,groceries,-202.86
16246,111,2024-03-14,Transfer,6144.77
16247,391,2024-07-26,Utilities,-830.64
16248,57,2024-12-23,Transfer,-6845.86
16249,136,2024-01-03,Healthcare,-358.82
16250,17,2025-05-25,Groceries,-689.92
16251,398,2025-06-25,Healthcare,-882.65
16252,22,2024-02-12,Dining,-1502.93
16253,256,2024-02-22,Utilities,-876.49
16254,90,2025-04-07,Salary Credit,39937.25
16255,100,2024-04-18,ATM Withdrawal,-2724.21
16256,285,2024-04-08,Dining,-1235.95
16257,377,2024-04-12,groceries,-1789.27
16258,9,2025-01-17,Utilities,-428.39
16259,75,2024-03-13,Utilities,-40.68
16260,135,2024-04-10,Utilities,-1727.13
16261,442,2024-08-04,Dining,-983.16
16262,28,2024-11-23,Healthcare,-852.31
16263,84,2025-06-23,Transfer,2148.7
16264,189,2024-05-09,Healthcare,-2076.85
16265,153,2024-05-18,Groceries,-1788.96
16266,23,2024-10-22,groceries,-1141.32
16267,253,2024-08-15,Shopping,-1421.24
16268,285,2024-11-23,Salary Credit,42560.3
16269,83,2024-05-14,Salary Credit,39529.11
16270,323,2024-12-03,GROCERIES,-733.09
16271,27,2025-05-19,Transfer,-3816.2
16272,343,2025-01-07,Shopping,-1251.66
16273,122,2025-02-04,Utilities,-813.42
16274,105,2024-02-07,shopping,-2045.71
16275,92,2025-05-06,Groceries,-614.86
16276,407,2025-01-18,Dining,-2574.38
16277,235,2024-12-07,Healthcare,-683.9
16278,324,2024-03-25,Shopping,-684.94
16279,96,2024-10-28,Groceries,-3003.07
16280,27,2025-01-03,Utilities,-240.11
16281,18,2024-12-05,Dining,-1166.37
16282,207,2024-03-08,Entertainment,-2110.5
16283,153,2024-01-23,Transfer,-369.62
16284,360,2024-09-18,shopping,-1432.38
16285,369,2025-01-25,Healthcare,-185.12
16286,146,2024-07-29,Travel,-1232.97
16287,203,2025-01-09,Entertainment,-3032.32
16288,179,2025-06-11,shopping,-916.02
16289,316,2025-04-29,Transfer,3635.57
16290,295,2024-12-09,Entertainment,-293.43
16291,305,2025-01-31,Shopping,-176.98
16292,26,2024-02-18,Dining,-2189.1
16293,159,2024-02-16,Dining,-1377.98
16294,453,2025-01-16,Utilities,-472.98
16295,160,2025-03-12,Dining,-352.65
16296,82,2024-04-15,Travel,-706.07
16297,94,2024-11-18,Shopping,-214.16
16298,13,2024-06-04,GROCERIES,-1278.91
16299,366,2024-02-29,Entertainment,-1429.57
16300,3,2024-07-25,GROCERIES,-1416.77
16301,279,2024-09-01,Groceries,-3018.67
16302,187,2025-02-27,groceries,-353.27
16303,45,2025-04-16,Healthcare,-774.32
16304,414,2025-05-29,Travel,-725.64
16305,348,2024-02-26,Dining,-1969.16
16306,384,2025-05-18,groceries,-1870.65
16307,439,2024-10-09,Travel,-182.36
16308,427,2024-04-03,Healthcare,-2500.65
16309,328,2024-12-18,shopping,-382.8
16310,250,2024-02-02,Utilities,-1968.51
16311,327,2024-09-08,Utilities,-1914.22
16312,211,2025-03-27,GROCERIES,-1558.19
16313,85,2025-06-13,Shopping,-903.56
16314,181,2024-06-06,Travel,-920.15
16315,219,2024-04-05,ATM Withdrawal,-1633.14
16316,22,2024-11-13,Dining,-1673.71
16317,397,2024-03-26,GROCERIES,-1838.6
16318,426,2025-06-17,Shopping,-1838.94
16319,197,2024-06-27,ATM Withdrawal,-1508.19
16320,233,2024-04-11,Shopping,-2472.01
16321,394,2024-05-09,Transfer,-3199.36
16322,213,2024-07-23,Transfer,-3325.29
16323,323,2025-02-08,,-3399.25
16324,242,2025-04-17,Travel,-1887.87
16325,127,2025-02-05,Entertainment,-2112.03
16326,372,2024-12-20,ATM Withdrawal,-1601.72
16327,91,2024-05-27,Salary Credit,44548.4
16328,106,2025-05-25,shopping,-3603.68
16329,324,2025-06-28,GROCERIES,-2293.95
16330,333,2024-12-10,shopping,-911.33
16331,447,2025-03-02,Transfer,4183.93
16332,333,2024-06-14,Healthcare,-1399.79
16333,12,2024-08-31,Travel,-713.26
16334,398,2025-03-14,Healthcare,-887.14
16335,194,2024-08-19,dining ,-167.75
16336,5,2025-02-17,Healthcare,-955.86
16337,271,2025-04-13,shopping,-2979.23
16338,80,2025-05-23,ATM Withdrawal,-744.33
16339,195,2024-06-07,shopping,-926.4
16340,221,2024-09-16,Healthcare,-1262.13
16341,35,2024-07-29,groceries,-1826.39
16342,399,2024-10-01,Travel,-1898.31
16343,239,2025-02-08,Entertainment,-2126.21
16344,452,2024-06-25,Dining,-1717.39
16345,218,2024-05-06,Shopping,-958.82
16346,279,2024-05-26,shopping,-2338.15
16347,381,2025-02-21,Transfer,8094.9
16348,100,2025-06-27,Entertainment,-185.85
16349,426,2024-02-26,dining ,-2371.24
16350,87,2025-06-16,ATM Withdrawal,-397.61
16351,467,2024-01-18,Shopping,-105.02
16352,300,2024-10-15,ATM Withdrawal,-30.84
16353,243,2024-03-13,dining ,-1382.57
16354,99,2025-06-04,Utilities,-3257.34
16355,267,2025-02-19,shopping,-1023.53
16356,259,2024-07-13,GROCERIES,-1098.92
16357,461,2025-01-09,ATM Withdrawal,-1891.58
16358,391,2025-04-08,dining ,-681.78
16359,226,2024-04-28,Healthcare,-1065.34
16360,183,2024-12-12,Entertainment,-886.32
16361,182,2024-06-12,Salary Credit,60738.17
16362,178,2025-01-25,Entertainment,-1268.06
16363,7,2024-11-05,Healthcare,-1873.78
16364,17,2025-01-26,Transfer,-2863.37
16365,352,2024-12-13,Salary Credit,35888.33
16366,119,2024-12-12,Travel,-1797.5
16367,193,2024-02-16,Transfer,-8090.24
16368,327,2025-04-09,ATM Withdrawal,-401.91
16369,285,2024-04-03,shopping,-1116.81
16370,169,2024-08-01,Shopping,-40.52
16371,353,2024-10-05,Dining,-755.01
16372,75,2025-04-07,Transfer,663.91
16373,222,2024-12-08,Entertainment,-944.07
16374,50,2024-04-09,groceries,-2377.06
16375,249,2024-06-05,GROCERIES,-427.66
16376,45,2024-04-18,Healthcare,-416.34
16377,441,2024-11-18,dining ,-1049.73
16378,309,2025-01-25,ATM Withdrawal,-1034.31
16379,115,2025-01-21,Shopping,-1893.06
16380,287,2025-02-12,Shopping,-30.89
16381,164,2025-01-17,Groceries,-1053.42
16382,243,2025-05-06,groceries,-1257.16
16383,79,2025-05-09,shopping,-2721.6
16384,235,2024-05-29,Travel,-1025.51
16385,50,2024-06-14,Transfer,-4761.36
16386,72,2024-01-31,Healthcare,-1870.98
16387,274,2024-05-25,Transfer,-4116.86
16388,235,2024-10-03,Travel,-1133.68
16389,138,2024-12-25,Shopping,-2674.34
16390,29,2025-04-22,dining ,-2229.66
16391,199,2024-11-19,ATM Withdrawal,-577.43
16392,434,2025-06-13,Travel,-600.92
16393,332,2024-10-28,Entertainment,-663.56
16394,28,2025-04-12,ATM Withdrawal,-188.53
16395,439,2025-03-16,dining ,-702.91
16396,199,2024-09-24,Travel,-1090.65
16397,270,2025-04-20,ATM Withdrawal,-503.92
16398,1,2025-04-15,Entertainment,-1660.3
16399,146,2024-06-19,Utilities,-306.21
16400,368,2024-04-26,ATM Withdrawal,-138.08
16401,155,2024-03-07,Dining,-1793.21
16402,78,2025-05-17,Entertainment,-2910.83
16403,43,2024-08-29,Shopping,-1427.59
16404,433,2024-11-04,,-1660.66
16405,381,2024-05-28,Travel,-862.28
16406,21,2024-07-31,Healthcare,-2339.92
16407,434,2024-08-07,ATM Withdrawal,-1662.8
16408,385,2024-11-12,Dining,-86.67
16409,169,2024-04-05,shopping,-1526.11
16410,308,2025-03-03,Utilities,-2491.24
16411,121,2024-07-31,Transfer,-8542.48
16412,117,2024-05-10,Transfer,7400.81
16413,335,2024-01-08,Shopping,-46.0
16414,95,2024-02-25,Utilities,-473.36
16415,167,2024-05-26,Entertainment,-2765.59
16416,168,2025-02-03,Entertainment,-893.91
16417,71,2025-04-10,Shopping,-506.88
16418,388,2025-06-03,ATM Withdrawal,-1745.74
16419,316,2024-06-11,Utilities,-2155.86
16420,404,2024-12-13,Utilities,-1127.64
16421,246,2024-05-26,Healthcare,-1694.79
16422,83,2024-03-18,ATM Withdrawal,-454.63
16423,131,2024-10-22,groceries,-782.12
16424,166,2024-12-16,shopping,-428.0
16425,441,2025-02-18,Travel,-233.81
16426,112,2024-03-04,Dining,-2493.04
16427,325,2025-02-11,Healthcare,-1783.31
16428,58,2024-06-14,groceries,-851.38
16429,448,2024-05-31,Utilities,-719.62
16430,303,2024-01-18,Transfer,-6783.44
16431,202,2024-04-21,groceries,-720.01
16432,162,2024-09-22,Travel,-512.89
16433,166,2024-04-13,Salary Credit,40292.51
16434,106,2024-06-24,Utilities,-1564.72
16435,281,2024-10-15,Travel,-1191.31
16436,406,2024-02-23,Shopping,-290.42
16437,113,2025-04-21,Healthcare,-895.11
16438,351,2024-06-17,Entertainment,-500.31
16439,265,2025-02-17,groceries,-1617.15
16440,363,2024-12-18,shopping,-978.47
16441,361,2025-02-13,ATM Withdrawal,-2773.72
16442,19,2024-06-06,Utilities,-602.46
16443,10,2024-04-03,dining ,-688.92
16444,429,2024-03-18,shopping,-721.13
16445,73,2024-05-05,Travel,-1026.29
16446,269,2024-10-23,Entertainment,-1957.61
16447,353,2024-12-06,Dining,-802.02
16448,236,2025-02-14,Groceries,-844.08
16449,3,2025-06-09,Entertainment,-1521.33
16450,5,2025-03-28,Entertainment,-348.28
16451,314,2024-07-13,Travel,-1767.64
16452,421,2024-09-14,Transfer,2291.58
16453,161,2025-06-04,Transfer,517.44
16454,255,2025-01-22,Dining,-208.13
16455,438,2024-08-15,ATM Withdrawal,-1014.04
16456,387,2025-03-30,ATM Withdrawal,-1116.85
16457,253,2024-03-15,Utilities,-944.23
16458,307,2025-01-01,Healthcare,-131.87
16459,450,2025-06-01,Healthcare,-1009.37
16460,373,2024-10-14,shopping,-197.73
16461,195,2024-11-30,groceries,-57.09
16462,325,2024-02-02,Entertainment,-2176.6
16463,154,2024-11-25,Shopping,-1078.37
16464,432,2024-06-07,GROCERIES,-1579.78
16465,44,2025-06-25,ATM Withdrawal,-2460.22
16466,106,2024-06-23,ATM Withdrawal,-1119.53
16467,162,2024-06-20,GROCERIES,-2035.78
16468,95,2024-08-03,Utilities,-1519.62
16469,279,2025-01-14,Entertainment,-523.54
16470,334,2025-06-02,Healthcare,-1040.8
16471,417,2024-07-07,Travel,-494.48
16472,235,2024-04-23,GROCERIES,-1720.81
16473,291,2025-02-20,Utilities,-2067.88
16474,281,2024-10-22,shopping,-60.12
16475,2,2024-09-04,Utilities,-378.96
16476,332,2025-06-24,Salary Credit,41873.56
16477,11,2024-09-27,GROCERIES,-436.38
16478,257,2024-12-03,Transfer,-5988.98
16479,468,2025-06-18,Transfer,-8758.29
16480,369,2024-04-23,Transfer,-3243.27
16481,238,2025-05-06,Utilities,-1504.7
16482,150,2025-06-07,Salary Credit,44317.33
16483,392,2024-09-13,Utilities,-233.55
16484,403,2024-07-02,Travel,-392.92
16485,173,2024-03-29,ATM Withdrawal,-853.44
16486,51,2024-01-27,Transfer,-7224.74
16487,273,2025-06-20,Transfer,-1705.56
16488,297,2024-08-23,dining ,-473.0
16489,438,2024-12-30,ATM Withdrawal,-1942.35
16490,417,2024-05-11,dining ,-749.73
16491,108,2024-06-25,Salary Credit,47548.23
16492,119,2025-03-22,Utilities,-992.99
16493,467,2024-12-23,Transfer,-4976.86
16494,153,2024-04-29,Healthcare,-791.26
16495,215,2024-01-03,Utilities,-2168.88
16496,143,2025-03-22,Entertainment,-232.52
16497,185,2024-02-13,ATM Withdrawal,-806.74
16498,265,2024-01-20,Shopping,-2085.11
16499,137,2024-06-12,shopping,-971.48
16500,194,2025-05-21,Utilities,-1058.71
16501,166,2024-12-17,Dining,-2020.44
16502,51,2024-01-23,Groceries,-1573.19
16503,369,2025-05-14,ATM Withdrawal,-1916.28
16504,418,2025-05-26,dining ,-2231.99
16505,231,2025-01-14,shopping,-144.79
16506,96,2024-02-10,Entertainment,-741.87
16507,301,2024-01-08,ATM Withdrawal,-411.35
16508,250,2025-04-20,Dining,-1442.84
16509,258,2025-03-24,ATM Withdrawal,-2085.84
16510,279,2025-03-29,Dining,-1101.19
16511,336,2024-09-22,Transfer,1393.1
16512,20,2024-11-19,groceries,-368.49
16513,47,2024-04-04,GROCERIES,-1170.21
16514,45,2024-01-20,Healthcare,-2585.5
16515,73,2024-04-30,Utilities,-51.39
16516,455,2024-12-04,dining ,-3277.9
16517,342,2024-08-07,dining ,-1593.61
16518,311,2024-12-02,Utilities,-1626.49
16519,328,2024-08-28,Transfer,-6877.29
16520,16,2024-10-30,dining ,-153.42
16521,100,2025-06-02,GROCERIES,-585.96
16522,372,2024-12-10,Entertainment,-196.87
16523,217,2025-06-03,Utilities,-1696.09
16524,238,2025-06-11,Groceries,-298.09
16525,352,2024-12-02,groceries,-918.93
16526,36,2025-06-26,Entertainment,-511.21
16527,374,2024-05-15,shopping,-2396.04
16528,319,2024-10-10,Salary Credit,39327.08
16529,189,2024-02-10,Salary Credit,35390.51
16530,234,2024-02-20,shopping,-1542.32
16531,35,2024-03-13,Transfer,8908.39
16532,96,2024-03-14,Entertainment,-1385.72
16533,116,2024-08-11,Salary Credit,46383.7
16534,411,2025-01-27,Transfer,-7334.1
16535,53,2025-06-21,groceries,-1523.84
16536,137,2025-06-19,shopping,-1822.78
16537,62,2024-04-07,Salary Credit,49865.3
16538,134,2024-08-25,Dining,-814.88
16539,5,2024-08-23,dining ,-29.23
16540,128,2024-02-23,groceries,-950.81
16541,339,2024-01-22,Utilities,-695.66
16542,360,2024-07-11,Transfer,-3516.16
16543,178,2025-04-11,Groceries,-2278.47
16544,331,2024-07-28,Salary Credit,42992.52
16545,290,2024-07-27,groceries,-2689.17
16546,423,2025-06-27,Shopping,-1535.02
16547,377,2024-07-24,Dining,-355.96
16548,108,2025-01-09,Dining,-2143.55
16549,276,2025-06-18,shopping,-2050.04
16550,369,2024-03-05,dining ,-398.14
16551,144,2024-10-05,Travel,-1764.97
16552,269,2024-07-02,Salary Credit,55771.3
16553,188,2024-03-05,Healthcare,-816.74
16554,145,2024-01-27,Salary Credit,35600.67
16555,94,2024-12-19,Shopping,-1967.81
16556,17,2024-12-21,Shopping,-954.04
16557,351,2024-11-02,Shopping,-2448.68
16558,384,2025-01-01,shopping,-1971.47
16559,306,2025-01-26,Shopping,-1870.7
16560,113,2024-02-01,shopping,-2175.69
16561,9,2024-01-19,Transfer,-2293.12
16562,296,2024-07-01,Travel,-846.28
16563,94,2024-11-05,Groceries,-2876.73
16564,257,2025-05-07,Salary Credit,41533.07
16565,455,2025-06-18,Transfer,628.8
16566,3,2025-03-26,Transfer,8033.87
16567,271,2024-06-07,dining ,-947.27
16568,466,2024-11-08,Salary Credit,38207.11
16569,157,2024-03-04,Healthcare,-237.06
16570,382,2024-09-21,groceries,-1623.23
16571,388,2024-02-23,Shopping,-2299.29
16572,228,2025-06-25,Utilities,-1566.06
16573,144,2024-09-02,Transfer,-1308.07
16574,319,2025-01-28,Utilities,-1126.98
16575,290,2024-02-26,ATM Withdrawal,-1288.59
16576,224,2025-06-03,dining ,-334.34
16577,91,2024-10-12,groceries,-1517.05
16578,349,2024-02-09,groceries,-506.36
16579,99,2024-07-19,dining ,-773.28
16580,63,2024-04-25,Transfer,-7076.38
16581,32,2024-02-07,Dining,-2566.03
16582,209,2024-01-17,groceries,-2487.62
16583,57,2025-01-23,Entertainment,-1000.19
16584,158,2025-04-18,Travel,-1622.04
16585,114,2024-12-25,Shopping,-1699.92
16586,216,2025-01-13,Groceries,-1694.63
16587,364,2024-01-21,Entertainment,-1244.29
16588,211,2024-04-06,Shopping,-2296.69
16589,261,2024-01-19,,-578.87
16590,67,2025-06-14,Salary Credit,35257.49
16591,53,2025-02-06,Utilities,-1449.73
16592,457,2025-06-04,Utilities,-851.16
16593,291,2025-05-08,Travel,-2856.92
16594,8,2024-05-02,Shopping,-712.96
16595,265,2024-10-05,Salary Credit,52666.54
16596,5,2024-12-18,GROCERIES,-1558.24
16597,37,2025-02-08,Transfer,6555.41
16598,175,2024-12-30,groceries,-546.05
16599,308,2024-09-03,ATM Withdrawal,-3295.12
16600,291,2024-01-03,dining ,-422.48
16601,371,2025-05-26,Travel,-302.62
16602,85,2025-01-10,shopping,-830.96
16603,90,2025-03-31,Salary Credit,38279.2
16604,250,2024-04-30,Transfer,6956.44
16605,407,2024-02-28,Shopping,-204.92
16606,339,2025-05-06,Entertainment,-1596.67
16607,314,2025-03-15,Healthcare,-1365.6
16608,45,2025-04-01,Healthcare,-255.34
16609,411,2024-08-28,Utilities,-1026.31
16610,461,2025-05-08,GROCERIES,-286.01
16611,273,2024-05-02,ATM Withdrawal,-1906.46
16612,158,2025-02-16,dining ,-506.31
16613,311,2024-09-26,Transfer,-2612.3
16614,301,2024-03-30,Groceries,-1238.31
16615,435,2025-01-25,Transfer,6175.57
16616,52,2024-07-15,Groceries,-1260.41
16617,242,2024-03-27,Entertainment,-2988.98
16618,333,2025-01-21,ATM Withdrawal,-757.42
16619,164,2025-02-24,Dining,-98.33
16620,394,2024-06-25,Shopping,-3088.95
16621,31,2025-06-10,shopping,-1467.68
16622,50,2025-01-21,Entertainment,-1272.2
16623,371,2024-01-13,shopping,-3152.58
16624,59,2024-07-02,shopping,-40.65
16625,196,2025-06-15,Utilities,-1062.98
16626,132,2024-04-06,ATM Withdrawal,-161.95
16627,323,2025-06-03,GROCERIES,-1041.46
16628,6,2024-10-09,Healthcare,-147.81
16629,168,2025-01-03,Salary Credit,45202.41
16630,462,2025-01-08,Transfer,4707.46
16631,173,2024-10-05,Transfer,1993.6
16632,281,2024-10-08,Dining,-1835.75
16633,463,2024-11-05,Utilities,-937.84
16634,285,2024-12-15,Utilities,-3511.52
16635,354,2025-02-05,dining ,-723.81
16636,449,2024-08-26,,-575.55
16637,289,2024-08-25,Transfer,1128.93
16638,390,2025-02-28,Shopping,-2252.76
16639,238,2025-02-16,shopping,-309.87
16640,382,2024-12-20,shopping,-407.1
16641,301,2024-09-08,Groceries,-1910.51
16642,159,2024-11-09,Travel,-1390.66
16643,262,2024-11-07,Utilities,-1373.46
16644,157,2024-08-25,Entertainment,-23.78
16645,186,2024-04-07,ATM Withdrawal,-2074.18
16646,137,2024-10-18,,-271.85
16647,230,2024-08-29,ATM Withdrawal,-352.54
16648,163,2024-01-28,shopping,-1532.71
16649,293,2025-06-04,groceries,-1006.61
16650,173,2024-12-29,groceries,-984.74
16651,230,2024-03-03,groceries,-1802.23
16652,66,2024-04-21,Transfer,-4040.88
16653,181,2024-11-07,Transfer,3980.88
16654,167,2025-04-13,Salary Credit,47302.91
16655,450,2024-09-21,groceries,-1360.42
16656,210,2025-03-18,Utilities,-1038.82
16657,11,2024-03-10,Travel,-3369.94
16658,145,2024-10-14,Utilities,-2693.69
16659,342,2025-03-26,shopping,-119.28
16660,78,2025-04-06,Groceries,-32.46
16661,77,2024-05-10,GROCERIES,-2393.42
16662,175,2024-12-31,shopping,-2158.84
16663,167,2024-01-22,Dining,-2531.58
16664,226,2024-03-17,ATM Withdrawal,-800.25
16665,16,2025-05-05,Transfer,4518.92
16666,338,2025-02-07,Salary Credit,30773.77
16667,101,2024-04-22,Healthcare,-1329.54
16668,333,2025-06-26,Salary Credit,39890.16
16669,265,2025-06-25,Transfer,7771.23
16670,95,2024-01-23,Salary Credit,43752.63
16671,220,2024-01-14,Transfer,7474.42
16672,18,2024-05-13,Travel,-1102.88
16673,329,2025-03-08,Travel,-1693.35
16674,143,2024-11-21,Utilities,-18.73
16675,180,2024-10-06,Shopping,-311.71
16676,74,2024-08-14,Travel,-1608.02
16677,171,2024-09-18,Healthcare,-2723.23
16678,186,2024-12-13,Salary Credit,48730.61
16679,106,2024-02-04,Utilities,-1213.88
16680,459,2024-11-15,shopping,-2552.07
16681,131,2024-04-30,Transfer,2610.32
16682,85,2025-03-05,Transfer,5020.65
16683,257,2024-04-16,Salary Credit,47982.09
16684,150,2024-02-08,groceries,-60.38
16685,213,2024-08-24,Entertainment,-1316.18
16686,340,2024-08-28,Entertainment,-351.86
16687,37,2024-10-09,Entertainment,-929.54
16688,239,2025-04-13,ATM Withdrawal,-1059.04
16689,11,2025-01-16,GROCERIES,-1170.99
16690,21,2024-07-16,Healthcare,-562.21
16691,44,2025-01-31,Groceries,-1290.45
16692,76,2024-10-01,GROCERIES,-1986.53
16693,164,2024-05-01,Salary Credit,56264.53
16694,438,2024-01-12,Shopping,-2507.65
16695,425,2024-01-03,Transfer,12435.64
16696,49,2024-05-02,Salary Credit,38919.35
16697,464,2025-03-22,Groceries,-544.47
16698,298,2024-09-09,Salary Credit,45144.7
16699,260,2024-09-03,Entertainment,-1944.47
16700,371,2024-08-05,Entertainment,-1778.95
16701,227,2024-05-19,dining ,-931.49
16702,125,2025-01-24,Utilities,-332.15
16703,248,2024-01-07,groceries,-1890.47
16704,340,2024-11-29,Transfer,-2334.09
16705,320,2025-05-25,Salary Credit,43970.12
16706,80,2025-04-24,Shopping,-1523.19
16707,440,2024-07-20,Utilities,-1635.29
16708,134,2025-04-10,Transfer,-8813.36
16709,384,2024-05-09,Transfer,-6897.71
16710,146,2024-05-11,shopping,-95.29
16711,30,2024-07-06,groceries,-1727.79
16712,467,2024-01-10,Shopping,-2173.58
16713,276,2024-05-24,Entertainment,-1608.14
16714,101,2025-04-10,shopping,-2360.76
16715,1,2025-02-19,Transfer,4619.02
16716,61,2024-06-28,Utilities,-437.68
16717,80,2024-06-19,Utilities,-3030.91
16718,434,2024-07-08,Groceries,-259.22
16719,83,2024-03-05,Utilities,-1195.69
16720,76,2024-03-27,Dining,-879.34
16721,393,2025-06-25,Shopping,-0.78
16722,412,2025-01-12,Travel,-1999.35
16723,98,2025-01-04,Transfer,6496.86
16724,305,2024-06-01,Travel,-1419.58
16725,251,2025-04-11,dining ,-635.36
16726,270,2024-04-06,Groceries,-1707.04
16727,146,2025-06-11,Dining,-965.0
16728,352,2024-10-01,ATM Withdrawal,-1632.93
16729,413,2024-06-29,Salary Credit,56489.1
16730,340,2025-02-12,Salary Credit,25451.32
16731,423,2024-08-15,Entertainment,-2101.91
16732,52,2024-05-26,Dining,-3336.12
16733,308,2025-01-07,shopping,-2748.76
16734,468,2025-01-28,dining ,-1895.69
16735,251,2024-11-24,Dining,-2301.09
16736,441,2024-09-08,Travel,-435.36
16737,164,2024-06-28,ATM Withdrawal,-1416.3
16738,420,2024-08-08,Transfer,3598.53
16739,440,2025-04-21,Utilities,-2089.47
16740,292,2024-07-14,Travel,-1022.25
16741,330,2025-06-11,Entertainment,-468.88
16742,245,2024-03-20,Transfer,6315.39
16743,149,2024-03-29,ATM Withdrawal,-1175.04
16744,251,2024-06-30,,-1823.82
16745,451,2024-01-02,Utilities,-831.26
16746,7,2025-04-24,ATM Withdrawal,-350.53
16747,96,2024-07-04,Groceries,-323.07
16748,234,2024-02-25,shopping,-376.21
16749,159,2024-12-03,groceries,-275.13
16750,292,2025-06-06,Salary Credit,40498.69
16751,169,2025-06-25,shopping,-1854.52
16752,309,2024-02-28,GROCERIES,-43.11
16753,50,2025-03-08,Travel,-1994.73
16754,156,2024-07-16,dining ,-57.24
16755,325,2025-03-31,Transfer,-4893.09
16756,221,2024-11-26,Entertainment,-930.29
16757,335,2025-02-02,Utilities,-1759.69
16758,298,2025-04-01,Groceries,-1102.44
16759,154,2025-05-02,Entertainment,-1058.79
16760,201,2024-03-19,Transfer,-2129.16
16761,452,2025-01-29,Transfer,10635.97
16762,451,2024-03-17,Utilities,-757.26
16763,17,2025-05-29,Groceries,-1794.44
16764,331,2024-12-08,Healthcare,-458.57
16765,230,2024-04-14,Shopping,-2086.86
16766,1,2024-06-08,Utilities,-1667.06
16767,297,2025-05-03,Transfer,3900.24
16768,11,2024-12-17,ATM Withdrawal,-810.79
16769,150,2024-05-04,groceries,-1780.81
16770,324,2025-03-23,Healthcare,-1236.83
16771,381,2025-01-26,shopping,-91.77
16772,194,2024-02-11,dining ,-175.25
16773,379,2024-06-03,GROCERIES,-1729.42
16774,393,2025-04-05,shopping,-513.22
16775,210,2024-07-10,Shopping,-1231.75
16776,81,2024-01-21,groceries,-1729.28
16777,309,2024-11-25,Shopping,-117.78
16778,7,2025-05-04,Travel,-287.21
16779,419,2024-10-30,Travel,-2660.37
16780,182,2025-06-15,Healthcare,-828.94
16781,356,2024-03-03,Utilities,-2117.1
16782,345,2024-12-29,Entertainment,-3456.54
16783,222,2024-12-20,Utilities,-1415.27
16784,455,2025-06-20,Dining,-424.17
16785,373,2024-10-11,dining ,-1314.33
16786,414,2025-03-23,Healthcare,-1030.1
16787,44,2024-03-20,groceries,-1260.42
16788,227,2024-01-25,dining ,-1845.38
16789,446,2025-01-25,Utilities,-1948.45
16790,381,2024-01-03,ATM Withdrawal,-604.29
16791,213,2025-04-21,Travel,-2270.96
16792,33,2024-01-12,GROCERIES,-1446.27
16793,133,2025-01-10,shopping,-683.8
16794,268,2024-09-03,Entertainment,-1860.74
16795,301,2024-12-17,Entertainment,-254.58
16796,433,2024-12-05,Healthcare,-296.52
16797,44,2024-08-30,Utilities,-2153.08
16798,186,2024-09-19,Groceries,-1260.32
16799,128,2024-10-01,groceries,-2610.92
16800,450,2025-01-04,Entertainment,-582.47
16801,78,2025-01-22,ATM Withdrawal,-1462.2
16802,104,2024-09-02,Salary Credit,48099.27
16803,140,2024-07-11,shopping,-1565.3
16804,50,2024-01-24,Shopping,-1758.68
16805,302,2025-02-28,Shopping,-1613.65
16806,246,2024-05-03,Utilities,-1217.26
16807,261,2024-08-24,shopping,-547.45
16808,425,2025-06-24,dining ,-1977.75
16809,203,2025-03-03,Groceries,-936.43
16810,146,2024-07-07,Dining,-89.66
16811,176,2024-09-15,Healthcare,-565.78
16812,375,2024-06-25,Healthcare,-2012.87
16813,248,2024-12-07,Transfer,-10624.86
16814,80,2024-03-24,Transfer,839.61
16815,323,2025-06-03,groceries,-210.31
16816,349,2025-06-21,Groceries,-825.4
16817,117,2024-06-11,groceries,-167.9
16818,261,2024-05-05,Groceries,-630.63
16819,264,2024-10-20,ATM Withdrawal,-2518.44
16820,82,2024-12-18,groceries,-2141.2
16821,5,2024-12-16,Healthcare,-1414.61
16822,337,2024-01-23,ATM Withdrawal,-919.88
16823,289,2025-01-22,dining ,-1888.25
16824,335,2024-02-06,Transfer,-3059.77
16825,177,2024-07-05,Transfer,-3358.32
16826,242,2025-01-25,shopping,-811.68
16827,460,2025-04-28,GROCERIES,-361.05
16828,106,2024-12-12,Travel,-2289.84
16829,306,2024-03-28,Shopping,-674.93
16830,62,2025-01-05,ATM Withdrawal,-939.59
16831,31,2024-01-21,Utilities,-2510.38
16832,448,2024-05-05,Entertainment,-714.36
16833,61,2024-03-08,dining ,-2339.46
16834,307,2025-06-20,Healthcare,-373.36
16835,241,2024-07-19,Groceries,-1705.3
16836,379,2024-10-31,Transfer,-261.81
16837,256,2025-03-06,GROCERIES,-178.04
16838,327,2025-06-12,Transfer,-5421.2
16839,419,2025-06-26,,-336.04
16840,389,2024-03-30,,-1544.7
16841,338,2024-08-02,GROCERIES,-529.2
16842,77,2024-08-08,Healthcare,-257.49
16843,80,2025-03-09,Healthcare,-2072.83
16844,233,2024-07-01,Transfer,-409.03
16845,309,2024-05-06,Travel,-1787.74
16846,313,2025-02-15,groceries,-1309.97
16847,369,2024-09-26,Travel,-811.58
16848,49,2025-02-11,ATM Withdrawal,-847.26
16849,82,2024-07-26,Dining,-2406.38
16850,71,2024-09-22,GROCERIES,-1487.2
16851,254,2024-01-05,Entertainment,-2450.24
16852,297,2024-01-09,ATM Withdrawal,-1628.2
16853,55,2024-01-01,ATM Withdrawal,-1411.36
16854,407,2024-04-05,Healthcare,-518.44
16855,143,2024-07-08,Shopping,-1342.01
16856,310,2024-01-28,Utilities,-2118.9
16857,352,2024-03-28,Entertainment,-1273.1
16858,17,2025-04-06,Healthcare,-2942.75
16859,405,2025-04-10,Groceries,-2117.56
16860,455,2024-06-06,Utilities,-121.58
16861,449,2025-05-30,Utilities,-763.59
16862,66,2024-03-05,Groceries,-1806.0
16863,184,2024-01-18,Dining,-174.25
16864,109,2024-07-12,GROCERIES,-1095.19
16865,211,2024-05-24,ATM Withdrawal,-360.62
16866,457,2024-02-12,groceries,-1236.63
16867,358,2025-04-06,Entertainment,-367.83
16868,361,2025-06-17,Shopping,-2148.08
16869,198,2024-05-27,Utilities,-741.73
16870,439,2024-06-20,Transfer,6993.93
16871,431,2025-01-26,ATM Withdrawal,-144.19
16872,378,2025-05-23,Transfer,1161.34
16873,382,2024-06-05,Entertainment,-2274.04
16874,306,2025-01-07,Transfer,-2676.82
16875,45,2024-01-13,Transfer,6055.73
16876,134,2024-11-04,ATM Withdrawal,-528.19
16877,360,2025-06-22,Travel,-119.71
16878,153,2024-09-16,ATM Withdrawal,-1367.04
16879,81,2024-12-15,shopping,-539.04
16880,444,2025-01-09,Healthcare,-2407.61
16881,229,2024-12-10,Shopping,-1076.99
16882,403,2025-01-09,dining ,-126.74
16883,133,2025-04-28,shopping,-961.82
16884,169,2024-01-06,Travel,-1720.02
16885,161,2025-04-27,Shopping,-464.64
16886,175,2025-05-09,shopping,-547.8
16887,205,2025-05-07,Healthcare,-1088.97
16888,140,2024-07-19,Utilities,-1885.06
16889,382,2024-11-13,Healthcare,-1409.74
16890,153,2024-07-11,Transfer,6208.34
16891,207,2025-04-02,dining ,-2061.05
16892,403,2024-08-09,Utilities,-2624.65
16893,205,2024-06-19,Entertainment,-1224.08
16894,5,2025-01-08,Transfer,5503.65
16895,1,2024-01-27,GROCERIES,-1449.35
16896,205,2024-07-23,shopping,-193.96
16897,304,2024-04-22,Utilities,-496.04
16898,442,2024-07-22,Salary Credit,58776.53
16899,62,2024-09-01,dining ,-881.34
16900,254,2024-02-04,Utilities,-1389.29
16901,136,2025-04-16,Travel,-2811.75
16902,211,2024-08-15,shopping,-1284.76
16903,208,2024-07-14,dining ,-1908.64
16904,147,2024-03-22,ATM Withdrawal,-1713.94
16905,9,2025-06-26,Transfer,3992.18
16906,35,2025-04-11,Salary Credit,41855.32
16907,245,2024-09-19,Entertainment,-2263.45
16908,106,2024-07-01,Transfer,-1973.46
16909,154,2024-09-11,groceries,-2174.09
16910,43,2025-06-07,GROCERIES,-1369.34
16911,24,2024-04-30,ATM Withdrawal,-2620.46
16912,60,2025-01-08,ATM Withdrawal,-1032.1
16913,177,2025-05-07,Healthcare,-1207.18
16914,77,2025-02-16,groceries,-1274.72
16915,109,2025-04-19,Dining,-2397.62
16916,142,2025-05-31,Transfer,5522.52
16917,137,2024-02-02,Entertainment,-1179.58
16918,6,2024-05-10,Shopping,-342.9
16919,55,2024-03-19,Shopping,-557.73
16920,445,2024-11-05,Entertainment,-1777.86
16921,313,2024-08-10,shopping,-1400.41
16922,58,2024-01-23,Transfer,-2555.49
16923,133,2024-10-30,Healthcare,-161.51
16924,180,2024-02-24,Dining,-1469.8
16925,424,2024-08-09,Utilities,-1123.13
16926,412,2024-07-18,Healthcare,-121.33
16927,361,2025-05-02,Travel,-732.88
16928,50,2025-01-06,Groceries,-1834.29
16929,230,2024-12-06,Shopping,-11.79
16930,227,2025-03-29,Salary Credit,35899.53
16931,299,2024-04-08,dining ,-544.57
16932,396,2024-05-19,ATM Withdrawal,-563.06
16933,151,2025-02-14,Dining,-1913.74
16934,261,2025-02-12,groceries,-700.31
16935,124,2024-01-12,Dining,-2668.26
16936,99,2024-05-02,shopping,-261.28
16937,147,2024-05-03,Entertainment,-1528.36
16938,345,2024-01-04,Shopping,-1163.89
16939,205,2024-12-26,Transfer,-5009.62
16940,319,2024-01-30,GROCERIES,-1015.65
16941,324,2025-04-03,Travel,-212.32
16942,170,2024-11-15,Travel,-1049.32
16943,447,2025-02-19,Transfer,3769.37
16944,22,2024-09-27,Salary Credit,35122.39
16945,420,2025-06-12,Transfer,6011.96
16946,4,2024-05-27,Utilities,-1629.5
16947,179,2024-10-31,Healthcare,-98.78
16948,387,2024-01-04,Transfer,-6271.09
16949,321,2025-03-29,Entertainment,-2392.57
16950,151,2024-11-05,Dining,-2357.56
16951,415,2024-04-05,groceries,-2020.16
16952,65,2025-03-21,Salary Credit,40685.76
16953,314,2025-06-23,Shopping,-1155.65
16954,243,2024-02-07,Transfer,-5213.82
16955,97,2025-04-05,groceries,-1005.07
16956,431,2025-02-05,Shopping,-38.9
16957,359,2024-07-12,Dining,-2496.98
16958,4,2024-12-11,,-1589.51
16959,41,2025-03-04,Dining,-1983.01
16960,27,2024-09-18,Entertainment,-1794.44
16961,195,2024-12-29,Dining,-809.91
16962,196,2024-01-27,Shopping,-149.15
16963,339,2025-05-19,groceries,-1875.69
16964,317,2025-05-18,Dining,-1817.77
16965,8,2024-04-24,shopping,-1460.7
16966,223,2024-09-17,groceries,-3137.19
16967,368,2024-05-10,shopping,-690.36
16968,421,2024-08-05,Dining,-916.81
16969,137,2024-05-30,ATM Withdrawal,-1386.01
16970,21,2025-04-14,Entertainment,-752.5
16971,72,2025-01-13,Transfer,-8097.63
16972,160,2025-04-05,groceries,-617.26
16973,208,2025-03-08,shopping,-678.58
16974,165,2025-01-31,Groceries,-1719.81
16975,43,2024-03-31,Travel,-12.21
16976,160,2025-03-28,Transfer,-4754.24
16977,136,2025-03-02,Groceries,-1079.08
16978,229,2024-03-08,dining ,-1763.99
16979,38,2024-02-17,Transfer,-4520.43
16980,370,2025-02-18,Travel,-1122.67
16981,196,2024-07-31,Dining,-1168.33
16982,149,2024-06-27,Healthcare,-922.84
16983,425,2024-08-04,Dining,-2362.78
16984,349,2025-04-17,Transfer,-6505.3
16985,65,2024-07-17,dining ,-2339.6
16986,69,2024-07-20,Healthcare,-410.9
16987,2,2024-08-05,Transfer,-5358.57
16988,263,2024-01-30,Utilities,-1815.77
16989,167,2024-01-21,Healthcare,-518.11
16990,176,2024-08-13,GROCERIES,-2663.73
16991,239,2024-01-10,Entertainment,-1596.44
16992,253,2025-02-16,ATM Withdrawal,-2877.38
16993,1,2024-08-19,Dining,-2200.64
16994,51,2024-09-30,shopping,-642.55
16995,370,2024-07-02,groceries,-2569.43
16996,447,2025-02-20,Shopping,-1368.2
16997,392,2024-08-20,shopping,-1777.73
16998,425,2024-01-20,Travel,-1687.73
16999,217,2024-09-23,Transfer,4703.85
17000,387,2024-04-06,Healthcare,-835.99
17001,413,2024-11-20,shopping,-1835.08
17002,418,2024-11-03,ATM Withdrawal,-451.01
17003,70,2024-09-15,groceries,-1225.43
17004,69,2024-07-28,Healthcare,-2461.66
17005,189,2024-11-20,Entertainment,-102.47
17006,236,2025-01-05,Healthcare,-1020.98
17007,449,2025-04-23,Transfer,-514.78
17008,149,2025-06-08,Utilities,-2251.29
17009,390,2024-02-15,Dining,-463.71
17010,416,2024-12-25,Shopping,-517.3
17011,452,2024-02-16,groceries,-583.67
17012,89,2024-08-15,Shopping,-776.84
17013,114,2025-02-08,Utilities,-2715.77
17014,103,2024-10-22,ATM Withdrawal,-513.53
17015,345,2025-03-16,Salary Credit,42696.27
17016,322,2025-05-12,Dining,-1247.78
17017,191,2025-06-14,ATM Withdrawal,-2195.5
17018,42,2025-01-01,Utilities,-1971.32
17019,244,2025-01-02,dining ,-1061.93
17020,343,2025-03-13,Travel,-1739.52
17021,222,2024-05-07,dining ,-2154.87
17022,126,2024-06-13,Utilities,-280.92
17023,278,2024-07-04,dining ,-860.88
17024,310,2025-02-09,Groceries,-119.39
17025,277,2024-07-10,Utilities,-546.06
17026,409,2024-03-16,shopping,-1785.08
17027,147,2025-03-11,Transfer,1399.16
17028,286,2025-02-12,dining ,-3278.49
17029,401,2024-11-19,Utilities,-1793.12
17030,100,2025-04-25,Groceries,-673.85
17031,132,2025-03-07,Groceries,-1081.65
17032,24,2025-05-05,Utilities,-40.59
17033,176,2024-05-21,Shopping,-127.09
17034,21,2024-03-04,ATM Withdrawal,-853.12
17035,350,2024-07-05,Transfer,779.4
17036,42,2025-03-28,Entertainment,-2309.72
17037,325,2025-05-18,Entertainment,-1032.88
17038,272,2024-02-29,groceries,-1414.79
17039,463,2025-04-11,GROCERIES,-1265.73
17040,163,2024-09-17,shopping,-1897.01
17041,162,2025-03-21,Shopping,-2187.9
17042,114,2025-01-06,shopping,-1006.9
17043,252,2024-02-02,shopping,-1658.86
17044,103,2024-09-20,Healthcare,-2370.68
17045,54,2024-02-18,Shopping,-1932.68
17046,444,2024-07-04,Healthcare,-828.15
17047,318,2025-02-16,Healthcare,-1024.42
17048,56,2025-01-07,Travel,-312.14
17049,290,2025-01-19,GROCERIES,-2835.97
17050,143,2024-12-26,Utilities,-1475.83
17051,85,2024-01-09,Utilities,-63.07
17052,221,2024-11-13,Entertainment,-444.17
17053,369,2024-09-21,Healthcare,-1061.79
17054,1,2024-10-14,dining ,-2407.86
17055,167,2024-04-25,Groceries,-1028.1
17056,432,2025-01-19,Transfer,6811.86
17057,185,2024-11-27,Shopping,-556.85
17058,47,2024-08-07,Transfer,-8903.63
17059,201,2024-01-31,Utilities,-1910.73
17060,320,2024-02-07,Dining,-1011.26
17061,467,2024-07-14,Dining,-1062.68
17062,295,2024-10-19,groceries,-248.06
17063,24,2025-06-27,Travel,-1804.12
17064,379,2025-01-29,groceries,-1263.22
17065,366,2024-09-21,Shopping,-2740.5
17066,305,2024-06-12,Transfer,-4002.92
17067,420,2024-04-01,GROCERIES,-1265.55
17068,361,2024-03-17,Entertainment,-1089.13
17069,109,2024-02-09,groceries,-1846.84
17070,198,2025-05-11,ATM Withdrawal,-325.56
17071,238,2024-01-09,Dining,-299.9
17072,229,2025-04-15,Transfer,-6754.29
17073,299,2024-11-14,GROCERIES,-2135.2
17074,329,2024-12-03,Travel,-1116.28
17075,49,2025-06-06,Healthcare,-1732.39
17076,267,2025-03-04,groceries,-1657.16
17077,19,2024-03-21,Transfer,-4827.44
17078,240,2025-06-11,ATM Withdrawal,-1126.84
17079,198,2024-04-05,Utilities,-1886.28
17080,97,2024-11-06,groceries,-2924.06
17081,464,2024-12-15,Transfer,8608.6
17082,121,2024-05-13,Entertainment,-3035.2
17083,27,2024-12-09,groceries,-571.73
17084,168,2024-12-14,Transfer,7104.35
17085,355,2025-06-18,Transfer,7817.59
17086,5,2025-05-13,Shopping,-660.84
17087,231,2024-08-05,Transfer,2609.58
17088,196,2025-01-11,GROCERIES,-2669.74
17089,406,2025-03-23,Shopping,-1574.12
17090,2,2024-01-15,Healthcare,-1475.02
17091,9,2025-01-08,Transfer,-9530.23
17092,265,2025-05-14,Dining,-2076.71
17093,84,2024-03-06,Salary Credit,43511.67
17094,330,2025-02-14,Dining,-2020.28
17095,131,2024-02-02,Dining,-1360.38
17096,264,2024-08-06,dining ,-1984.66
17097,18,2025-03-22,Dining,-2420.58
17098,325,2025-06-22,shopping,-2312.73
17099,243,2025-01-31,Utilities,-353.17
17100,1,2025-01-28,Transfer,6540.98
17101,125,2024-05-21,Entertainment,-2530.29
17102,28,2025-03-25,Shopping,-553.06
17103,21,2024-12-25,Dining,-2990.32
17104,327,2025-05-29,Healthcare,-1758.63
17105,201,2024-11-24,groceries,-2062.63
17106,376,2024-01-22,shopping,-2061.82
17107,121,2024-10-05,Dining,-10.01
17108,336,2025-02-26,Healthcare,-2095.88
17109,288,2025-03-05,Utilities,-1643.86
17110,311,2024-07-29,Healthcare,-796.83
17111,388,2024-04-03,Healthcare,-2661.16
17112,332,2025-04-18,Healthcare,-505.34
17113,349,2025-03-24,Transfer,9360.27
17114,347,2025-04-23,ATM Withdrawal,-2108.12
17115,210,2024-12-31,Healthcare,-716.14
17116,340,2025-03-27,Dining,-559.1
17117,395,2024-08-07,Transfer,4514.36
17118,346,2025-02-28,Groceries,-1552.55
17119,285,2024-09-23,Utilities,-890.82
17120,35,2025-03-08,Travel,-1212.55
17121,205,2024-03-20,Healthcare,-1373.42
17122,30,2024-06-10,Utilities,-1000.0
17123,49,2024-04-26,shopping,-905.07
17124,170,2024-08-09,Salary Credit,36604.12
17125,218,2025-03-19,ATM Withdrawal,-1290.73
17126,247,2024-03-03,Groceries,-1272.86
17127,422,2025-02-02,Shopping,-471.28
17128,357,2025-03-28,Salary Credit,48274.42
17129,198,2024-12-31,Entertainment,-2374.05
17130,157,2024-12-18,Healthcare,-1371.44
17131,334,2024-03-16,Dining,-1700.72
17132,129,2024-11-29,Dining,-2202.69
17133,414,2024-05-03,ATM Withdrawal,-1282.75
17134,366,2024-05-14,shopping,-2117.02
17135,320,2025-04-14,ATM Withdrawal,-759.24
17136,117,2024-12-01,Transfer,-2072.72
17137,291,2025-06-25,groceries,-2582.51
17138,385,2024-09-04,Entertainment,-1881.85
17139,34,2024-07-13,Dining,-224.99
17140,83,2025-06-26,Healthcare,-434.53
17141,242,2024-12-05,Travel,-78.6
17142,169,2025-04-15,Entertainment,-1607.22
17143,333,2024-01-25,dining ,-1487.01
17144,188,2024-10-13,Shopping,-932.14
17145,467,2025-03-21,Groceries,-523.41
17146,141,2025-03-16,ATM Withdrawal,-1284.27
17147,169,2025-01-24,Healthcare,-3631.49
17148,2,2024-03-30,Transfer,-4222.88
17149,116,2024-10-25,ATM Withdrawal,-2341.5
17150,111,2024-02-25,Groceries,-1042.5
17151,357,2025-03-13,Healthcare,-2183.68
17152,159,2024-12-09,Utilities,-1853.84
17153,96,2024-04-15,Salary Credit,45721.66
17154,147,2025-01-31,Utilities,-1885.72
17155,264,2025-01-27,Transfer,-5570.34
17156,368,2024-01-29,Travel,-1147.25
17157,459,2024-02-18,Travel,-1908.84
17158,23,2024-04-19,groceries,-2777.87
17159,394,2024-02-08,Shopping,-58.65
17160,183,2024-10-19,dining ,-169.48
17161,379,2025-04-24,Entertainment,-2583.21
17162,18,2024-02-04,Transfer,3742.47
17163,294,2024-11-30,Healthcare,-2430.13
17164,436,2024-08-19,Travel,-703.64
17165,19,2025-03-31,ATM Withdrawal,-888.26
17166,370,2024-09-19,Shopping,-2245.93
17167,54,2024-12-30,Entertainment,-1970.39
17168,460,2025-05-17,Utilities,-289.15
17169,349,2024-03-15,Utilities,-1847.0
17170,426,2024-06-21,Utilities,-708.61
17171,421,2024-05-26,shopping,-1702.16
17172,148,2024-04-01,Entertainment,-1364.98
17173,195,2024-12-19,Dining,-1156.17
17174,324,2024-01-05,ATM Withdrawal,-755.03
17175,82,2024-07-29,Utilities,-193.26
17176,144,2024-03-07,Groceries,-742.73
17177,47,2024-12-01,Healthcare,-1935.79
17178,416,2025-02-13,Transfer,-2871.24
17179,117,2024-09-11,Healthcare,-2307.04
17180,193,2024-08-30,Travel,-1642.88
17181,212,2024-09-02,Transfer,7245.54
17182,176,2024-04-18,ATM Withdrawal,-386.09
17183,365,2024-07-23,Salary Credit,60524.02
17184,428,2025-05-23,Groceries,-1756.81
17185,269,2024-01-23,Groceries,-2709.86
17186,392,2025-03-05,Dining,-761.05
17187,52,2024-03-30,ATM Withdrawal,-317.06
17188,453,2024-03-03,Transfer,8559.48
17189,55,2024-06-04,Salary Credit,37126.12
17190,32,2024-05-26,dining ,-2674.28
17191,11,2024-06-21,Transfer,-3266.42
17192,114,2025-04-07,groceries,-1681.17
17193,392,2025-05-08,Entertainment,-1543.29
17194,141,2025-01-12,Travel,-1052.95
17195,371,2024-03-20,ATM Withdrawal,-1058.39
17196,199,2025-05-30,Dining,-445.08
17197,49,2025-04-06,Utilities,-3095.05
17198,222,2024-02-11,Shopping,-1797.22
17199,109,2024-07-30,Shopping,-130.93
17200,137,2025-02-26,Groceries,-109.8
17201,243,2024-02-18,Shopping,-1808.57
17202,370,2024-02-11,groceries,-1320.65
17203,275,2024-11-26,Entertainment,-303.93
17204,105,2024-07-02,,-3615.13
17205,336,2024-08-28,Travel,-1179.84
17206,326,2025-02-13,shopping,-913.03
17207,111,2024-10-23,Transfer,-3384.23
17208,399,2025-01-22,GROCERIES,-2096.95
17209,395,2024-03-09,ATM Withdrawal,-1790.53
17210,283,2024-01-02,Entertainment,-1456.62
17211,139,2024-05-17,Travel,-1264.35
17212,166,2024-04-20,GROCERIES,-1812.48
17213,206,2024-06-25,Dining,-1140.39
17214,88,2025-02-28,Healthcare,-31.18
17215,144,2024-03-23,GROCERIES,-2199.78
17216,63,2024-03-09,Groceries,-2904.12
17217,73,2024-04-19,Healthcare,-1405.12
17218,349,2024-06-26,Entertainment,-1423.72
17219,61,2024-04-17,shopping,-1297.22
17220,220,2024-04-10,GROCERIES,-143.27
17221,201,2024-11-11,shopping,-840.48
17222,22,2024-03-01,Transfer,-7821.71
17223,390,2024-03-24,Utilities,-1559.1
17224,461,2025-03-31,dining ,-2875.66
17225,299,2024-01-10,Entertainment,-2003.73
17226,315,2024-02-03,Transfer,5933.47
17227,109,2024-02-07,Travel,-1939.31
17228,396,2024-10-19,Entertainment,-1156.01
17229,368,2025-01-13,Salary Credit,33021.52
17230,206,2025-01-12,Healthcare,-2275.9
17231,331,2025-01-11,groceries,-1791.94
17232,448,2024-02-01,Travel,-3982.61
17233,283,2024-07-06,ATM Withdrawal,-852.97
17234,94,2024-12-11,Travel,-1996.55
17235,155,2025-01-06,Utilities,-669.8
17236,87,2024-07-01,ATM Withdrawal,-555.83
17237,156,2025-04-06,Salary Credit,64864.39
17238,417,2025-03-30,Utilities,-519.99
17239,89,2025-02-21,Travel,-1300.58
17240,418,2025-03-10,ATM Withdrawal,-2899.28
17241,134,2025-06-15,Salary Credit,33810.52
17242,234,2025-03-08,shopping,-871.58
17243,248,2024-11-15,dining ,-2146.26
17244,59,2024-08-05,GROCERIES,-246.45
17245,87,2024-07-16,Transfer,-6416.68
17246,143,2025-03-24,Transfer,-9443.32
17247,29,2024-06-10,Salary Credit,56563.45
17248,353,2024-12-09,Shopping,-896.49
17249,256,2024-09-30,GROCERIES,-1256.3
17250,396,2024-07-25,Travel,-1792.45
17251,404,2024-09-02,shopping,-2248.8
17252,163,2024-02-13,Shopping,-1800.12
17253,383,2025-01-21,Dining,-1685.77
17254,29,2024-02-06,GROCERIES,-1566.07
17255,202,2024-02-10,Healthcare,-1020.02
17256,312,2024-05-17,shopping,-638.29
17257,219,2024-10-16,Entertainment,-1358.1
17258,347,2024-06-12,ATM Withdrawal,-1106.15
17259,402,2025-04-24,Transfer,-7441.87
17260,199,2025-05-20,dining ,-543.4
17261,129,2024-08-02,GROCERIES,-920.41
17262,273,2025-06-28,Salary Credit,46584.38
17263,407,2024-02-18,Shopping,-616.3
17264,463,2024-03-19,GROCERIES,-44.66
17265,382,2024-07-08,Salary Credit,50999.02
17266,115,2025-05-28,Dining,-118.72
17267,97,2024-10-01,GROCERIES,-1461.65
17268,269,2025-01-20,Healthcare,-1772.5
17269,189,2024-12-21,Shopping,-2571.69
17270,286,2024-09-28,Utilities,-3367.63
17271,433,2025-05-22,GROCERIES,-2477.76
17272,257,2025-06-04,Entertainment,-655.26
17273,167,2024-09-01,Healthcare,-1023.17
17274,407,2025-01-23,dining ,-1562.49
17275,206,2024-12-06,Travel,-1234.78
17276,284,2024-11-19,Salary Credit,47030.97
17277,64,2024-02-25,groceries,-2411.5
17278,238,2024-04-24,shopping,-1405.38
17279,200,2025-06-23,Dining,-2111.33
17280,58,2024-05-13,dining ,-269.73
17281,100,2024-12-21,Salary Credit,49621.89
17282,330,2025-05-11,Utilities,-220.57
17283,85,2024-11-24,shopping,-2291.57
17284,62,2024-04-27,Dining,-1116.39
17285,27,2025-04-13,Shopping,-40.43
17286,13,2024-01-18,Healthcare,-1031.21
17287,204,2025-01-29,shopping,-1709.04
17288,229,2024-05-25,Shopping,-165.99
17289,293,2024-12-14,shopping,-489.84
17290,268,2024-09-18,Entertainment,-924.66
17291,252,2024-11-06,ATM Withdrawal,-2031.05
17292,468,2024-07-27,Groceries,-530.53
17293,117,2024-10-15,GROCERIES,-1693.49
17294,334,2025-05-25,shopping,-1051.91
17295,38,2025-03-26,Transfer,6473.19
17296,398,2024-08-16,GROCERIES,-2504.13
17297,170,2025-05-28,shopping,-1650.5
17298,163,2025-04-29,Salary Credit,36024.01
17299,64,2024-12-07,Travel,-1666.76
17300,239,2024-11-20,ATM Withdrawal,-1723.48
17301,188,2024-01-20,Utilities,-651.66
17302,456,2024-10-12,Salary Credit,41327.81
17303,84,2024-04-25,Transfer,1975.25
17304,196,2024-03-28,Healthcare,-1932.57
17305,422,2025-04-12,Salary Credit,44475.56
17306,378,2024-05-27,Utilities,-751.2
17307,358,2024-12-01,ATM Withdrawal,-357.37
17308,247,2025-04-17,Transfer,-6515.29
17309,409,2024-11-21,Travel,-1421.89
17310,105,2025-03-01,Utilities,-957.89
17311,379,2025-02-26,Dining,-154.99
17312,272,2024-08-31,ATM Withdrawal,-947.28
17313,164,2025-05-17,Travel,-502.15
17314,103,2025-05-10,Groceries,-1053.18
17315,245,2024-07-03,Shopping,-1807.22
17316,2,2025-03-22,Healthcare,-761.15
17317,335,2024-04-09,groceries,-2749.98
17318,111,2024-03-02,shopping,-729.88
17319,183,2024-10-15,Healthcare,-301.3
17320,91,2024-11-26,Healthcare,-1040.33
17321,218,2024-11-14,Utilities,-696.27
17322,174,2025-03-11,dining ,-4311.05
17323,88,2024-08-01,Travel,-822.23
17324,416,2025-03-16,Utilities,-137.56
17325,356,2025-05-06,shopping,-1237.06
17326,182,2024-02-19,shopping,-1053.1
17327,27,2024-09-01,Transfer,1503.03
17328,396,2024-05-02,Salary Credit,47876.64
17329,327,2024-12-23,Entertainment,-1709.54
17330,261,2024-08-13,ATM Withdrawal,-1272.99
17331,283,2024-06-02,Shopping,-959.88
17332,4,2024-05-17,Groceries,-868.53
17333,222,2024-07-12,Transfer,-1155.9
17334,89,2024-02-29,ATM Withdrawal,-2536.48
17335,305,2024-02-26,Utilities,-3393.83
17336,436,2024-12-08,Dining,-275.75
17337,249,2025-05-28,ATM Withdrawal,-657.64
17338,283,2024-10-03,groceries,-226.52
17339,313,2025-05-20,Transfer,7671.98
17340,436,2024-03-25,Dining,-286.4
17341,18,2025-06-14,Shopping,-1828.59
17342,146,2024-11-15,Utilities,-1585.12
17343,126,2025-02-09,Shopping,-1062.1
17344,336,2024-02-03,Transfer,3950.58
17345,210,2024-11-25,Utilities,-1202.07
17346,362,2024-07-27,GROCERIES,-104.92
17347,222,2025-05-04,Groceries,-997.21
17348,457,2025-03-07,GROCERIES,-2154.06
17349,359,2025-04-16,Shopping,-643.52
17350,9,2025-04-30,Groceries,-2240.81
17351,463,2025-01-27,Travel,-882.92
17352,446,2024-05-13,ATM Withdrawal,-1102.03
17353,21,2024-06-03,Entertainment,-1385.44
17354,184,2025-04-13,dining ,-714.53
17355,455,2024-11-23,Entertainment,-253.77
17356,393,2025-05-01,Healthcare,-415.79
17357,220,2025-03-09,Salary Credit,37399.75
17358,255,2024-11-26,ATM Withdrawal,-1169.82
17359,14,2024-03-24,Shopping,-2205.3
17360,265,2025-06-19,GROCERIES,-546.94
17361,312,2024-05-12,Healthcare,-1110.38
17362,169,2024-05-14,Healthcare,-1414.92
17363,144,2024-03-20,Utilities,-485.24
17364,388,2024-02-07,Dining,-1546.81
17365,210,2024-07-23,Groceries,-2190.43
17366,124,2025-04-04,Shopping,-1554.19
17367,176,2025-04-16,Entertainment,-1154.8
17368,231,2024-09-24,GROCERIES,-443.14
17369,122,2024-06-20,Salary Credit,44050.65
17370,263,2024-07-07,Transfer,2741.44
17371,404,2025-05-15,Travel,-672.01
17372,348,2024-01-31,Salary Credit,44023.18
17373,109,2024-02-01,Travel,-1012.66
17374,221,2024-02-05,Groceries,-2129.79
17375,255,2025-04-28,shopping,-670.86
17376,319,2024-02-19,GROCERIES,-1549.78
17377,355,2025-05-28,ATM Withdrawal,-781.88
17378,228,2024-04-10,Utilities,-380.11
17379,148,2024-10-25,Transfer,6256.69
17380,309,2025-06-12,Shopping,-659.89
17381,59,2024-03-04,Healthcare,-1612.65
17382,316,2024-06-02,ATM Withdrawal,-2208.55
17383,420,2025-01-31,ATM Withdrawal,-1899.47
17384,333,2025-03-21,Utilities,-2238.81
17385,203,2025-05-09,Travel,-2287.03
17386,386,2024-01-11,ATM Withdrawal,-1213.26
17387,250,2025-02-27,ATM Withdrawal,-825.23
17388,254,2024-06-24,ATM Withdrawal,-412.4
17389,399,2024-10-30,groceries,-1322.02
17390,91,2025-05-08,GROCERIES,-795.59
17391,365,2025-05-06,groceries,-495.44
17392,319,2024-04-10,GROCERIES,-22.89
17393,248,2024-09-13,Transfer,-1909.05
17394,37,2024-06-03,shopping,-11.32
17395,359,2024-12-01,Shopping,-2093.64
17396,103,2025-03-26,GROCERIES,-2204.08
17397,420,2024-06-22,Transfer,8673.89
17398,371,2024-03-07,GROCERIES,-1292.45
17399,171,2024-02-05,Dining,-2521.43
17400,204,2024-01-29,Transfer,6789.47
17401,12,2024-07-18,ATM Withdrawal,-1768.95
17402,234,2025-06-10,Groceries,-1420.51
17403,28,2024-05-17,GROCERIES,-550.45
17404,463,2024-08-08,Travel,-11.72
17405,300,2025-01-02,Salary Credit,46638.91
17406,111,2024-12-24,Dining,-1114.19
17407,377,2024-05-27,shopping,-3539.51
17408,10,2024-03-10,Utilities,-1872.92
17409,258,2024-03-26,Shopping,-439.95
17410,53,2024-04-29,ATM Withdrawal,-1124.05
17411,26,2024-02-16,Transfer,4882.03
17412,115,2024-09-07,Dining,-19.68
17413,138,2024-12-17,GROCERIES,-2016.76
17414,340,2025-01-02,Groceries,-844.31
17415,417,2025-05-10,Dining,-1788.89
17416,364,2024-06-08,Utilities,-656.75
17417,347,2024-12-22,GROCERIES,-842.24
17418,265,2025-04-27,Transfer,-6779.86
17419,174,2024-01-16,Transfer,7961.85
17420,120,2025-03-01,ATM Withdrawal,-2522.85
17421,443,2024-02-18,Utilities,-2505.33
17422,245,2024-10-27,ATM Withdrawal,-569.15
17423,265,2025-03-28,Shopping,-1471.56
17424,8,2024-09-07,ATM Withdrawal,-798.38
17425,215,2024-11-01,Groceries,-137.56
17426,320,2024-12-03,Entertainment,-1279.85
17427,232,2024-11-10,Utilities,-110.96
17428,288,2025-02-02,dining ,-1739.51
17429,379,2025-04-13,Travel,-1936.9
17430,11,2024-03-14,Dining,-2362.11
17431,424,2024-08-14,Healthcare,-1661.19
17432,383,2025-04-09,Salary Credit,41690.72
17433,197,2024-07-26,Entertainment,-1029.96
17434,358,2024-09-23,Healthcare,-1310.52
17435,32,2025-02-08,shopping,-2516.58
17436,145,2025-05-24,Transfer,-9420.2
17437,51,2024-05-17,Entertainment,-1124.3
17438,298,2025-06-04,Dining,-2084.6
17439,401,2025-01-21,dining ,-735.57
17440,282,2024-01-17,Travel,-1592.64
17441,334,2025-04-14,Salary Credit,42204.43
17442,68,2024-07-28,Transfer,2534.33
17443,438,2024-06-02,Utilities,-78.36
17444,91,2024-10-13,Transfer,-1261.22
17445,247,2024-11-10,ATM Withdrawal,-1724.77
17446,320,2024-10-21,Travel,-197.17
17447,401,2024-01-31,ATM Withdrawal,-892.94
17448,437,2025-03-24,,-2001.36
17449,281,2024-07-05,Utilities,-2208.32
17450,270,2024-03-17,Travel,-318.53
17451,196,2024-11-04,ATM Withdrawal,-960.31
17452,266,2024-12-05,Travel,-476.78
17453,316,2024-02-26,dining ,-1380.48
17454,303,2025-05-28,Entertainment,-1804.05
17455,278,2024-11-23,dining ,-138.22
17456,207,2025-06-27,dining ,-390.01
17457,92,2024-12-31,Entertainment,-382.99
17458,26,2024-01-06,Salary Credit,40846.6
17459,197,2024-04-23,Travel,-3078.86
17460,186,2025-06-14,Travel,-1298.85
17461,285,2024-10-31,Dining,-1783.77
17462,422,2024-03-07,GROCERIES,-2190.13
17463,329,2024-02-10,Entertainment,-795.41
17464,377,2024-10-19,Groceries,-1290.41
17465,271,2024-11-19,Groceries,-1427.7
17466,435,2024-05-14,Transfer,4614.25
17467,440,2024-04-16,Entertainment,-2139.57
17468,72,2024-11-26,ATM Withdrawal,-2193.15
17469,300,2024-08-25,Dining,-944.91
17470,237,2024-01-21,Utilities,-1883.17
17471,455,2024-02-01,Healthcare,-1550.29
17472,274,2024-05-09,ATM Withdrawal,-3595.62
17473,8,2024-11-03,Transfer,7688.58
17474,99,2024-06-12,Travel,-1547.62
17475,61,2024-01-09,Transfer,1896.57
17476,95,2025-05-14,Healthcare,-1674.97
17477,45,2025-01-12,Utilities,-337.45
17478,366,2024-11-14,Utilities,-2661.54
17479,232,2024-05-13,GROCERIES,-653.44
17480,315,2025-01-20,ATM Withdrawal,-273.75
17481,468,2025-05-30,Dining,-2100.02
17482,303,2025-01-03,Dining,-1168.13
17483,225,2024-06-10,Salary Credit,46464.24
17484,125,2024-08-01,ATM Withdrawal,-581.26
17485,354,2025-05-21,Travel,-1085.16
17486,238,2024-01-08,Healthcare,-1815.79
17487,355,2024-04-30,dining ,-450.97
17488,11,2024-02-28,shopping,-964.15
17489,77,2024-12-15,Salary Credit,45042.35
17490,61,2024-09-07,Salary Credit,42833.64
17491,319,2024-03-13,ATM Withdrawal,-1875.76
17492,243,2025-05-28,Salary Credit,48675.51
17493,149,2024-10-27,Transfer,4686.13
17494,145,2024-05-15,Transfer,8545.49
17495,284,2025-05-30,Healthcare,-368.63
17496,452,2025-01-15,Healthcare,-2798.45
17497,466,2024-03-11,Shopping,-439.64
17498,221,2025-03-26,ATM Withdrawal,-1428.73
17499,314,2024-02-02,Travel,-1772.33
17500,40,2025-05-09,ATM Withdrawal,-1023.05
17501,443,2024-08-02,groceries,-1480.76
17502,9,2024-06-08,Utilities,-945.72
17503,161,2024-01-30,Entertainment,-2900.27
17504,340,2025-05-22,ATM Withdrawal,-1381.98
17505,454,2024-10-31,GROCERIES,-1095.24
17506,81,2024-11-27,shopping,-1419.8
17507,310,2025-04-08,Utilities,-2219.0
17508,88,2024-10-04,Transfer,-6171.27
17509,24,2024-06-06,GROCERIES,-1365.07
17510,199,2025-02-28,Salary Credit,33522.83
17511,270,2024-10-15,ATM Withdrawal,-2239.81
17512,124,2024-05-10,shopping,-1515.25
17513,456,2025-04-05,Utilities,-799.16
17514,289,2025-03-18,Transfer,9172.67
17515,206,2024-05-14,Transfer,-7145.17
17516,228,2024-12-20,Utilities,-2971.7
17517,218,2025-05-16,Dining,-1986.92
17518,53,2025-03-11,ATM Withdrawal,-536.45
17519,284,2024-04-18,Utilities,-2334.84
17520,368,2025-04-11,Utilities,-368.89
17521,198,2024-01-31,shopping,-2415.85
17522,200,2024-12-02,Shopping,-1996.6
17523,427,2024-10-05,Transfer,6328.66
17524,286,2024-01-21,Healthcare,-1457.59
17525,140,2025-01-30,ATM Withdrawal,-2314.79
17526,2,2024-06-11,Groceries,-140.88
17527,386,2025-04-09,Utilities,-1236.28
17528,294,2025-04-23,Dining,-992.99
17529,294,2024-11-17,ATM Withdrawal,-813.47
17530,133,2024-12-07,Shopping,-686.37
17531,88,2024-01-29,Healthcare,-1342.25
17532,232,2025-04-30,Travel,-1846.47
17533,355,2025-01-06,GROCERIES,-2538.57
17534,140,2024-07-28,shopping,-943.68
17535,247,2024-02-16,Utilities,-869.23
17536,467,2024-10-02,Dining,-1338.89
17537,103,2025-05-05,Travel,-2518.06
17538,109,2025-04-15,Dining,-22.22
17539,111,2024-02-23,Dining,-1632.38
17540,428,2025-02-19,Shopping,-1463.31
17541,248,2024-02-14,Transfer,7971.06
17542,430,2024-07-24,Entertainment,-408.38
17543,444,2024-08-31,Dining,-1716.73
17544,198,2024-01-13,Travel,-2665.64
17545,26,2024-03-15,Transfer,2371.49
17546,143,2025-04-24,Healthcare,-120.46
17547,255,2024-12-09,Transfer,-9466.82
17548,179,2025-03-04,Shopping,-804.73
17549,2,2024-11-07,Entertainment,-983.53
17550,464,2024-09-01,ATM Withdrawal,-3475.66
17551,142,2024-01-10,groceries,-2030.64
17552,290,2024-10-24,groceries,-2231.09
17553,444,2025-02-23,Healthcare,-2677.44
17554,255,2024-04-21,Entertainment,-203.97
17555,326,2024-09-24,shopping,-2581.25
17556,17,2024-08-12,ATM Withdrawal,-2703.8
17557,327,2025-04-19,Utilities,-798.46
17558,397,2024-03-29,ATM Withdrawal,-1876.8
17559,430,2024-02-27,Travel,-2070.78
17560,40,2024-04-24,Utilities,-562.95
17561,107,2024-03-26,Travel,-2023.07
17562,22,2025-04-06,shopping,-628.29
17563,430,2024-05-22,Healthcare,-3532.84
17564,129,2024-07-16,Entertainment,-1345.5
17565,249,2024-05-20,dining ,-1710.38
17566,223,2025-03-20,Utilities,-264.82
17567,323,2024-12-27,Utilities,-1556.4
17568,419,2024-09-15,Groceries,-2297.99
17569,152,2025-03-11,Shopping,-394.86
17570,370,2024-02-08,shopping,-729.98
17571,137,2025-01-04,GROCERIES,-560.22
17572,93,2024-07-16,Healthcare,-161.21
17573,50,2024-07-25,Transfer,8087.75
17574,175,2024-03-27,Dining,-60.88
17575,263,2024-02-22,ATM Withdrawal,-405.28
17576,366,2025-01-12,Utilities,-721.07
17577,398,2025-04-08,Salary Credit,45401.41
17578,247,2025-05-11,shopping,-1722.3
17579,192,2024-05-12,GROCERIES,-401.35
17580,82,2025-02-19,Shopping,-670.58
17581,428,2024-03-01,Healthcare,-1686.83
17582,186,2025-02-28,ATM Withdrawal,-2014.06
17583,358,2024-11-04,Salary Credit,54947.93
17584,293,2025-04-14,Transfer,-6438.6
17585,436,2024-02-06,Transfer,2374.45
17586,456,2025-02-27,Entertainment,-2328.57
17587,331,2024-09-11,Groceries,-2793.71
17588,310,2024-11-05,groceries,-1121.08
17589,65,2024-10-20,Transfer,-4472.97
17590,8,2025-01-24,Healthcare,-299.14
17591,256,2024-11-22,shopping,-2478.29
17592,330,2024-08-14,Healthcare,-247.5
17593,350,2024-08-25,ATM Withdrawal,-2965.55
17594,118,2024-02-08,GROCERIES,-1126.51
17595,236,2025-01-29,Entertainment,-426.07
17596,404,2025-01-19,Transfer,-4188.63
17597,45,2024-11-05,shopping,-1086.38
17598,180,2025-01-28,ATM Withdrawal,-913.09
17599,443,2024-05-26,Utilities,-1204.54
17600,94,2024-05-01,Salary Credit,56084.88
17601,149,2025-05-19,Travel,-1756.95
17602,219,2025-06-03,Shopping,-1375.31
17603,323,2025-04-09,Salary Credit,54133.48
17604,120,2024-01-29,groceries,-375.35
17605,371,2024-10-26,GROCERIES,-1842.03
17606,111,2025-02-05,GROCERIES,-1824.92
17607,173,2024-01-21,Shopping,-2549.73
17608,269,2025-06-11,Travel,-33.56
17609,6,2025-03-04,Shopping,-420.44
17610,360,2024-06-17,shopping,-470.86
17611,314,2024-10-03,groceries,-1630.37
17612,391,2025-05-12,Transfer,5671.96
17613,129,2025-04-10,ATM Withdrawal,-1710.98
17614,187,2025-03-26,ATM Withdrawal,-696.18
17615,421,2025-06-20,Groceries,-2524.98
17616,32,2025-02-09,ATM Withdrawal,-1411.51
17617,230,2025-05-24,Shopping,-1697.31
17618,227,2025-06-03,Transfer,-3116.54
17619,210,2024-01-11,Groceries,-1666.22
17620,204,2024-12-22,ATM Withdrawal,-1268.6
17621,350,2024-07-01,Healthcare,-1256.65
17622,93,2024-09-26,Entertainment,-1643.87
17623,418,2024-04-01,Entertainment,-1107.73
17624,420,2025-01-03,groceries,-24.62
17625,84,2025-03-30,shopping,-1036.65
17626,456,2024-08-12,dining ,-2662.52
17627,123,2025-01-15,Shopping,-701.92
17628,25,2024-06-26,ATM Withdrawal,-1284.68
17629,187,2025-02-12,ATM Withdrawal,-1950.92
17630,373,2024-02-14,Healthcare,-3107.38
17631,396,2025-04-24,Healthcare,-969.83
17632,303,2024-07-25,Dining,-95.53
17633,380,2024-10-02,Entertainment,-1805.27
17634,123,2025-03-13,Entertainment,-468.96
17635,412,2024-01-17,ATM Withdrawal,-1465.79
17636,298,2025-05-30,dining ,-1745.42
17637,63,2024-11-30,Dining,-768.57
17638,61,2025-06-15,Travel,-955.14
17639,126,2024-10-27,Groceries,-1937.3
17640,33,2024-04-22,Utilities,-2183.36
17641,133,2024-11-13,GROCERIES,-1239.79
17642,465,2024-11-07,shopping,-1351.74
17643,113,2025-05-16,Salary Credit,36008.52
17644,298,2024-11-09,groceries,-1306.27
17645,458,2024-08-09,Entertainment,-847.52
17646,119,2024-04-05,GROCERIES,-1270.79
17647,326,2024-06-26,Travel,-2476.39
17648,211,2024-11-12,shopping,-186.46
17649,134,2024-07-20,shopping,-2257.81
17650,445,2024-07-16,Utilities,-1375.28
17651,308,2024-01-08,ATM Withdrawal,-1175.75
17652,206,2025-05-28,Utilities,-418.14
17653,381,2025-03-31,Dining,-1451.58
17654,422,2024-05-19,Shopping,-3154.32
17655,366,2024-03-15,groceries,-1092.81
17656,407,2025-03-31,Healthcare,-559.97
17657,151,2025-03-31,Shopping,-1040.89
17658,162,2025-05-03,Groceries,-1494.31
17659,109,2024-10-25,Transfer,-7818.58
17660,326,2025-02-05,ATM Withdrawal,-1606.9
17661,376,2025-02-01,Travel,-272.38
17662,310,2024-04-26,Healthcare,-1754.5
17663,281,2024-10-12,shopping,-1044.71
17664,361,2024-05-21,dining ,-1996.78
17665,85,2025-02-14,Transfer,-404.5
17666,172,2025-06-13,Entertainment,-794.06
17667,331,2024-02-11,dining ,-1641.93
17668,25,2024-02-11,groceries,-1544.66
17669,427,2024-05-23,Salary Credit,45135.15
17670,81,2024-03-04,ATM Withdrawal,-649.59
17671,369,2024-01-05,dining ,-1081.23
17672,289,2025-06-17,Healthcare,-2533.58
17673,397,2024-11-13,Dining,-3496.93
17674,363,2025-02-27,Transfer,6276.74
17675,242,2024-11-04,Entertainment,-2122.65
17676,354,2025-02-10,Dining,-545.36
17677,163,2025-01-08,shopping,-2417.95
17678,274,2024-03-28,GROCERIES,-885.72
17679,429,2024-03-22,Salary Credit,34865.77
17680,40,2024-09-23,Shopping,-2237.05
17681,167,2024-07-21,Transfer,9181.33
17682,9,2025-04-03,Shopping,-1943.73
17683,251,2024-06-15,Utilities,-35.71
17684,367,2024-06-28,groceries,-1366.15
17685,19,2024-10-15,groceries,-392.88
17686,258,2024-04-15,shopping,-2337.41
17687,195,2025-04-12,Entertainment,-1277.58
17688,367,2024-01-06,Transfer,-3025.21
17689,104,2025-04-06,Travel,-627.17
17690,77,2024-12-05,Healthcare,-2249.58
17691,45,2025-04-28,dining ,-891.61
17692,191,2024-06-09,Healthcare,-964.37
17693,229,2025-05-05,Dining,-1635.43
17694,431,2025-04-15,Dining,-404.0
17695,219,2024-09-05,Entertainment,-166.34
17696,81,2024-06-03,shopping,-1373.71
17697,328,2024-04-17,Entertainment,-362.06
17698,29,2024-03-23,ATM Withdrawal,-1130.87
17699,162,2024-11-13,dining ,-421.16
17700,306,2025-06-07,groceries,-23.31
17701,119,2024-11-04,Travel,-277.25
17702,279,2025-06-09,shopping,-1290.9
17703,213,2025-02-15,Travel,-2186.85
17704,446,2025-01-08,Dining,-2080.17
17705,135,2025-01-30,Dining,-1222.37
17706,425,2025-05-20,Shopping,-2482.28
17707,293,2025-04-12,Groceries,-717.92
17708,351,2024-03-29,Travel,-1936.94
17709,79,2024-11-14,,-757.11
17710,9,2024-09-07,Entertainment,-546.69
17711,342,2025-04-24,Salary Credit,51476.98
17712,225,2024-04-21,Dining,-1589.37
17713,145,2025-03-22,Transfer,534.47
17714,420,2024-09-17,shopping,-2126.1
17715,153,2025-05-23,shopping,-1809.45
17716,203,2025-03-07,dining ,-837.46
17717,339,2024-07-07,Travel,-1724.67
17718,451,2025-04-05,Entertainment,-2186.57
17719,421,2024-04-12,Groceries,-537.66
17720,306,2024-01-03,Salary Credit,39164.99
17721,52,2024-10-03,Dining,-940.35
17722,52,2024-07-31,Travel,-799.28
17723,325,2024-03-09,Shopping,-1497.09
17724,239,2025-06-25,groceries,-2019.75
17725,63,2024-01-22,groceries,-1713.06
17726,326,2024-11-17,Shopping,-1631.32
17727,441,2024-05-22,Travel,-2121.14
17728,31,2024-06-10,Entertainment,-1109.79
17729,387,2024-04-25,ATM Withdrawal,-214.49
17730,162,2024-07-31,Entertainment,-1316.49
17731,187,2024-12-29,Entertainment,-2371.26
17732,336,2024-06-24,Groceries,-1525.11
17733,116,2025-01-28,Entertainment,-865.27
17734,74,2024-08-31,Healthcare,-1905.74
17735,452,2025-03-03,shopping,-1547.51
17736,164,2024-08-30,Salary Credit,43273.69
17737,80,2024-07-18,Utilities,-1307.17
17738,323,2024-10-03,GROCERIES,-914.36
17739,102,2025-01-09,dining ,-1753.35
17740,363,2024-09-10,groceries,-390.09
17741,33,2025-05-08,shopping,-1496.96
17742,243,2024-10-08,ATM Withdrawal,-1982.34
17743,189,2024-06-10,groceries,-1414.13
17744,448,2024-01-16,Dining,-1424.34
17745,244,2024-08-01,Groceries,-1263.01
17746,434,2024-01-30,Healthcare,-1681.14
17747,117,2024-01-20,Transfer,3922.18
17748,222,2024-07-21,Groceries,-1082.52
17749,381,2024-06-07,Transfer,4190.27
17750,76,2025-04-27,Transfer,-1013.65
17751,435,2025-02-01,Transfer,-6848.02
17752,362,2025-03-07,Entertainment,-1139.7
17753,317,2024-10-24,Shopping,-2029.09
17754,114,2024-03-01,Dining,-2401.84
17755,383,2025-04-08,Entertainment,-1185.53
17756,395,2024-09-26,Transfer,2010.52
17757,137,2024-08-21,Utilities,-2182.32
17758,275,2024-11-25,Shopping,-2000.3
17759,29,2024-03-30,shopping,-1604.05
17760,185,2024-09-19,shopping,-727.99
17761,71,2024-11-26,Salary Credit,48023.5
17762,261,2025-01-15,GROCERIES,-919.71
17763,257,2024-09-29,Shopping,-539.67
17764,250,2025-06-27,Utilities,-1523.24
17765,317,2025-06-23,groceries,-324.15
17766,433,2024-02-22,shopping,-1880.29
17767,93,2024-02-15,Utilities,-1453.41
17768,101,2024-10-07,Travel,-1099.67
17769,101,2025-03-27,GROCERIES,-1162.57
17770,435,2024-10-06,Shopping,-234.15
17771,44,2024-04-28,Utilities,-288.15
17772,15,2024-11-02,groceries,-2759.55
17773,76,2025-05-29,Transfer,728.08
17774,360,2024-03-31,Salary Credit,52348.18
17775,272,2024-08-30,shopping,-278.1
17776,431,2024-12-13,Salary Credit,49612.89
17777,96,2024-08-02,Utilities,-2526.77
17778,185,2024-01-25,Groceries,-1004.61
17779,260,2024-12-30,Utilities,-2241.97
17780,35,2025-02-07,Transfer,-7201.51
17781,430,2024-12-23,Salary Credit,57586.27
17782,377,2024-12-27,Transfer,-3414.03
17783,68,2024-12-23,Entertainment,-674.69
17784,395,2024-06-29,Dining,-487.15
17785,211,2024-01-10,Entertainment,-748.0
17786,158,2025-06-22,ATM Withdrawal,-2093.4
17787,443,2024-04-21,shopping,-2292.75
17788,243,2025-03-27,Shopping,-213.58
17789,107,2024-10-21,Shopping,-2300.63
17790,379,2024-10-21,GROCERIES,-503.94
17791,335,2024-01-12,Groceries,-449.97
17792,90,2025-06-23,Utilities,-45.24
17793,318,2024-10-15,Dining,-1503.98
17794,295,2025-03-28,Groceries,-672.88
17795,129,2025-02-27,GROCERIES,-2381.72
17796,202,2024-03-16,Healthcare,-382.69
17797,393,2025-05-31,dining ,-1858.99
17798,82,2024-11-18,Healthcare,-108.9
17799,339,2024-04-10,Shopping,-2128.69
17800,390,2024-11-12,Dining,-1305.41
17801,439,2024-12-01,Groceries,-1463.67
17802,152,2024-12-21,dining ,-877.42
17803,125,2024-06-24,Utilities,-826.44
17804,438,2025-05-27,dining ,-1647.1
17805,217,2024-05-09,Transfer,10425.52
17806,267,2024-09-25,Utilities,-255.3
17807,241,2025-04-02,shopping,-893.43
17808,241,2024-02-12,Shopping,-648.66
17809,293,2024-08-07,ATM Withdrawal,-160.58
17810,199,2024-09-18,Healthcare,-171.91
17811,184,2025-02-25,Travel,-540.73
17812,188,2025-03-05,Utilities,-843.66
17813,308,2025-03-10,Healthcare,-2474.48
17814,383,2024-07-14,Healthcare,-2090.38
17815,260,2024-09-24,Transfer,-7318.52
17816,318,2024-01-15,Transfer,2601.96
17817,194,2025-03-24,Travel,-1120.96
17818,363,2024-06-14,shopping,-1491.41
17819,185,2024-09-11,Utilities,-3099.0
17820,198,2025-01-06,Salary Credit,47150.48
17821,26,2025-02-27,Transfer,7232.59
17822,123,2024-02-16,Travel,-2223.47
17823,346,2025-02-22,Shopping,-1999.73
17824,41,2024-07-23,Transfer,-2017.32
17825,105,2024-08-15,Dining,-1311.9
17826,364,2024-03-13,Salary Credit,44856.63
17827,409,2025-01-25,Transfer,6850.22
17828,195,2024-09-16,groceries,-2745.04
17829,191,2024-02-26,Dining,-561.58
17830,239,2024-03-18,Groceries,-1004.95
17831,361,2025-01-28,GROCERIES,-716.19
17832,220,2024-02-29,shopping,-2080.83
17833,82,2024-10-11,ATM Withdrawal,-2225.63
17834,202,2025-01-15,Travel,-1551.72
17835,120,2025-05-12,Salary Credit,45758.18
17836,321,2024-03-27,Dining,-1576.04
17837,67,2024-06-10,Transfer,852.36
17838,285,2024-03-25,Utilities,-829.9
17839,61,2025-04-24,ATM Withdrawal,-902.24
17840,455,2024-11-18,Groceries,-1187.76
17841,300,2025-06-19,Transfer,-2452.07
17842,66,2024-01-24,Shopping,-238.19
17843,449,2025-01-19,Healthcare,-1588.87
17844,269,2024-01-18,Travel,-34.55
17845,284,2024-02-29,Entertainment,-2099.52
17846,30,2024-08-23,Travel,-1491.54
17847,88,2024-07-18,Groceries,-1997.79
17848,379,2024-07-17,ATM Withdrawal,-397.41
17849,219,2024-02-06,Dining,-2877.41
17850,289,2024-10-23,Transfer,-11659.11
17851,462,2024-07-04,Utilities,-1227.04
17852,201,2025-06-25,Transfer,-4961.61
17853,179,2025-03-06,Shopping,-2106.59
17854,376,2024-08-24,shopping,-1913.4
17855,31,2025-02-21,ATM Withdrawal,-397.83
17856,213,2024-11-09,ATM Withdrawal,-456.03
17857,401,2024-09-26,ATM Withdrawal,-1553.48
17858,107,2025-05-15,ATM Withdrawal,-1896.35
17859,143,2024-11-16,Shopping,-1334.43
17860,222,2024-09-20,Transfer,-90.13
17861,35,2024-11-04,Utilities,-1700.92
17862,34,2025-03-01,dining ,-2842.36
17863,118,2025-02-08,ATM Withdrawal,-866.51
17864,421,2024-10-26,shopping,-2045.36
17865,104,2024-04-06,Entertainment,-2848.88
17866,343,2024-12-13,Healthcare,-2049.2
17867,200,2024-08-22,Entertainment,-1127.36
17868,356,2025-05-23,shopping,-2007.19
17869,155,2025-05-10,Transfer,-6626.09
17870,410,2024-01-01,Utilities,-1274.99
17871,174,2025-06-28,groceries,-1300.17
17872,371,2025-05-06,Transfer,-2714.38
17873,390,2025-05-09,Transfer,-9874.13
17874,203,2024-09-28,GROCERIES,-642.17
17875,313,2024-05-27,Entertainment,-560.2
17876,56,2024-11-26,Entertainment,-4363.85
17877,233,2025-04-26,Utilities,-807.1
17878,175,2024-09-02,Groceries,-958.33
17879,447,2025-06-21,Entertainment,-838.14
17880,438,2024-05-22,Groceries,-1214.34
17881,367,2025-04-09,dining ,-516.78
17882,445,2024-02-05,Shopping,-2540.5
17883,457,2025-04-02,Transfer,-4401.25
17884,360,2025-05-30,Transfer,3606.23
17885,278,2025-01-17,ATM Withdrawal,-2185.39
17886,96,2024-12-06,Transfer,-3677.92
17887,382,2024-08-12,ATM Withdrawal,-1538.13
17888,92,2025-04-21,Salary Credit,37567.95
17889,87,2024-03-10,dining ,-1284.42
17890,412,2024-06-07,Travel,-1175.45
17891,54,2024-03-12,Shopping,-2028.79
17892,67,2024-05-31,Groceries,-1348.99
17893,240,2024-10-12,Travel,-189.38
17894,274,2024-07-02,dining ,-3362.18
17895,22,2024-08-17,groceries,-1591.11
17896,178,2024-05-05,Shopping,-349.61
17897,106,2024-07-11,Dining,-1370.2
17898,142,2024-09-28,dining ,-1551.97
17899,85,2024-04-26,Transfer,6089.87
17900,318,2025-05-25,Transfer,5736.04
17901,222,2025-05-03,ATM Withdrawal,-2025.92
17902,450,2025-04-22,Dining,-1855.08
17903,4,2024-01-01,Salary Credit,50971.68
17904,364,2024-09-26,ATM Withdrawal,-398.9
17905,426,2025-03-09,Dining,-360.87
17906,228,2024-07-09,groceries,-486.13
17907,328,2024-05-06,Travel,-976.41
17908,207,2024-11-29,Travel,-516.05
17909,279,2024-01-02,Dining,-285.78
17910,425,2024-11-29,Dining,-1414.99
17911,249,2024-09-03,shopping,-414.48
17912,271,2025-01-07,shopping,-963.19
17913,462,2025-01-07,Shopping,-22.41
17914,233,2024-10-18,Healthcare,-651.23
17915,82,2024-11-14,GROCERIES,-967.56
17916,320,2024-01-15,Transfer,6303.63
17917,325,2025-06-18,Utilities,-604.68
17918,111,2024-02-11,Transfer,-9357.73
17919,342,2025-06-16,ATM Withdrawal,-1020.61
17920,30,2025-06-14,Salary Credit,45553.3
17921,150,2025-01-26,Salary Credit,45969.84
17922,401,2025-02-10,ATM Withdrawal,-432.59
17923,289,2024-01-17,ATM Withdrawal,-1707.08
17924,285,2025-05-31,groceries,-553.47
17925,291,2024-10-14,Utilities,-2406.09
17926,78,2024-07-04,Transfer,-6089.71
17927,450,2024-12-31,shopping,-1673.96
17928,140,2024-10-18,Groceries,-802.7
17929,369,2024-07-16,Healthcare,-2344.04
17930,464,2024-06-24,Healthcare,-547.31
17931,113,2024-03-05,Shopping,-299.47
17932,297,2025-05-10,Shopping,-1334.11
17933,20,2024-12-28,Utilities,-40.0
17934,298,2024-06-05,shopping,-690.33
17935,207,2025-01-29,Healthcare,-1434.7
17936,34,2025-01-13,Dining,-1861.55
17937,315,2024-03-17,Utilities,-1166.32
17938,454,2024-04-05,Entertainment,-386.16
17939,39,2024-05-05,Travel,-896.52
17940,418,2024-02-27,Healthcare,-598.75
17941,395,2025-03-24,Utilities,-1112.11
17942,257,2024-03-25,Groceries,-641.77
17943,422,2025-03-18,Healthcare,-320.42
17944,145,2024-10-15,Dining,-208.37
17945,337,2024-03-04,ATM Withdrawal,-454.5
17946,327,2025-04-05,Groceries,-2173.15
17947,272,2024-04-04,ATM Withdrawal,-1844.21
17948,391,2025-06-28,Dining,-94.34
17949,411,2024-01-08,Transfer,6952.29
17950,368,2024-12-05,Healthcare,-1238.14
17951,276,2024-06-19,groceries,-37.22
17952,458,2024-10-17,Utilities,-254.55
17953,261,2025-04-02,ATM Withdrawal,-1065.86
17954,299,2025-03-04,Healthcare,-1867.06
17955,89,2024-06-02,Utilities,-1734.72
17956,151,2024-02-04,Healthcare,-715.19
17957,424,2024-06-03,Entertainment,-1613.35
17958,234,2025-03-17,ATM Withdrawal,-1053.59
17959,240,2024-10-07,Travel,-538.57
17960,383,2025-02-17,shopping,-2064.49
17961,153,2024-09-26,ATM Withdrawal,-1340.18
17962,125,2024-10-15,ATM Withdrawal,-1659.76
17963,5,2024-02-05,Utilities,-212.04
17964,109,2024-01-13,Shopping,-732.31
17965,240,2025-01-18,Transfer,4157.92
17966,340,2024-04-20,shopping,-999.4
17967,155,2024-07-15,shopping,-245.0
17968,208,2024-07-20,Utilities,-1377.18
17969,104,2024-12-11,Dining,-228.76
17970,383,2025-05-27,Groceries,-1529.2
17971,246,2025-02-16,Travel,-306.43
17972,68,2024-12-13,Salary Credit,43324.79
17973,286,2025-03-31,Transfer,9725.07
17974,158,2024-10-05,GROCERIES,-1529.2
17975,405,2024-03-20,Utilities,-888.19
17976,126,2024-09-23,Transfer,2829.5
17977,405,2025-06-16,GROCERIES,-312.4
17978,327,2025-03-01,Healthcare,-871.77
17979,64,2024-07-09,Salary Credit,53789.41
17980,356,2024-06-25,Healthcare,-2138.24
17981,338,2025-05-15,ATM Withdrawal,-753.0
17982,214,2024-02-21,Healthcare,-944.45
17983,76,2025-05-23,ATM Withdrawal,-1578.28
17984,224,2025-01-03,Dining,-3385.36
17985,285,2025-03-16,Transfer,4287.23
17986,62,2024-06-28,dining ,-2444.28
17987,160,2024-12-19,shopping,-1424.52
17988,329,2024-06-26,Travel,-1967.94
17989,259,2024-01-10,Transfer,5527.92
17990,465,2024-09-04,Transfer,-4914.99
17991,102,2025-06-18,Entertainment,-1013.53
17992,365,2024-05-12,Dining,-1515.57
17993,200,2024-03-29,Healthcare,-2269.04
17994,105,2025-05-17,Transfer,8631.69
17995,446,2025-05-11,Travel,-780.65
17996,292,2025-04-06,GROCERIES,-688.64
17997,251,2025-06-16,Utilities,-454.72
17998,139,2025-06-24,Groceries,-1338.62
17999,413,2025-05-15,Salary Credit,52463.26
18000,15,2025-06-09,groceries,-691.47
18001,54,2025-02-09,Travel,-1035.31
18002,85,2024-06-20,ATM Withdrawal,-1782.0
18003,306,2024-09-06,shopping,-910.96
18004,49,2024-07-26,Entertainment,-1028.68
18005,374,2024-10-04,Dining,-2202.91
18006,92,2025-01-15,shopping,-1221.33
18007,317,2024-05-11,Entertainment,-551.77
18008,373,2024-01-09,Utilities,-1286.71
18009,412,2024-11-24,shopping,-1590.01
18010,138,2025-06-25,Healthcare,-3454.08
18011,35,2025-04-14,Shopping,-2567.17
18012,355,2024-01-06,Entertainment,-4073.12
18013,210,2024-11-22,Healthcare,-241.19
18014,445,2024-10-16,Dining,-2452.1
18015,89,2024-08-19,Transfer,9658.74
18016,269,2024-12-30,ATM Withdrawal,-1227.44
18017,56,2024-08-20,Healthcare,-846.83
18018,228,2025-05-13,Shopping,-1863.55
18019,1,2025-05-09,Transfer,1568.22
18020,352,2024-12-17,Utilities,-75.51
18021,284,2024-09-06,Salary Credit,33025.92
18022,46,2024-11-21,Transfer,5699.31
18023,234,2025-05-05,Healthcare,-1804.13
18024,201,2024-06-12,Dining,-322.84
18025,316,2025-04-18,GROCERIES,-1635.28
18026,234,2024-11-18,Healthcare,-1628.94
18027,215,2024-02-04,Salary Credit,47773.92
18028,389,2025-02-12,GROCERIES,-1811.92
18029,243,2024-04-20,shopping,-1393.99
18030,382,2024-10-07,Healthcare,-2399.59
18031,415,2025-06-01,Healthcare,-1761.39
18032,397,2025-02-28,Utilities,-70.89
18033,448,2025-01-16,Transfer,-2117.65
18034,327,2024-02-07,Shopping,-1185.42
18035,263,2025-04-13,Travel,-3496.91
18036,249,2024-07-01,Transfer,6469.13
18037,96,2024-01-28,dining ,-459.71
18038,388,2025-06-07,Travel,-1503.09
18039,325,2024-04-13,Dining,-1670.12
18040,409,2024-06-25,GROCERIES,-1381.05
18041,329,2024-03-18,Travel,-743.91
18042,225,2024-12-04,Healthcare,-48.15
18043,139,2025-04-17,Travel,-151.81
18044,462,2024-10-10,ATM Withdrawal,-498.61
18045,344,2025-04-18,Utilities,-2365.43
18046,410,2025-05-25,Entertainment,-102.96
18047,274,2025-04-20,Salary Credit,46245.98
18048,239,2024-03-29,Healthcare,-2458.5
18049,17,2024-04-22,Utilities,-1785.69
18050,33,2024-06-12,shopping,-2479.25
18051,331,2024-12-13,Dining,-672.29
18052,106,2025-04-14,GROCERIES,-1765.33
18053,39,2024-06-19,Shopping,-2235.82
18054,364,2024-12-29,Transfer,7669.72
18055,291,2024-04-12,dining ,-124.83
18056,53,2024-10-22,ATM Withdrawal,-1800.36
18057,234,2025-02-28,ATM Withdrawal,-1638.98
18058,220,2024-08-03,shopping,-1064.7
18059,2,2024-03-29,Transfer,-3185.25
18060,284,2024-08-12,shopping,-1605.4
18061,186,2025-02-19,Healthcare,-311.4
18062,412,2025-05-24,Transfer,-7826.42
18063,55,2024-12-01,Entertainment,-2137.8
18064,397,2024-12-31,Utilities,-1633.88
18065,4,2024-08-16,Transfer,3620.62
18066,358,2025-05-21,Healthcare,-199.63
18067,367,2025-04-19,Dining,-498.51
18068,191,2025-06-13,Shopping,-2357.05
18069,132,2025-04-15,Entertainment,-1375.09
18070,67,2024-10-25,Travel,-1108.27
18071,160,2025-06-07,Shopping,-1347.12
18072,314,2024-11-28,ATM Withdrawal,-1816.11
18073,340,2024-11-23,Transfer,-3540.92
18074,85,2024-12-23,dining ,-1781.46
18075,6,2024-04-11,Travel,-1415.8
18076,263,2025-04-02,Travel,-2195.5
18077,272,2024-07-16,Dining,-1878.06
18078,459,2024-12-25,groceries,-505.14
18079,357,2025-04-05,ATM Withdrawal,-1803.78
18080,258,2024-03-03,Entertainment,-1383.85
18081,277,2024-06-12,Healthcare,-259.25
18082,303,2025-05-28,Healthcare,-1656.84
18083,212,2024-07-15,Healthcare,-2631.44
18084,318,2024-12-26,GROCERIES,-273.32
18085,92,2024-11-02,Travel,-1781.81
18086,389,2025-04-19,Groceries,-1983.22
18087,404,2024-10-05,ATM Withdrawal,-1511.14
18088,204,2024-08-19,Healthcare,-1495.1
18089,214,2024-01-09,groceries,-668.78
18090,233,2024-09-15,Shopping,-1258.99
18091,383,2024-11-14,shopping,-1192.19
18092,83,2025-01-10,Dining,-2144.76
18093,160,2025-03-01,Transfer,-7879.84
18094,288,2025-02-27,Travel,-740.69
18095,325,2024-09-07,Travel,-509.95
18096,139,2024-02-12,Healthcare,-236.41
18097,55,2024-05-18,Dining,-2467.85
18098,238,2024-08-10,Travel,-1130.44
18099,299,2025-06-17,Transfer,-1032.99
18100,359,2025-02-23,Shopping,-1407.72
18101,2,2025-05-02,Salary Credit,45967.68
18102,9,2025-06-24,Shopping,-2690.3
18103,181,2024-03-13,Utilities,-1127.81
18104,264,2024-01-07,dining ,-1547.56
18105,2,2024-11-08,Entertainment,-1162.28
18106,82,2024-05-24,Utilities,-1937.04
18107,197,2025-04-18,Healthcare,-2784.05
18108,131,2024-09-10,groceries,-2050.0
18109,333,2024-01-06,Entertainment,-2973.92
18110,17,2024-05-01,Healthcare,-1686.86
18111,416,2024-07-05,Groceries,-227.44
18112,80,2024-01-15,Salary Credit,38407.8
18113,207,2024-06-21,Transfer,-7462.57
18114,462,2024-10-21,Salary Credit,43069.77
18115,311,2025-05-01,Entertainment,-1201.66
18116,468,2024-12-19,Groceries,-470.88
18117,10,2024-02-20,Healthcare,-2499.99
18118,337,2024-08-14,shopping,-2578.28
18119,36,2025-02-22,Utilities,-993.91
18120,287,2024-07-20,shopping,-1002.7
18121,153,2024-11-02,Utilities,-2347.88
18122,364,2025-06-21,shopping,-2141.48
18123,59,2024-03-16,dining ,-267.86
18124,420,2024-09-17,Transfer,6487.4
18125,225,2024-11-28,Travel,-1368.0
18126,244,2025-03-10,shopping,-410.16
18127,268,2025-04-01,Entertainment,-429.76
18128,17,2024-06-05,Entertainment,-1588.66
18129,146,2024-09-11,Transfer,3030.74
18130,332,2025-03-28,GROCERIES,-573.63
18131,450,2025-04-02,Entertainment,-713.2
18132,461,2025-03-24,dining ,-1561.94
18133,251,2024-12-29,Travel,-149.09
18134,121,2024-05-25,Entertainment,-2398.73
18135,224,2024-07-19,GROCERIES,-2960.34
18136,217,2024-12-23,groceries,-1413.23
18137,186,2024-05-18,shopping,-1747.69
18138,170,2025-01-06,shopping,-256.62
18139,407,2024-10-07,Travel,-1365.07
18140,183,2024-08-29,Transfer,-172.03
18141,14,2024-07-12,Entertainment,-60.57
18142,338,2025-02-25,Healthcare,-1061.08
18143,312,2024-09-10,Groceries,-1163.38
18144,178,2024-06-16,ATM Withdrawal,-1134.48
18145,295,2024-07-28,Entertainment,-152.61
18146,441,2024-09-20,dining ,-1295.54
18147,433,2024-12-02,Shopping,-574.16
18148,370,2025-06-23,Groceries,-1315.83
18149,274,2024-07-04,GROCERIES,-987.62
18150,13,2024-04-07,GROCERIES,-422.39
18151,240,2025-06-16,ATM Withdrawal,-588.58
18152,384,2024-03-21,Salary Credit,49354.08
18153,396,2025-05-07,groceries,-1954.8
18154,362,2024-03-18,shopping,-91.34
18155,462,2024-07-17,Groceries,-512.28
18156,242,2025-06-27,dining ,-797.47
18157,52,2024-03-31,Entertainment,-2254.37
18158,233,2024-03-28,Travel,-1622.24
18159,150,2024-11-28,Transfer,-1160.15
18160,392,2024-04-13,Utilities,-1642.89
18161,364,2024-01-14,Groceries,-2341.87
18162,199,2025-01-13,Entertainment,-1394.76
18163,182,2025-06-06,Dining,-502.49
18164,75,2025-02-17,Utilities,-1963.36
18165,21,2025-06-09,ATM Withdrawal,-1366.49
18166,147,2024-10-14,Shopping,-975.29
18167,113,2024-11-30,Entertainment,-2003.8
18168,125,2025-06-19,Healthcare,-1196.49
18169,468,2024-10-01,groceries,-1272.62
18170,319,2024-01-22,dining ,-1974.18
18171,259,2024-05-10,Salary Credit,40992.23
18172,84,2024-12-04,GROCERIES,-159.3
18173,394,2025-04-12,Shopping,-1492.73
18174,302,2024-11-26,Travel,-2601.14
18175,241,2024-08-09,Entertainment,-847.07
18176,219,2024-06-24,Entertainment,-1860.05
18177,259,2025-01-07,dining ,-1231.3
18178,393,2025-05-05,Groceries,-719.28
18179,338,2024-05-31,Healthcare,-618.3
18180,227,2024-10-28,groceries,-2012.66
18181,313,2024-08-20,Dining,-1811.9
18182,436,2024-05-14,Dining,-266.61
18183,153,2024-08-08,Utilities,-1474.16
18184,422,2024-02-18,Groceries,-2435.08
18185,284,2024-10-15,Utilities,-1827.68
18186,87,2024-02-28,Groceries,-301.1
18187,453,2024-09-15,Transfer,-1257.67
18188,322,2025-05-04,Dining,-1396.27
18189,181,2024-03-20,Transfer,2756.98
18190,101,2024-05-16,Salary Credit,48219.96
18191,429,2025-01-27,shopping,-597.24
18192,386,2025-05-09,Healthcare,-258.27
18193,21,2025-06-04,Travel,-1483.42
18194,298,2024-03-06,dining ,-1303.85
18195,54,2024-05-10,Shopping,-1939.45
18196,138,2025-06-20,groceries,-722.76
18197,266,2024-10-02,Utilities,-162.55
18198,117,2025-03-30,,-1808.44
18199,240,2024-01-08,Entertainment,-2502.21
18200,202,2024-03-04,shopping,-679.97
18201,273,2024-04-21,shopping,-1637.53
18202,375,2024-02-16,shopping,-919.46
18203,73,2025-04-30,GROCERIES,-2939.29
18204,373,2025-03-13,,-726.68
18205,105,2024-07-31,shopping,-1158.52
18206,16,2024-02-12,Utilities,-619.85
18207,209,2024-02-27,Dining,-2615.78
18208,142,2024-05-22,Salary Credit,40725.11
18209,87,2025-01-31,shopping,-2368.62
18210,198,2025-03-12,Utilities,-596.89
18211,407,2024-10-20,Healthcare,-1129.15
18212,275,2025-05-09,Transfer,-2196.09
18213,341,2025-05-20,shopping,-936.22
18214,70,2025-02-22,Dining,-1075.36
18215,36,2024-02-12,Salary Credit,42081.32
18216,157,2025-04-29,ATM Withdrawal,-169.7
18217,363,2025-05-10,shopping,-1455.3
18218,415,2024-11-01,Salary Credit,29345.75
18219,48,2024-11-22,dining ,-895.9
18220,224,2025-02-28,Utilities,-222.41
18221,186,2024-11-18,Entertainment,-2010.27
18222,349,2024-07-06,GROCERIES,-2308.91
18223,97,2025-01-14,Shopping,-1732.69
18224,227,2025-03-03,,-771.38
18225,398,2024-03-18,groceries,-532.61
18226,218,2025-01-05,Healthcare,-971.68
18227,366,2024-04-04,Entertainment,-1150.65
18228,292,2024-11-09,ATM Withdrawal,-1634.37
18229,280,2024-02-28,ATM Withdrawal,-1558.07
18230,122,2025-06-24,Entertainment,-634.48
18231,465,2024-12-29,dining ,-1795.93
18232,117,2024-09-13,ATM Withdrawal,-1547.05
18233,436,2024-10-01,Utilities,-496.36
18234,464,2024-12-03,Entertainment,-329.25
18235,240,2024-03-08,shopping,-1255.47
18236,407,2024-10-04,Transfer,5540.23
18237,335,2025-01-25,Dining,-208.18
18238,346,2024-05-21,Dining,-1252.44
18239,33,2024-09-18,Transfer,-7574.14
18240,65,2024-06-29,Travel,-1100.08
18241,33,2024-03-28,Shopping,-625.21
18242,15,2025-06-17,ATM Withdrawal,-1426.83
18243,392,2024-11-19,Dining,-321.6
18244,83,2024-08-01,Utilities,-435.04
18245,3,2024-07-03,Utilities,-15.69
18246,439,2025-01-05,Entertainment,-1644.48
18247,131,2024-02-28,groceries,-222.45
18248,383,2024-11-05,Travel,-2099.39
18249,450,2024-05-05,Healthcare,-157.87
18250,245,2025-04-29,Transfer,1040.63
18251,434,2025-03-03,ATM Withdrawal,-886.87
18252,454,2025-02-16,Shopping,-4.88
18253,68,2024-03-20,Transfer,-2961.37
18254,69,2024-02-13,Healthcare,-2238.78
18255,174,2024-09-06,Entertainment,-924.68
18256,262,2024-07-12,Salary Credit,47849.46
18257,368,2025-01-29,ATM Withdrawal,-723.58
18258,86,2025-01-22,Transfer,-12131.45
18259,91,2024-08-04,Transfer,-4156.62
18260,144,2024-03-28,ATM Withdrawal,-1434.18
18261,128,2024-06-25,Dining,-277.55
18262,440,2024-10-01,Transfer,-5612.9
18263,186,2024-05-18,Travel,-1137.62
18264,407,2024-06-22,Dining,-723.54
18265,27,2024-05-11,Groceries,-833.75
18266,48,2024-02-05,dining ,-1568.32
18267,377,2024-11-23,Shopping,-874.86
18268,117,2025-06-27,Dining,-1062.52
18269,39,2025-06-02,ATM Withdrawal,-751.97
18270,279,2025-05-21,Healthcare,-2665.54
18271,69,2024-12-25,Groceries,-2378.64
18272,29,2025-02-11,groceries,-125.18
18273,191,2024-02-04,Dining,-1202.29
18274,258,2024-04-19,Transfer,1264.29
18275,247,2025-01-19,Utilities,-1678.52
18276,274,2025-06-22,Dining,-907.09
18277,12,2025-05-09,Dining,-976.21
18278,137,2024-12-09,Groceries,-2420.31
18279,161,2024-02-29,ATM Withdrawal,-2142.69
18280,138,2025-06-10,ATM Withdrawal,-1642.65
18281,262,2024-06-22,Utilities,-1864.11
18282,108,2024-01-24,Travel,-1966.54
18283,296,2025-02-22,Salary Credit,48900.8
18284,438,2024-04-04,Healthcare,-2446.28
18285,310,2024-06-13,ATM Withdrawal,-57.38
18286,182,2025-01-04,Transfer,3537.76
18287,204,2025-06-10,Healthcare,-634.23
18288,274,2025-05-09,Travel,-703.68
18289,339,2024-03-30,groceries,-1063.54
18290,142,2024-04-05,ATM Withdrawal,-2669.32
18291,18,2025-03-16,Groceries,-2005.81
18292,329,2024-06-21,Travel,-2300.81
18293,310,2024-02-12,ATM Withdrawal,-1129.86
18294,48,2024-11-16,shopping,-1089.12
18295,294,2024-12-24,Utilities,-1720.53
18296,34,2025-06-28,Shopping,-1588.85
18297,301,2024-09-22,dining ,-1588.3
18298,349,2025-03-11,Groceries,-3286.56
18299,8,2024-10-18,Travel,-1727.27
18300,341,2025-05-18,groceries,-491.6
18301,57,2024-09-22,Healthcare,-566.48
18302,125,2025-01-02,Travel,-1957.67
18303,330,2025-06-08,Entertainment,-1887.4
18304,167,2025-04-23,Healthcare,-2080.86
18305,458,2024-08-06,Travel,-1668.8
18306,448,2024-10-03,Travel,-263.92
18307,462,2024-11-19,Entertainment,-2583.02
18308,49,2024-03-08,GROCERIES,-2408.59
18309,83,2024-05-07,Shopping,-852.94
18310,86,2025-01-21,Dining,-1529.85
18311,274,2024-02-09,Transfer,-3885.37
18312,202,2024-11-23,Transfer,1522.45
18313,350,2024-09-21,Salary Credit,49595.83
18314,133,2024-09-21,Travel,-142.79
18315,94,2025-04-06,Shopping,-664.16
18316,304,2024-05-29,Shopping,-2740.64
18317,289,2025-03-07,Salary Credit,48330.75
18318,324,2025-03-03,Entertainment,-1544.84
18319,147,2025-06-24,Dining,-934.92
18320,247,2025-03-23,dining ,-205.23
18321,435,2024-10-03,Dining,-1572.85
18322,287,2024-07-17,,-1649.02
18323,437,2025-03-01,Entertainment,-1914.76
18324,203,2025-05-20,Utilities,-846.65
18325,21,2024-06-02,Travel,-832.19
18326,356,2024-07-20,Healthcare,-1711.28
18327,216,2024-09-27,Groceries,-67.94
18328,20,2024-02-28,Entertainment,-1931.76
18329,65,2024-06-20,Healthcare,-1055.77
18330,147,2024-03-31,Transfer,-11923.1
18331,90,2025-02-24,Utilities,-955.28
18332,321,2024-09-26,ATM Withdrawal,-1325.38
18333,287,2024-11-25,Utilities,-1226.97
18334,155,2024-02-13,groceries,-580.97
18335,40,2024-11-08,groceries,-1750.32
18336,37,2025-01-26,Groceries,-904.04
18337,443,2025-01-10,Healthcare,-1881.72
18338,162,2025-03-09,ATM Withdrawal,-577.55
18339,51,2024-03-03,Utilities,-535.58
18340,333,2024-10-26,shopping,-1165.4
18341,408,2024-09-19,Salary Credit,34393.51
18342,58,2025-05-01,dining ,-1099.18
18343,443,2025-01-11,Utilities,-213.71
18344,340,2025-06-04,Shopping,-39.6
18345,118,2024-01-14,Transfer,4344.69
18346,363,2024-08-31,groceries,-2301.17
18347,197,2025-01-18,Entertainment,-1850.02
18348,298,2024-02-18,Salary Credit,40649.77
18349,60,2024-12-20,Shopping,-1052.65
18350,115,2024-05-06,groceries,-711.31
18351,362,2024-02-10,shopping,-125.19
18352,377,2024-12-24,Utilities,-257.52
18353,6,2024-08-20,dining ,-1438.22
18354,101,2024-08-09,Entertainment,-542.73
18355,285,2024-06-26,Shopping,-1145.43
18356,424,2025-01-08,Groceries,-281.4
18357,316,2024-12-03,Utilities,-1912.59
18358,331,2024-12-29,Dining,-1775.1
18359,182,2025-03-05,Healthcare,-2600.97
18360,26,2024-11-25,Dining,-2425.45
18361,359,2024-02-10,Shopping,-370.52
18362,375,2024-03-27,ATM Withdrawal,-426.04
18363,208,2025-06-24,Dining,-1516.23
18364,238,2024-06-04,Travel,-402.31
18365,111,2024-08-21,ATM Withdrawal,-1411.72
18366,212,2024-07-24,Entertainment,-888.41
18367,114,2025-06-23,ATM Withdrawal,-2024.97
18368,197,2025-03-25,Groceries,-2050.74
18369,63,2024-09-20,Utilities,-924.24
18370,284,2025-01-06,Utilities,-446.51
18371,116,2024-10-27,Travel,-2109.33
18372,340,2024-12-17,Healthcare,-650.02
18373,243,2025-06-03,groceries,-1178.87
18374,420,2025-01-01,Utilities,-1076.96
18375,104,2024-03-02,shopping,-1545.71
18376,128,2024-10-01,GROCERIES,-639.85
18377,114,2025-03-22,shopping,-193.2
18378,296,2024-01-22,GROCERIES,-1336.4
18379,51,2024-07-13,Transfer,4630.39
18380,322,2024-04-19,Utilities,-1086.37
18381,384,2025-01-27,shopping,-132.13
18382,316,2024-03-17,Salary Credit,49112.52
18383,64,2024-12-06,Utilities,-1727.73
18384,231,2024-02-04,Utilities,-1103.47
18385,250,2025-05-18,shopping,-323.08
18386,183,2024-06-23,Transfer,5245.5
18387,219,2024-08-10,Shopping,-1349.3
18388,357,2025-03-05,shopping,-1163.12
18389,391,2024-07-25,shopping,-225.19
18390,141,2024-03-03,Travel,-1428.3
18391,155,2025-05-08,ATM Withdrawal,-1346.4
18392,98,2024-03-01,groceries,-1576.88
18393,189,2024-09-27,,-1077.35
18394,256,2024-03-08,Entertainment,-2355.2
18395,334,2025-01-15,Salary Credit,44984.83
18396,126,2024-05-27,Shopping,-2455.51
18397,102,2025-05-23,Transfer,1525.06
18398,16,2024-04-20,Travel,-1952.23
18399,44,2024-12-31,shopping,-872.22
18400,25,2024-01-08,Dining,-800.31
18401,98,2024-03-02,GROCERIES,-2134.29
18402,326,2024-05-30,groceries,-75.53
18403,363,2025-04-26,ATM Withdrawal,-376.61
18404,456,2025-06-26,shopping,-1002.79
18405,256,2024-11-30,Healthcare,-1471.31
18406,213,2024-07-02,Dining,-1980.8
18407,421,2024-06-19,Dining,-1330.36
18408,69,2024-04-25,Salary Credit,26994.58
18409,295,2024-07-04,Groceries,-326.11
18410,383,2024-09-27,shopping,-66.29
18411,236,2025-01-08,GROCERIES,-496.67
18412,123,2024-05-05,dining ,-1046.86
18413,291,2024-01-20,shopping,-1659.82
18414,466,2024-11-01,Shopping,-2074.09
18415,111,2024-05-12,dining ,-1646.77
18416,264,2024-08-06,Utilities,-697.73
18417,24,2025-01-22,Utilities,-2174.12
18418,109,2025-05-03,Groceries,-1010.66
18419,359,2024-10-18,Healthcare,-1254.41
18420,233,2025-05-20,ATM Withdrawal,-603.96
18421,94,2024-05-26,groceries,-979.46
18422,157,2025-01-23,Utilities,-820.93
18423,57,2025-06-17,Dining,-43.36
18424,365,2024-04-27,Dining,-1773.33
18425,442,2025-02-06,Healthcare,-1350.91
18426,50,2024-09-15,groceries,-1915.4
18427,112,2025-04-25,Entertainment,-566.43
18428,402,2024-06-15,Transfer,-7116.41
18429,412,2025-06-07,ATM Withdrawal,-211.9
18430,360,2025-03-11,shopping,-1687.29
18431,335,2025-01-19,dining ,-1808.22
18432,404,2024-01-16,Transfer,-8350.25
18433,175,2024-02-15,Transfer,-9675.45
18434,419,2024-12-27,Shopping,-682.65
18435,415,2024-09-18,GROCERIES,-2504.46
18436,108,2024-06-25,Dining,-331.54
18437,35,2025-04-03,groceries,-1077.36
18438,244,2024-09-19,dining ,-1152.71
18439,355,2024-09-07,Shopping,-2036.68
18440,398,2024-06-25,Entertainment,-177.31
18441,67,2025-06-18,ATM Withdrawal,-556.09
18442,177,2024-07-17,Salary Credit,47098.65
18443,360,2024-05-21,ATM Withdrawal,-2132.65
18444,29,2025-01-02,Salary Credit,41764.09
18445,339,2024-01-19,Travel,-1322.68
18446,137,2024-11-20,Transfer,-2147.95
18447,11,2024-11-03,Utilities,-316.71
18448,114,2024-05-13,Entertainment,-2177.06
18449,348,2025-02-23,groceries,-1401.9
18450,408,2024-01-24,Salary Credit,56398.71
18451,39,2025-06-19,shopping,-33.83
18452,218,2025-04-11,Travel,-410.0
18453,95,2024-04-05,Travel,-90.7
18454,320,2024-09-25,groceries,-1836.04
18455,366,2024-04-17,Transfer,8601.68
18456,451,2024-12-03,Utilities,-2163.62
18457,167,2024-07-11,Shopping,-1699.86
18458,141,2024-09-23,Transfer,3177.82
18459,146,2025-06-05,shopping,-587.25
18460,357,2024-12-03,Entertainment,-255.19
18461,209,2025-04-17,GROCERIES,-107.9
18462,11,2024-12-07,Utilities,-541.62
18463,444,2024-09-15,dining ,-24.47
18464,49,2024-01-09,Entertainment,-367.07
18465,435,2024-02-18,Transfer,-6820.33
18466,76,2024-10-17,Transfer,9525.43
18467,252,2024-10-01,Shopping,-84.35
18468,147,2024-09-30,Dining,-1535.82
18469,322,2025-04-05,Travel,-2384.46
18470,189,2024-02-22,shopping,-740.2
18471,172,2024-12-25,groceries,-799.31
18472,224,2025-02-10,Salary Credit,56053.89
18473,455,2024-12-17,Entertainment,-879.7
18474,115,2024-05-08,Utilities,-2489.91
18475,103,2024-08-09,ATM Withdrawal,-133.33
18476,31,2024-01-30,Shopping,-2657.24
18477,346,2024-04-06,GROCERIES,-2331.68
18478,318,2025-03-13,Utilities,-339.25
18479,285,2024-12-02,shopping,-922.6
18480,12,2025-04-16,ATM Withdrawal,-83.04
18481,370,2025-01-11,Travel,-755.78
18482,379,2024-05-11,dining ,-207.45
18483,443,2025-03-19,groceries,-402.11
18484,435,2025-01-09,ATM Withdrawal,-71.49
18485,124,2024-04-14,Utilities,-2133.15
18486,333,2024-01-03,Salary Credit,30118.93
18487,189,2025-02-20,Dining,-2435.49
18488,279,2025-01-28,Transfer,7743.63
18489,156,2024-02-18,Utilities,-2385.67
18490,308,2024-09-10,Groceries,-1510.25
18491,446,2025-05-13,Shopping,-2684.23
18492,306,2025-03-07,,-90.86
18493,431,2025-03-21,Healthcare,-2431.51
18494,437,2024-08-02,Healthcare,-3937.3
18495,56,2024-03-07,shopping,-962.84
18496,452,2024-07-10,Salary Credit,44557.17
18497,383,2025-01-09,shopping,-370.73
18498,200,2025-04-03,Shopping,-1259.75
18499,281,2024-12-16,Groceries,-1367.53
18500,289,2024-01-22,ATM Withdrawal,-926.71
18501,369,2024-11-17,Healthcare,-1750.83
18502,376,2024-04-12,Groceries,-2198.64
18503,48,2024-11-28,Utilities,-406.95
18504,1,2024-08-12,Groceries,-818.03
18505,116,2024-10-17,Travel,-1963.38
18506,247,2024-11-21,Shopping,-363.72
18507,398,2024-12-13,Utilities,-1868.94
18508,306,2024-01-03,shopping,-1457.46
18509,64,2025-06-10,Transfer,-4615.44
18510,336,2024-11-09,Dining,-719.57
18511,220,2024-10-03,Transfer,-5741.4
18512,173,2024-07-25,Transfer,9895.85
18513,362,2024-02-26,Shopping,-2621.52
18514,139,2024-12-09,Utilities,-543.39
18515,290,2024-07-16,Healthcare,-1027.0
18516,86,2025-05-09,Utilities,-574.85
18517,179,2024-12-24,groceries,-415.43
18518,262,2024-08-28,GROCERIES,-1734.67
18519,292,2024-01-18,Entertainment,-2719.95
18520,431,2024-10-29,groceries,-596.7
18521,136,2025-04-05,Travel,-798.5
18522,420,2024-09-09,ATM Withdrawal,-3693.14
18523,383,2024-12-20,shopping,-623.82
18524,169,2024-03-05,ATM Withdrawal,-1035.23
18525,66,2024-08-09,Utilities,-1440.43
18526,121,2025-03-08,ATM Withdrawal,-1504.28
18527,308,2024-08-18,Groceries,-643.19
18528,370,2025-04-27,Dining,-2210.96
18529,287,2024-08-11,groceries,-1344.53
18530,340,2025-03-18,shopping,-1301.1
18531,48,2024-12-16,groceries,-593.63
18532,237,2025-05-31,Shopping,-1082.47
18533,409,2024-10-17,dining ,-2077.24
18534,183,2024-09-12,Travel,-2080.2
18535,421,2024-07-11,Groceries,-813.81
18536,58,2024-12-21,Travel,-503.39
18537,459,2025-06-18,Transfer,7635.58
18538,368,2024-04-01,,-1471.19
18539,294,2025-05-25,ATM Withdrawal,-1989.16
18540,289,2025-06-16,Travel,-327.98
18541,439,2025-02-23,Dining,-1180.68
18542,177,2024-11-12,Utilities,-1991.4
18543,78,2025-04-15,Utilities,-559.09
18544,430,2024-05-22,ATM Withdrawal,-2898.54
18545,49,2024-12-11,Dining,-2667.21
18546,309,2025-03-14,Healthcare,-1016.54
18547,125,2025-03-14,ATM Withdrawal,-1022.95
18548,435,2024-11-15,Travel,-1489.06
18549,456,2024-07-29,Healthcare,-1352.98
18550,223,2025-06-01,Dining,-2293.14
18551,250,2025-01-02,Transfer,2389.35
18552,213,2025-02-23,Utilities,-1443.89
18553,200,2024-12-05,shopping,-1645.45
18554,439,2025-04-23,groceries,-1167.7
18555,135,2024-09-17,Transfer,7686.52
18556,450,2024-10-24,Utilities,-2430.62
18557,305,2025-03-14,Shopping,-1872.43
18558,450,2024-10-08,Entertainment,-1534.1
18559,287,2024-05-13,Groceries,-1005.1
18560,384,2025-02-16,Healthcare,-1267.52
18561,230,2024-07-23,shopping,-29.64
18562,217,2024-02-27,Transfer,-8776.15
18563,121,2024-07-22,Shopping,-2778.25
18564,99,2024-01-30,Transfer,901.35
18565,18,2025-04-23,Entertainment,-1691.86
18566,180,2025-06-20,Travel,-172.12
18567,463,2024-05-25,ATM Withdrawal,-2683.17
18568,440,2025-05-14,Healthcare,-1184.99
18569,324,2025-01-22,Transfer,-3090.13
18570,171,2025-06-04,Healthcare,-741.23
18571,244,2024-03-29,ATM Withdrawal,-1559.63
18572,355,2024-02-03,Utilities,-2013.34
18573,1,2025-05-16,Transfer,7433.71
18574,432,2024-05-26,ATM Withdrawal,-2076.6
18575,408,2024-11-21,groceries,-996.59
18576,455,2025-05-06,dining ,-2086.97
18577,45,2024-07-05,Dining,-3201.19
18578,444,2024-02-18,ATM Withdrawal,-1921.09
18579,288,2025-03-07,Transfer,6280.87
18580,260,2024-09-03,Transfer,873.14
18581,85,2024-01-13,groceries,-1832.12
18582,231,2024-07-05,GROCERIES,-300.69
18583,171,2024-10-15,Utilities,-1846.46
18584,463,2025-04-24,ATM Withdrawal,-1163.7
18585,159,2024-05-03,Transfer,-5145.56
18586,103,2024-10-09,Entertainment,-2471.97
18587,443,2024-04-08,Dining,-1715.25
18588,88,2024-06-07,Transfer,8304.89
18589,424,2024-05-23,Salary Credit,41927.26
18590,451,2024-10-12,Entertainment,-806.94
18591,144,2024-12-27,Transfer,-1587.3
18592,323,2024-03-02,shopping,-1287.24
18593,373,2024-02-11,Transfer,-5196.56
18594,251,2025-02-02,Utilities,-1561.84
18595,327,2024-06-09,Transfer,5510.61
18596,62,2024-12-02,Transfer,9039.79
18597,242,2024-02-11,Entertainment,-1590.43
18598,241,2024-11-23,Dining,-1236.08
18599,266,2025-05-10,Transfer,-8731.96
18600,442,2024-08-26,Dining,-1356.67
18601,386,2024-11-10,Transfer,3442.03
18602,283,2024-06-09,Entertainment,-741.56
18603,189,2024-06-04,groceries,-710.29
18604,190,2024-02-05,Salary Credit,40446.46
18605,10,2024-09-18,ATM Withdrawal,-1910.72
18606,258,2025-05-31,Transfer,3774.24
18607,119,2024-03-04,Groceries,-388.05
18608,415,2024-08-15,Entertainment,-56.72
18609,363,2025-04-01,Healthcare,-2753.79
18610,428,2024-09-27,ATM Withdrawal,-2069.82
18611,467,2025-02-18,Travel,-587.09
18612,188,2024-07-23,Salary Credit,46122.33
18613,201,2024-11-24,groceries,-2462.68
18614,285,2025-06-22,Transfer,4808.93
18615,202,2024-11-21,Groceries,-1976.37
18616,131,2025-03-09,Utilities,-1059.49
18617,331,2025-01-13,GROCERIES,-934.1
18618,212,2024-02-22,ATM Withdrawal,-1183.94
18619,441,2024-03-28,Shopping,-835.88
18620,103,2024-11-27,ATM Withdrawal,-717.49
18621,208,2024-07-08,GROCERIES,-1668.37
18622,249,2024-09-21,Travel,-1424.77
18623,425,2024-09-20,Travel,-1378.0
18624,271,2025-03-08,Salary Credit,52620.11
18625,33,2025-06-23,Groceries,-903.69
18626,159,2025-06-27,Salary Credit,44603.96
18627,415,2024-02-13,Travel,-147.19
18628,128,2025-02-09,Entertainment,-73.59
18629,160,2025-01-30,Travel,-938.48
18630,71,2025-04-16,Groceries,-1219.48
18631,337,2024-08-20,Groceries,-1652.12
18632,66,2024-09-30,dining ,-1592.4
18633,173,2024-09-03,dining ,-456.15
18634,333,2024-07-22,Transfer,9311.2
18635,420,2024-05-14,ATM Withdrawal,-2652.52
18636,104,2024-12-16,GROCERIES,-923.79
18637,156,2024-01-10,Entertainment,-1283.57
18638,56,2025-02-12,Groceries,-393.34
18639,205,2025-04-03,Transfer,8081.86
18640,468,2024-05-04,GROCERIES,-3284.42
18641,143,2024-04-26,Travel,-718.35
18642,122,2024-10-01,Transfer,-7209.85
18643,188,2025-04-06,Dining,-1048.98
18644,420,2024-03-03,Groceries,-573.53
18645,257,2024-08-23,Transfer,-12435.18
18646,286,2024-04-27,ATM Withdrawal,-1889.53
18647,366,2025-04-09,Entertainment,-2062.75
18648,335,2025-04-25,Salary Credit,43307.45
18649,281,2024-02-15,Groceries,-1254.9
18650,263,2024-03-19,Salary Credit,35265.67
18651,250,2024-03-26,Transfer,-3876.4
18652,85,2025-03-18,GROCERIES,-276.13
18653,194,2025-05-05,groceries,-430.56
18654,397,2024-07-22,ATM Withdrawal,-3369.55
18655,19,2024-03-26,Transfer,4107.56
18656,388,2024-12-27,Utilities,-1531.38
18657,265,2025-04-30,ATM Withdrawal,-124.53
18658,164,2025-05-11,Dining,-1029.83
18659,54,2024-08-30,Travel,-33.47
18660,358,2025-03-01,ATM Withdrawal,-1534.65
18661,1,2025-06-05,dining ,-380.53
18662,255,2025-03-26,Utilities,-1918.33
18663,76,2024-09-15,Salary Credit,30682.33
18664,426,2024-05-22,Utilities,-631.13
18665,86,2024-07-21,Entertainment,-2259.06
18666,376,2024-07-16,Healthcare,-2579.77
18667,269,2025-06-22,Salary Credit,45047.83
18668,20,2025-02-03,Transfer,5349.47
18669,337,2025-04-12,Entertainment,-3046.8
18670,412,2025-02-27,ATM Withdrawal,-958.4
18671,104,2024-09-16,Transfer,-5010.37
18672,454,2025-03-06,groceries,-252.39
18673,374,2024-12-14,Transfer,6321.82
18674,348,2025-02-07,Utilities,-2003.8
18675,158,2024-06-12,Groceries,-1472.15
18676,57,2024-05-06,Shopping,-1947.61
18677,201,2024-04-08,dining ,-299.54
18678,378,2024-06-06,Groceries,-210.34
18679,275,2025-06-17,Salary Credit,51355.29
18680,304,2025-05-28,Groceries,-771.46
18681,366,2024-03-20,Entertainment,-142.93
18682,159,2024-10-28,Healthcare,-1382.55
18683,18,2025-05-27,ATM Withdrawal,-1277.27
18684,414,2025-02-15,Utilities,-1029.14
18685,288,2024-11-29,Shopping,-2628.31
18686,265,2024-11-22,GROCERIES,-2887.19
18687,269,2024-06-26,Salary Credit,52678.25
18688,400,2025-05-18,Dining,-1586.55
18689,361,2024-02-15,Shopping,-2442.09
18690,314,2025-04-18,dining ,-1342.01
18691,366,2025-04-19,Healthcare,-1025.62
18692,136,2024-05-22,Dining,-674.75
18693,334,2024-10-06,Travel,-495.99
18694,457,2025-04-27,dining ,-2035.22
18695,110,2024-09-15,shopping,-151.67
18696,268,2024-06-12,Entertainment,-665.14
18697,319,2024-02-08,dining ,-881.67
18698,242,2024-08-28,Groceries,-66.65
18699,454,2024-05-31,groceries,-847.74
18700,189,2025-04-08,shopping,-1284.37
18701,102,2025-04-14,Salary Credit,53218.12
18702,64,2024-06-25,Transfer,3481.93
18703,398,2024-04-24,Transfer,517.29
18704,322,2024-06-07,Groceries,-105.16
18705,271,2024-08-07,Entertainment,-513.24
18706,202,2024-12-30,Transfer,7936.65
18707,192,2024-03-23,Salary Credit,42377.11
18708,438,2025-06-28,Utilities,-1398.86
18709,319,2025-01-16,ATM Withdrawal,-1671.15
18710,452,2024-03-12,Salary Credit,51467.79
18711,376,2024-06-20,Utilities,-3004.82
18712,360,2025-01-17,Groceries,-1162.8
18713,260,2024-10-01,shopping,-559.61
18714,114,2024-10-14,Shopping,-1828.51
18715,306,2024-01-23,dining ,-3326.61
18716,336,2024-08-11,Entertainment,-714.74
18717,245,2024-11-30,dining ,-484.52
18718,10,2025-02-12,Utilities,-1099.47
18719,450,2024-08-31,Travel,-660.4
18720,387,2024-10-29,ATM Withdrawal,-2477.44
18721,165,2024-04-30,Groceries,-1043.83
18722,232,2025-03-10,ATM Withdrawal,-176.01
18723,58,2025-01-15,Travel,-1202.74
18724,439,2025-02-09,dining ,-3541.17
18725,108,2024-12-30,GROCERIES,-1203.77
18726,177,2025-06-20,Travel,-2923.23
18727,201,2025-04-24,Travel,-356.76
18728,124,2025-03-17,Groceries,-2514.26
18729,298,2024-07-01,shopping,-695.03
18730,466,2024-02-06,Shopping,-507.34
18731,401,2024-01-01,Healthcare,-354.39
18732,249,2025-02-28,ATM Withdrawal,-908.45
18733,62,2025-05-04,groceries,-2078.31
18734,404,2024-12-20,shopping,-766.47
18735,121,2025-01-28,groceries,-2162.69
18736,427,2024-02-18,Shopping,-554.37
18737,186,2024-11-04,Utilities,-1126.14
18738,243,2024-11-25,Entertainment,-722.32
18739,205,2024-03-26,shopping,-2830.73
18740,214,2025-02-13,Transfer,5852.64
18741,78,2024-07-01,shopping,-949.02
18742,259,2024-04-17,Travel,-675.4
18743,189,2025-01-14,dining ,-294.07
18744,397,2024-08-25,Dining,-2389.79
18745,224,2024-10-19,Transfer,156.46
18746,452,2024-10-22,Entertainment,-873.91
18747,139,2024-12-05,Utilities,-1994.3
18748,154,2024-08-13,shopping,-307.8
18749,18,2025-03-19,Utilities,-1360.44
18750,346,2025-04-22,Shopping,-416.46
18751,35,2024-09-20,Entertainment,-1223.98
18752,134,2024-04-02,Groceries,-1048.3
18753,427,2024-06-01,Utilities,-829.4
18754,286,2025-02-24,ATM Withdrawal,-1774.19
18755,262,2024-05-19,Utilities,-310.97
18756,377,2025-02-28,Groceries,-706.17
18757,362,2024-12-26,Travel,-1245.62
18758,415,2024-09-01,ATM Withdrawal,-1538.13
18759,312,2024-03-09,Healthcare,-1602.64
18760,210,2024-10-21,Entertainment,-1911.78
18761,62,2025-01-12,Shopping,-1020.87
18762,174,2024-03-24,Transfer,5032.91
18763,331,2025-03-25,Shopping,-701.95
18764,119,2024-04-16,Shopping,-1436.33
18765,315,2024-08-12,Dining,-2028.49
18766,63,2024-10-16,Utilities,-411.11
18767,29,2025-02-06,shopping,-2461.79
18768,171,2024-05-02,Healthcare,-2231.69
18769,108,2024-07-02,Salary Credit,47961.1
18770,409,2025-03-15,Healthcare,-99.21
18771,178,2024-06-28,dining ,-3139.48
18772,197,2024-12-01,groceries,-1455.98
18773,189,2024-08-04,Healthcare,-1333.49
18774,149,2024-01-31,Utilities,-1302.25
18775,430,2024-10-07,Shopping,-1697.31
18776,346,2024-07-14,Groceries,-2034.24
18777,75,2024-05-24,Entertainment,-1177.38
18778,101,2025-04-12,GROCERIES,-81.5
18779,38,2025-02-25,Entertainment,-2131.44
18780,120,2024-05-31,Dining,-466.22
18781,308,2024-10-12,Dining,-295.71
18782,439,2025-01-27,Transfer,-4808.92
18783,226,2024-01-30,Travel,-789.78
18784,39,2024-02-21,Dining,-1542.02
18785,23,2024-10-21,Shopping,-1713.1
18786,195,2025-05-22,dining ,-776.94
18787,124,2025-05-20,Utilities,-1309.15
18788,270,2024-09-01,groceries,-763.21
18789,56,2025-01-18,shopping,-1890.14
18790,108,2024-09-24,groceries,-1641.23
18791,261,2025-05-08,Transfer,-4147.45
18792,132,2024-11-06,Transfer,5774.98
18793,171,2025-04-30,Utilities,-1659.05
18794,104,2024-07-17,Shopping,-1873.97
18795,25,2025-05-22,Shopping,-1796.56
18796,162,2025-01-30,ATM Withdrawal,-1089.46
18797,155,2025-02-22,Travel,-165.27
18798,421,2024-01-08,ATM Withdrawal,-1651.47
18799,418,2025-03-15,dining ,-1606.83
18800,202,2024-03-29,Shopping,-210.13
18801,135,2025-05-25,GROCERIES,-1962.02
18802,196,2024-04-12,Healthcare,-1340.58
18803,285,2025-03-26,Travel,-1083.99
18804,181,2024-12-12,Salary Credit,46707.72
18805,354,2024-08-01,Shopping,-2037.97
18806,452,2025-04-30,GROCERIES,-2602.67
18807,189,2024-07-30,GROCERIES,-1151.74
18808,55,2024-02-04,dining ,-992.66
18809,57,2024-02-11,ATM Withdrawal,-1747.01
18810,409,2025-04-09,Salary Credit,34279.65
18811,195,2024-07-28,Dining,-1976.09
18812,154,2025-03-22,shopping,-19.29
18813,290,2024-01-11,Utilities,-36.92
18814,448,2024-02-11,Shopping,-2597.97
18815,199,2025-06-22,Utilities,-674.43
18816,148,2024-03-19,Entertainment,-2376.51
18817,404,2025-01-09,shopping,-2603.75
18818,39,2024-07-09,Travel,-1505.61
18819,396,2024-09-29,ATM Withdrawal,-1745.16
18820,244,2024-03-03,Transfer,3522.75
18821,10,2024-05-25,Travel,-1522.61
18822,107,2025-02-17,GROCERIES,-1496.39
18823,318,2024-10-18,GROCERIES,-1599.92
18824,353,2024-10-01,Utilities,-1495.9
18825,92,2025-05-29,ATM Withdrawal,-1218.91
18826,308,2024-08-11,ATM Withdrawal,-100.38
18827,463,2025-03-13,Utilities,-1516.82
18828,322,2025-01-30,groceries,-176.83
18829,329,2024-09-08,Salary Credit,42081.65
18830,91,2024-06-08,shopping,-2452.93
18831,299,2024-07-11,Transfer,306.93
18832,332,2025-04-19,ATM Withdrawal,-1088.13
18833,52,2024-06-15,Dining,-1981.41
18834,146,2024-12-22,ATM Withdrawal,-1774.85
18835,414,2024-03-08,shopping,-1475.06
18836,468,2024-07-07,,-590.45
18837,82,2025-05-24,Utilities,-2379.75
18838,343,2024-10-21,Transfer,-7078.8
18839,235,2025-03-24,Dining,-1337.73
18840,277,2024-05-21,dining ,-491.98
18841,240,2025-02-18,Dining,-849.79
18842,406,2025-06-20,Transfer,10433.39
18843,209,2025-05-19,ATM Withdrawal,-154.09
18844,276,2024-08-25,dining ,-383.91
18845,314,2025-01-06,Groceries,-625.84
18846,259,2025-05-03,Groceries,-1571.66
18847,412,2025-03-19,ATM Withdrawal,-2481.44
18848,112,2025-06-17,shopping,-1222.76
18849,444,2024-01-18,ATM Withdrawal,-265.69
18850,318,2024-10-19,ATM Withdrawal,-1286.03
18851,450,2025-03-07,Transfer,5961.58
18852,176,2025-02-01,Travel,-1644.4
18853,225,2024-03-24,Transfer,-615.97
18854,21,2024-11-07,Travel,-7.91
18855,433,2024-03-31,ATM Withdrawal,-1079.46
18856,382,2024-02-19,Shopping,-2220.14
18857,139,2024-03-01,Entertainment,-489.51
18858,25,2025-06-03,Travel,-1384.25
18859,327,2024-05-28,ATM Withdrawal,-1349.61
18860,315,2024-09-05,shopping,-261.56
18861,247,2024-05-19,Healthcare,-537.38
18862,74,2025-05-02,GROCERIES,-1177.32
18863,430,2025-04-29,Shopping,-870.94
18864,203,2024-12-23,dining ,-1938.53
18865,340,2025-03-27,Entertainment,-821.29
18866,403,2024-02-27,Transfer,3914.67
18867,257,2025-06-28,ATM Withdrawal,-1221.54
18868,45,2024-08-15,Shopping,-1919.92
18869,416,2024-08-06,ATM Withdrawal,-1103.52
18870,313,2024-04-16,shopping,-816.5
18871,419,2025-04-22,Utilities,-1137.73
18872,287,2024-04-02,Transfer,-7679.8
18873,425,2025-04-12,shopping,-1498.49
18874,407,2025-01-24,Dining,-730.17
18875,101,2025-02-24,ATM Withdrawal,-550.1
18876,81,2024-01-17,Groceries,-557.87
18877,75,2025-02-06,ATM Withdrawal,-1725.16
18878,375,2025-06-10,Shopping,-524.63
18879,113,2024-08-02,Salary Credit,47237.92
18880,211,2024-09-02,Dining,-1772.42
18881,369,2024-03-02,ATM Withdrawal,-1772.55
18882,201,2024-09-23,ATM Withdrawal,-1123.79
18883,29,2025-01-02,ATM Withdrawal,-254.31
18884,170,2024-06-12,shopping,-968.51
18885,45,2025-02-08,Salary Credit,56790.55
18886,181,2024-02-16,shopping,-663.72
18887,345,2025-01-02,dining ,-3162.75
18888,244,2024-11-16,Groceries,-1930.04
18889,316,2024-05-05,Travel,-1071.28
18890,50,2024-07-06,Transfer,6123.15
18891,352,2024-05-10,,-680.55
18892,199,2024-12-06,ATM Withdrawal,-827.54
18893,135,2024-12-13,Salary Credit,60957.07
18894,306,2024-10-29,Utilities,-2542.54
18895,64,2024-04-15,Groceries,-860.0
18896,234,2024-04-28,Travel,-499.04
18897,198,2025-03-17,Travel,-233.85
18898,78,2024-09-08,groceries,-3140.92
18899,446,2024-08-25,Transfer,8072.88
18900,170,2024-06-16,Healthcare,-2321.79
18901,20,2025-05-21,GROCERIES,-710.95
18902,208,2024-05-10,dining ,-651.7
18903,453,2025-02-23,Salary Credit,37628.01
18904,314,2025-02-23,Healthcare,-1643.99
18905,298,2024-05-12,Healthcare,-412.9
18906,422,2024-01-07,Healthcare,-1487.63
18907,40,2024-05-16,Travel,-1423.56
18908,258,2024-05-26,Healthcare,-645.46
18909,151,2025-02-10,Utilities,-1789.19
18910,317,2024-10-16,groceries,-593.26
18911,400,2024-08-22,ATM Withdrawal,-1890.94
18912,37,2024-09-16,shopping,-1879.35
18913,75,2025-06-03,Transfer,5221.56
18914,447,2025-05-27,Salary Credit,38470.64
18915,231,2024-01-14,Transfer,1423.06
18916,148,2025-04-04,Utilities,-751.77
18917,72,2024-07-15,Utilities,-1881.45
18918,166,2025-02-13,Transfer,4594.81
18919,3,2025-06-20,Shopping,-1396.2
18920,105,2024-10-07,Dining,-237.79
18921,86,2024-12-06,Travel,-1089.09
18922,40,2024-08-21,Transfer,-5956.95
18923,454,2024-02-10,Entertainment,-953.99
18924,370,2024-01-20,Transfer,-3666.17
18925,441,2024-07-15,ATM Withdrawal,-949.99
18926,113,2025-03-23,Transfer,-2333.66
18927,135,2024-07-05,dining ,-1077.95
18928,133,2024-08-22,Shopping,-1205.46
18929,262,2024-10-16,Shopping,-368.54
18930,86,2024-06-23,Healthcare,-1586.05
18931,111,2024-09-24,Groceries,-1018.92
18932,457,2024-11-26,Healthcare,-2173.8
18933,165,2025-04-08,ATM Withdrawal,-75.73
18934,366,2025-02-15,groceries,-2136.39
18935,108,2025-03-21,Shopping,-1758.44
18936,436,2024-10-12,groceries,-2111.34
18937,325,2025-01-15,Salary Credit,35990.56
18938,404,2024-03-22,Shopping,-1016.76
18939,242,2024-03-21,Transfer,6283.87
18940,425,2025-05-17,Shopping,-1956.13
18941,170,2024-11-25,Transfer,6954.04
18942,225,2024-03-02,Utilities,-1628.19
18943,29,2024-08-10,Entertainment,-1642.23
18944,80,2025-06-12,Entertainment,-1815.38
18945,361,2024-01-12,ATM Withdrawal,-1217.86
18946,153,2024-08-29,dining ,-2231.29
18947,48,2025-04-01,Healthcare,-1130.73
18948,137,2025-05-30,Transfer,8736.14
18949,166,2024-07-19,Entertainment,-1621.22
18950,336,2025-05-13,Groceries,-1065.93
18951,43,2025-01-25,Transfer,5342.19
18952,13,2024-08-09,dining ,-2556.33
18953,339,2025-02-28,Shopping,-1290.06
18954,67,2025-03-12,ATM Withdrawal,-2567.15
18955,197,2024-05-29,Travel,-1624.5
18956,320,2024-02-18,dining ,-873.45
18957,241,2025-03-01,,-21.23
18958,58,2024-02-15,Utilities,-1282.23
18959,338,2025-02-28,Salary Credit,55513.09
18960,23,2024-07-12,GROCERIES,-688.35
18961,109,2025-01-18,Travel,-1529.92
18962,52,2024-11-28,Shopping,-2581.55
18963,240,2024-01-21,Healthcare,-395.58
18964,324,2024-01-06,Shopping,-1557.8
18965,305,2024-12-09,Travel,-1698.64
18966,66,2024-10-07,Healthcare,-1520.48
18967,161,2024-01-24,Entertainment,-333.55
18968,69,2025-06-15,ATM Withdrawal,-516.67
18969,161,2024-05-10,shopping,-677.25
18970,108,2025-04-12,Utilities,-14.1
18971,347,2024-03-04,Salary Credit,51749.62
18972,352,2024-05-06,Transfer,-7457.74
18973,384,2024-10-15,Healthcare,-1888.09
18974,94,2024-10-14,Dining,-188.74
18975,7,2024-11-25,Utilities,-1352.35
18976,17,2024-04-03,Entertainment,-227.64
18977,395,2024-05-24,Entertainment,-1447.24
18978,424,2024-05-23,ATM Withdrawal,-1581.36
18979,100,2024-08-28,GROCERIES,-995.32
18980,411,2025-05-18,ATM Withdrawal,-313.89
18981,248,2024-09-09,Shopping,-138.93
18982,87,2025-06-27,Travel,-3488.36
18983,147,2024-05-17,dining ,-1759.25
18984,125,2024-05-12,Utilities,-949.04
18985,358,2024-02-25,shopping,-2063.92
18986,89,2024-04-25,dining ,-2524.48
18987,86,2024-06-18,Shopping,-2289.48
18988,337,2024-07-28,groceries,-1025.86
18989,142,2025-01-23,Travel,-899.51
18990,118,2024-08-30,Healthcare,-1916.29
18991,379,2025-01-08,ATM Withdrawal,-988.12
18992,436,2024-02-18,groceries,-2278.79
18993,260,2025-05-31,ATM Withdrawal,-1300.88
18994,388,2024-03-21,Dining,-1914.14
18995,394,2024-01-19,shopping,-2135.61
18996,276,2024-08-19,Utilities,-30.96
18997,389,2024-12-20,Healthcare,-1331.13
18998,5,2024-05-08,Groceries,-2233.46
18999,17,2024-03-29,Entertainment,-473.96
19000,414,2025-04-05,ATM Withdrawal,-706.87
19001,66,2025-03-25,Utilities,-2281.27
19002,341,2025-02-13,Entertainment,-2575.11
19003,197,2024-04-30,Travel,-1969.41
19004,369,2024-10-19,ATM Withdrawal,-2278.81
19005,312,2025-01-10,Transfer,-1974.56
19006,34,2024-08-23,Utilities,-1143.19
19007,158,2024-04-07,Groceries,-47.2
19008,332,2025-03-28,Entertainment,-707.2
19009,432,2025-05-26,Dining,-1294.47
19010,377,2024-03-31,Healthcare,-1677.69
19011,418,2025-01-18,Utilities,-2486.47
19012,448,2025-04-28,Travel,-10.74
19013,419,2024-10-21,Travel,-2240.61
19014,272,2024-01-27,Shopping,-950.02
19015,158,2025-01-11,Healthcare,-969.18
19016,238,2025-05-18,Dining,-2730.39
19017,373,2024-05-22,Salary Credit,51739.55
19018,200,2024-03-16,Utilities,-314.09
19019,389,2024-05-17,groceries,-1129.5
19020,329,2025-03-18,Utilities,-527.06
19021,98,2024-10-30,shopping,-808.83
19022,431,2024-01-10,Salary Credit,43948.58
19023,397,2024-11-16,Dining,-1616.91
19024,281,2025-03-20,Healthcare,-70.21
19025,91,2024-04-10,Utilities,-1000.42
19026,107,2024-11-14,Transfer,6152.47
19027,393,2024-05-04,Groceries,-1152.33
19028,9,2024-01-11,ATM Withdrawal,-2043.98
19029,227,2024-08-06,Utilities,-1432.73
19030,290,2025-02-25,shopping,-1742.95
19031,109,2024-12-30,Transfer,5698.7
19032,405,2024-02-25,ATM Withdrawal,-165.4
19033,245,2024-04-11,Utilities,-862.79
19034,31,2024-10-21,ATM Withdrawal,-598.13
19035,150,2024-06-23,Travel,-1883.0
19036,187,2024-06-29,Groceries,-1966.34
19037,105,2024-08-25,ATM Withdrawal,-1126.31
19038,440,2025-02-17,Healthcare,-1330.73
19039,169,2024-11-09,GROCERIES,-221.54
19040,235,2025-04-10,ATM Withdrawal,-849.21
19041,251,2024-02-25,Transfer,7427.41
19042,104,2024-09-10,shopping,-3206.04
19043,266,2024-10-26,shopping,-720.12
19044,166,2025-02-17,dining ,-1405.95
19045,5,2024-10-07,dining ,-1575.51
19046,192,2025-05-14,Travel,-177.09
19047,274,2025-04-01,Salary Credit,43948.25
19048,55,2025-01-10,Utilities,-1620.96
19049,365,2024-08-04,Shopping,-1352.1
19050,310,2024-06-24,Shopping,-1253.62
19051,146,2024-10-17,Dining,-933.26
19052,278,2024-09-09,ATM Withdrawal,-465.5
19053,143,2024-01-16,Salary Credit,50407.83
19054,304,2024-05-05,Shopping,-2784.33
19055,73,2025-03-31,shopping,-604.86
19056,286,2024-09-06,Utilities,-737.92
19057,26,2025-06-01,shopping,-106.93
19058,8,2024-05-14,Transfer,3676.39
19059,120,2025-06-11,ATM Withdrawal,-963.95
19060,82,2025-03-15,ATM Withdrawal,-1314.44
19061,230,2024-07-14,dining ,-1265.24
19062,78,2024-11-28,Transfer,8816.47
19063,115,2025-06-22,Utilities,-366.75
19064,46,2024-12-11,Dining,-2016.54
19065,416,2025-05-22,GROCERIES,-2986.6
19066,345,2024-03-01,Transfer,588.3
19067,102,2024-03-30,Salary Credit,29401.91
19068,57,2024-01-01,Transfer,-6940.48
19069,398,2024-06-26,shopping,-1232.59
19070,313,2025-03-06,Entertainment,-713.22
19071,415,2025-06-09,Shopping,-318.13
19072,84,2024-10-22,Salary Credit,40935.68
19073,168,2024-08-18,groceries,-1574.17
19074,56,2025-05-22,ATM Withdrawal,-880.93
19075,199,2024-11-16,shopping,-1392.04
19076,77,2024-10-19,Dining,-1366.74
19077,2,2024-02-16,GROCERIES,-2038.03
19078,238,2024-04-26,Utilities,-155.25
19079,459,2025-01-15,groceries,-1279.34
19080,303,2025-01-15,Salary Credit,56509.74
19081,355,2024-09-27,shopping,-489.0
19082,380,2025-01-17,Entertainment,-635.79
19083,455,2025-01-11,shopping,-1277.64
19084,61,2024-02-05,ATM Withdrawal,-248.5
19085,118,2025-03-31,ATM Withdrawal,-152.12
19086,289,2025-01-13,ATM Withdrawal,-887.57
19087,385,2024-04-29,Utilities,-980.35
19088,363,2024-04-25,Travel,-1876.32
19089,341,2025-06-06,Groceries,-392.96
19090,147,2024-05-18,ATM Withdrawal,-1227.43
19091,171,2024-01-18,Utilities,-2310.88
19092,38,2024-01-18,Shopping,-2257.34
19093,147,2024-05-04,Entertainment,-1100.83
19094,73,2024-12-07,ATM Withdrawal,-1370.02
19095,440,2024-09-05,dining ,-385.29
19096,43,2025-02-02,shopping,-1459.97
19097,171,2024-05-06,Salary Credit,57242.74
19098,416,2024-05-05,Entertainment,-2369.4
19099,448,2024-08-08,Transfer,-4933.26
19100,177,2025-03-07,Utilities,-1511.31
19101,218,2024-10-01,Entertainment,-538.05
19102,245,2025-02-19,GROCERIES,-363.24
19103,385,2024-02-21,Utilities,-872.16
19104,360,2024-08-11,Groceries,-1443.68
19105,246,2024-08-26,Utilities,-1849.73
19106,174,2024-02-07,Travel,-1128.66
19107,175,2024-06-20,dining ,-1596.14
19108,304,2024-06-01,Groceries,-1096.62
19109,391,2024-09-05,groceries,-1353.4
19110,36,2024-03-31,Entertainment,-641.8
19111,360,2024-05-26,ATM Withdrawal,-74.25
19112,226,2025-06-06,ATM Withdrawal,-1608.59
19113,68,2024-03-18,Transfer,4958.85
19114,46,2025-03-21,ATM Withdrawal,-1991.81
19115,158,2024-10-22,GROCERIES,-824.06
19116,117,2024-02-12,Entertainment,-3047.58
19117,49,2024-08-06,Travel,-218.58
19118,138,2024-10-06,Shopping,-1109.22
19119,391,2024-05-31,Entertainment,-1876.29
19120,336,2024-05-25,Dining,-1172.22
19121,98,2025-01-23,Utilities,-2438.77
19122,316,2024-01-18,Entertainment,-665.77
19123,212,2025-05-20,Shopping,-1099.93
19124,350,2024-06-24,Travel,-975.6
19125,116,2024-07-27,Healthcare,-1100.72
19126,29,2024-03-10,Entertainment,-224.64
19127,147,2025-04-25,Entertainment,-937.79
19128,466,2024-05-01,Dining,-896.24
19129,261,2025-03-14,Transfer,-5729.51
19130,26,2024-06-26,ATM Withdrawal,-2188.44
19131,457,2024-01-18,ATM Withdrawal,-1300.34
19132,387,2024-08-10,Groceries,-1575.99
19133,255,2024-10-12,Shopping,-2331.77
19134,347,2024-09-12,dining ,-2270.29
19135,87,2025-06-21,Entertainment,-945.97
19136,277,2024-10-10,Shopping,-1917.66
19137,428,2025-02-28,Salary Credit,51328.96
19138,206,2024-07-20,Dining,-964.01
19139,19,2024-03-19,Travel,-787.33
19140,355,2024-09-28,shopping,-183.79
19141,342,2024-11-01,Transfer,7549.37
19142,347,2024-08-15,Salary Credit,51120.91
19143,304,2025-02-21,groceries,-1110.03
19144,65,2025-06-09,shopping,-1838.87
19145,54,2024-02-14,Utilities,-2121.22
19146,371,2024-02-06,Shopping,-416.21
19147,401,2024-05-29,Shopping,-1424.38
19148,37,2024-11-15,GROCERIES,-981.55
19149,272,2024-01-24,dining ,-1589.03
19150,235,2024-04-15,ATM Withdrawal,-1367.71
19151,164,2024-08-10,Shopping,-1892.9
19152,302,2024-07-23,Groceries,-224.56
19153,428,2025-04-06,Shopping,-2382.57
19154,385,2024-10-24,shopping,-728.7
19155,72,2025-04-20,dining ,-1079.17
19156,217,2025-02-18,GROCERIES,-383.6
19157,438,2024-08-13,Utilities,-1106.8
19158,111,2025-06-16,Transfer,4945.47
19159,400,2025-04-04,groceries,-1128.19
19160,230,2024-09-26,Healthcare,-537.66
19161,245,2025-04-08,shopping,-102.34
19162,118,2024-05-20,Transfer,211.42
19163,431,2024-04-23,Healthcare,-1924.13
19164,248,2025-03-07,Dining,-2725.07
19165,270,2025-03-06,shopping,-3195.1
19166,217,2024-04-30,Utilities,-224.79
19167,42,2025-02-14,GROCERIES,-1731.75
19168,366,2024-10-03,Transfer,-3312.35
19169,154,2024-10-31,GROCERIES,-2302.07
19170,113,2025-04-06,Entertainment,-1553.74
19171,366,2024-03-28,Transfer,-2268.83
19172,94,2024-08-08,Salary Credit,42043.47
19173,320,2024-06-06,Shopping,-593.1
19174,222,2024-10-30,Transfer,4927.03
19175,375,2024-03-27,GROCERIES,-1224.47
19176,24,2024-03-06,ATM Withdrawal,-700.91
19177,363,2025-01-14,dining ,-620.3
19178,108,2024-01-31,GROCERIES,-1764.69
19179,408,2024-08-15,Utilities,-1830.45
19180,166,2025-06-21,Utilities,-468.51
19181,4,2025-06-28,Dining,-1150.92
19182,229,2024-04-07,ATM Withdrawal,-422.2
19183,26,2025-05-20,shopping,-3547.1
19184,127,2024-07-01,Entertainment,-353.44
19185,336,2024-04-18,Transfer,6335.25
19186,263,2024-10-02,Transfer,-3003.98
19187,332,2024-09-23,Entertainment,-425.71
19188,412,2024-07-23,Transfer,-2404.87
19189,220,2024-08-20,GROCERIES,-1369.57
19190,255,2024-02-23,Dining,-435.26
19191,28,2024-05-23,Travel,-1331.96
19192,135,2024-04-17,Utilities,-657.95
19193,339,2025-05-23,Entertainment,-473.75
19194,30,2024-09-25,Shopping,-821.97
19195,169,2024-10-24,Entertainment,-2100.6
19196,64,2024-08-27,Travel,-462.98
19197,402,2025-04-27,Entertainment,-2113.81
19198,263,2025-03-11,GROCERIES,-1793.74
19199,302,2025-01-10,Travel,-406.99
19200,320,2024-06-18,Entertainment,-1684.26
19201,105,2024-06-17,Travel,-362.95
19202,24,2025-05-27,ATM Withdrawal,-1714.09
19203,187,2025-05-21,Utilities,-1767.51
19204,87,2024-06-03,Transfer,7379.47
19205,151,2024-07-02,Salary Credit,40428.25
19206,150,2024-06-29,Transfer,-9619.88
19207,366,2025-03-03,shopping,-937.85
19208,150,2025-06-01,Salary Credit,43685.92
19209,71,2025-04-28,shopping,-1839.36
19210,449,2025-04-03,shopping,-1361.98
19211,23,2024-07-08,ATM Withdrawal,-316.62
19212,96,2024-06-21,GROCERIES,-2106.45
19213,163,2025-04-29,Transfer,5461.29
19214,30,2024-08-03,Utilities,-1006.06
19215,421,2024-04-27,groceries,-352.56
19216,166,2025-04-04,Salary Credit,45212.77
19217,367,2024-09-18,Salary Credit,40752.86
19218,63,2024-02-16,ATM Withdrawal,-372.17
19219,245,2025-05-03,Healthcare,-2372.36
19220,60,2024-06-09,shopping,-574.61
19221,109,2024-06-17,Healthcare,-955.35
19222,191,2024-10-16,shopping,-404.82
19223,404,2024-05-27,Utilities,-718.39
19224,144,2025-03-27,ATM Withdrawal,-2105.35
19225,354,2025-01-11,Dining,-2037.85
19226,43,2024-11-03,Healthcare,-1222.74
19227,118,2024-04-19,Travel,-637.66
19228,283,2024-09-23,Groceries,-1223.24
19229,220,2024-05-28,ATM Withdrawal,-1655.11
19230,235,2025-06-08,Groceries,-147.27
19231,318,2025-03-08,GROCERIES,-1425.54
19232,37,2024-03-04,Groceries,-1889.85
19233,326,2024-10-14,Entertainment,-1145.75
19234,404,2025-03-01,GROCERIES,-1182.47
19235,359,2024-10-12,Shopping,-546.25
19236,134,2024-03-10,shopping,-1467.46
19237,165,2024-03-17,Entertainment,-2647.43
19238,450,2025-02-03,Entertainment,-2465.68
19239,370,2024-10-12,Entertainment,-681.95
19240,436,2024-10-22,Travel,-862.91
19241,428,2024-05-27,shopping,-2428.99
19242,204,2024-05-24,Transfer,6724.58
19243,61,2024-08-09,groceries,-427.42
19244,107,2024-10-23,Groceries,-2023.34
19245,138,2024-09-12,Entertainment,-947.58
19246,391,2025-04-24,Groceries,-1410.13
19247,130,2024-04-13,Travel,-565.1
19248,170,2024-09-14,Dining,-2684.64
19249,399,2024-05-08,Groceries,-322.55
19250,77,2024-01-04,Healthcare,-2957.27
19251,311,2024-08-14,Dining,-1225.8
19252,259,2024-01-31,Travel,-1049.37
19253,461,2024-07-21,dining ,-405.24
19254,230,2024-12-10,shopping,-729.54
19255,244,2024-07-23,Transfer,4390.07
19256,398,2025-01-04,ATM Withdrawal,-1321.3
19257,465,2024-06-09,Shopping,-1685.52
19258,342,2024-08-06,Shopping,-1012.26
19259,327,2025-04-21,GROCERIES,-1684.8
19260,411,2024-05-12,Travel,-2264.49
19261,459,2024-09-29,Entertainment,-2152.85
19262,344,2025-01-25,Transfer,6500.93
19263,137,2024-07-16,Groceries,-245.76
19264,301,2024-06-14,Transfer,5626.8
19265,111,2025-01-15,Transfer,8050.96
19266,235,2024-02-10,Transfer,5865.75
19267,209,2024-05-24,Transfer,8525.87
19268,463,2024-08-11,Healthcare,-1597.04
19269,260,2024-04-28,GROCERIES,-591.3
19270,449,2024-10-20,Travel,-818.29
19271,379,2024-12-03,Healthcare,-1688.54
19272,398,2025-06-10,shopping,-1048.73
19273,80,2024-11-23,ATM Withdrawal,-1920.31
19274,363,2024-11-18,Utilities,-1828.45
19275,118,2025-01-30,dining ,-1738.56
19276,271,2024-04-23,Healthcare,-1422.39
19277,228,2024-09-13,Utilities,-292.83
19278,122,2025-03-29,Shopping,-2337.42
19279,461,2024-04-05,dining ,-68.71
19280,410,2024-06-07,Healthcare,-617.46
19281,269,2024-04-29,dining ,-902.57
19282,6,2025-06-06,Entertainment,-1216.52
19283,86,2024-07-12,Utilities,-912.79
19284,107,2024-06-26,Healthcare,-699.8
19285,455,2025-03-20,Utilities,-1922.31
19286,189,2025-05-10,Entertainment,-1.56
19287,22,2024-01-03,Shopping,-827.05
19288,275,2025-04-24,GROCERIES,-686.97
19289,445,2025-01-20,Utilities,-272.17
19290,263,2025-04-15,Transfer,-310.68
19291,208,2024-02-17,ATM Withdrawal,-1860.61
19292,83,2024-01-22,Utilities,-1368.11
19293,412,2024-07-02,Dining,-472.02
19294,50,2025-04-08,Transfer,422.52
19295,437,2024-09-28,Salary Credit,36207.9
19296,105,2025-01-28,ATM Withdrawal,-875.51
19297,65,2024-05-13,Shopping,-1882.05
19298,164,2024-07-01,Utilities,-94.82
19299,3,2025-04-23,Travel,-15.69
19300,7,2024-09-24,GROCERIES,-308.35
19301,88,2025-02-28,Healthcare,-1202.51
19302,325,2024-12-14,Utilities,-752.25
19303,382,2024-04-05,shopping,-388.66
19304,116,2025-05-29,Utilities,-1624.25
19305,302,2025-05-30,Utilities,-2571.62
19306,165,2025-03-01,ATM Withdrawal,-1257.33
19307,203,2024-09-12,ATM Withdrawal,-917.39
19308,157,2024-08-21,Transfer,-11534.09
19309,418,2024-06-11,Groceries,-730.57
19310,240,2024-12-17,Entertainment,-733.55
19311,237,2024-06-17,Healthcare,-717.22
19312,403,2024-04-11,Healthcare,-2550.59
19313,308,2024-02-03,GROCERIES,-1685.07
19314,70,2024-08-19,shopping,-1675.54
19315,89,2025-03-20,Healthcare,-1493.91
19316,160,2025-03-07,Transfer,4030.46
19317,46,2025-04-07,Groceries,-331.88
19318,324,2024-11-26,Entertainment,-843.48
19319,232,2025-04-17,Transfer,-5847.78
19320,21,2025-03-02,Transfer,-2480.02
19321,188,2025-03-15,Travel,-1928.32
19322,389,2024-10-04,Salary Credit,47100.17
19323,425,2024-02-16,ATM Withdrawal,-1370.84
19324,451,2024-07-26,Travel,-418.93
19325,432,2025-04-06,Transfer,1320.51
19326,285,2025-02-08,Utilities,-186.33
19327,434,2024-01-07,Dining,-2179.07
19328,448,2024-02-21,Entertainment,-354.43
19329,298,2024-12-24,Utilities,-1370.9
19330,194,2025-06-17,Groceries,-1371.39
19331,453,2025-02-02,Transfer,-4892.29
19332,195,2025-05-31,Transfer,-5513.7
19333,78,2024-02-06,Transfer,2631.69
19334,50,2025-04-24,Utilities,-1079.32
19335,266,2024-03-10,Salary Credit,44173.64
19336,17,2025-04-26,Groceries,-79.73
19337,56,2025-06-14,Groceries,-1202.97
19338,115,2024-10-05,dining ,-1237.05
19339,248,2024-10-17,Shopping,-2024.22
19340,224,2024-09-28,Salary Credit,44158.29
19341,240,2024-10-28,groceries,-761.73
19342,238,2025-03-22,Entertainment,-1815.35
19343,466,2024-06-02,Healthcare,-2127.05
19344,102,2024-06-03,groceries,-121.83
19345,222,2025-06-11,Transfer,3172.53
19346,287,2025-04-08,Salary Credit,27396.22
19347,129,2024-10-21,Shopping,-256.36
19348,85,2024-04-19,shopping,-2457.21
19349,22,2025-06-04,ATM Withdrawal,-153.56
19350,153,2025-04-24,Dining,-1538.23
19351,119,2024-06-27,Salary Credit,47557.82
19352,92,2024-10-21,Dining,-592.92
19353,127,2024-08-16,Groceries,-709.31
19354,327,2025-04-04,shopping,-2371.21
19355,388,2025-01-09,dining ,-1967.14
19356,242,2024-09-25,ATM Withdrawal,-3131.54
19357,32,2025-06-11,ATM Withdrawal,-1181.44
19358,345,2024-11-27,dining ,-1598.59
19359,72,2024-09-20,Entertainment,-1028.34
19360,27,2025-05-20,Utilities,-1080.35
19361,267,2024-09-02,ATM Withdrawal,-914.88
19362,200,2024-08-15,dining ,-81.89
19363,146,2024-07-30,dining ,-568.53
19364,453,2024-04-30,Entertainment,-843.09
19365,43,2024-06-01,Entertainment,-1505.83
19366,26,2024-02-19,Utilities,-80.35
19367,275,2025-01-31,Utilities,-448.2
19368,196,2024-11-17,ATM Withdrawal,-1579.5
19369,376,2025-05-23,dining ,-1758.99
19370,19,2024-11-29,Entertainment,-3478.45
19371,197,2024-02-13,GROCERIES,-1262.3
19372,69,2024-12-04,Groceries,-1680.85
19373,20,2024-04-05,GROCERIES,-908.93
19374,217,2024-01-21,Utilities,-2373.01
19375,344,2024-12-27,Entertainment,-271.33
19376,74,2024-01-15,Salary Credit,43669.38
19377,395,2024-08-10,GROCERIES,-1336.53
19378,243,2025-05-03,GROCERIES,-1550.18
19379,225,2024-05-19,Utilities,-1953.02
19380,432,2025-01-14,Salary Credit,42576.05
19381,155,2024-07-24,Shopping,-1913.81
19382,94,2024-03-02,Groceries,-162.71
19383,368,2024-04-17,Transfer,961.89
19384,51,2024-02-10,Salary Credit,42393.73
19385,409,2024-03-23,Healthcare,-3360.73
19386,387,2024-03-29,Shopping,-1349.73
19387,458,2025-04-26,Utilities,-680.83
19388,216,2025-03-15,groceries,-1573.37
19389,292,2024-07-11,Entertainment,-1067.45
19390,414,2025-01-29,groceries,-97.69
19391,62,2024-04-21,Utilities,-550.12
19392,144,2024-12-14,Shopping,-1098.84
19393,221,2024-04-20,Shopping,-934.93
19394,294,2024-12-15,Shopping,-881.58
19395,318,2024-07-13,ATM Withdrawal,-1869.51
19396,433,2025-04-13,GROCERIES,-2362.9
19397,230,2025-03-31,ATM Withdrawal,-1780.29
19398,81,2024-06-30,Entertainment,-825.96
19399,89,2024-01-23,Groceries,-1248.8
19400,375,2024-06-24,groceries,-2129.69
19401,216,2024-06-02,Healthcare,-1930.29
19402,296,2024-08-19,Utilities,-1658.38
19403,264,2024-11-09,shopping,-703.88
19404,381,2025-06-23,Utilities,-2133.31
19405,103,2024-02-04,shopping,-2410.79
19406,80,2024-10-29,ATM Withdrawal,-1938.0
19407,344,2024-04-03,Transfer,-13829.66
19408,204,2024-10-25,Utilities,-1874.03
19409,382,2024-12-13,Dining,-2232.62
19410,61,2025-03-17,Shopping,-1776.63
19411,128,2024-11-01,Travel,-1083.37
19412,450,2024-04-07,Salary Credit,35591.49
19413,395,2025-05-12,Salary Credit,38845.82
19414,30,2024-08-08,Entertainment,-516.98
19415,383,2024-09-18,GROCERIES,-111.99
19416,31,2024-12-15,groceries,-942.02
19417,57,2024-05-24,Transfer,-8574.1
19418,421,2025-06-22,shopping,-115.31
19419,59,2024-01-25,GROCERIES,-2002.72
19420,141,2024-03-25,Healthcare,-1441.34
19421,64,2025-06-23,ATM Withdrawal,-1538.87
19422,280,2024-09-03,Shopping,-1113.43
19423,27,2025-05-01,Transfer,-11275.71
19424,135,2025-05-08,shopping,-492.38
19425,153,2025-06-23,Travel,-697.49
19426,304,2025-01-30,Utilities,-1305.96
19427,233,2025-01-07,Shopping,-1556.03
19428,91,2024-11-30,shopping,-1402.42
19429,218,2025-01-07,ATM Withdrawal,-1155.06
19430,215,2024-05-20,shopping,-1673.78
19431,166,2025-03-20,Groceries,-1741.45
19432,250,2024-04-12,ATM Withdrawal,-1165.25
19433,153,2024-09-18,Groceries,-2853.07
19434,157,2024-07-22,Transfer,-4173.37
19435,367,2025-02-18,ATM Withdrawal,-2319.11
19436,118,2024-05-19,shopping,-626.35
19437,154,2024-04-22,Shopping,-187.31
19438,66,2025-03-16,dining ,-1016.46
19439,327,2024-09-22,ATM Withdrawal,-139.86
19440,331,2025-01-27,Groceries,-1922.98
19441,318,2025-04-23,Salary Credit,51154.07
19442,79,2025-03-31,Dining,-2668.0
19443,212,2024-08-05,Shopping,-680.14
19444,137,2024-04-03,Dining,-1710.75
19445,358,2025-06-07,groceries,-2351.76
19446,158,2024-06-17,Shopping,-1346.28
19447,195,2025-02-23,ATM Withdrawal,-2087.3
19448,213,2025-02-22,Dining,-1109.95
19449,357,2024-08-29,Shopping,-2383.24
19450,329,2024-03-30,Transfer,-2716.93
19451,384,2024-09-14,Shopping,-196.37
19452,201,2024-03-20,Shopping,-859.0
19453,384,2024-07-10,dining ,-1120.92
19454,408,2024-07-27,Groceries,-1593.8
19455,246,2024-10-09,groceries,-1605.92
19456,319,2024-04-11,Healthcare,-561.53
19457,426,2025-04-05,GROCERIES,-301.32
19458,393,2024-02-13,Dining,-2663.79
19459,130,2025-06-21,Dining,-1076.06
19460,336,2024-06-19,Transfer,-5956.74
19461,209,2024-09-23,Travel,-327.18
19462,70,2025-04-22,Transfer,2855.35
19463,174,2024-12-22,Travel,-1912.69
19464,458,2024-01-31,Transfer,1012.33
19465,449,2024-11-25,Entertainment,-879.94
19466,369,2024-11-04,Travel,-1433.14
19467,464,2025-05-23,Healthcare,-2437.23
19468,269,2024-11-02,Healthcare,-1506.46
19469,355,2025-06-24,Groceries,-1664.5
19470,78,2024-10-16,shopping,-279.6
19471,140,2024-04-14,ATM Withdrawal,-1368.14
19472,81,2024-10-02,Transfer,-1642.19
19473,439,2025-05-14,ATM Withdrawal,-2023.87
19474,288,2024-01-10,ATM Withdrawal,-1302.21
19475,437,2024-08-05,,-1153.38
19476,195,2024-01-26,Transfer,-3528.09
19477,189,2025-04-03,Groceries,-763.49
19478,317,2024-10-05,ATM Withdrawal,-344.17
19479,266,2025-01-25,Dining,-2802.98
19480,175,2025-06-11,Transfer,4316.43
19481,149,2025-03-29,Transfer,-7081.22
19482,241,2024-08-10,Dining,-1210.5
19483,36,2025-05-24,Transfer,-1965.03
19484,88,2024-09-14,Transfer,3561.02
19485,21,2025-06-17,Groceries,-444.26
19486,73,2025-06-19,Travel,-1053.6
19487,93,2024-04-30,Dining,-735.49
19488,36,2025-02-28,GROCERIES,-752.75
19489,26,2025-01-15,Transfer,-5348.79
19490,384,2025-02-23,Utilities,-474.07
19491,86,2024-04-01,Salary Credit,50878.39
19492,260,2024-10-02,GROCERIES,-2058.73
19493,47,2024-03-23,groceries,-320.57
19494,444,2025-05-04,Salary Credit,48644.57
19495,112,2025-04-20,Travel,-429.6
19496,351,2024-11-12,Entertainment,-805.95
19497,301,2024-03-11,Groceries,-1516.55
19498,360,2024-12-23,Salary Credit,51931.31
19499,295,2024-08-27,ATM Withdrawal,-1497.96
19500,239,2025-03-05,Salary Credit,33886.42
19501,362,2024-02-24,ATM Withdrawal,-1257.72
19502,382,2024-08-09,Dining,-1640.5
19503,178,2024-07-16,Transfer,-2462.52
19504,441,2025-06-03,shopping,-1135.7
19505,463,2024-06-11,Transfer,6720.89
19506,338,2025-06-22,Groceries,-689.95
19507,435,2025-05-17,Groceries,-1416.39
19508,50,2024-11-15,Travel,-65.51
19509,253,2024-04-05,Travel,-1443.44
19510,305,2024-05-01,GROCERIES,-439.27
19511,435,2024-01-10,groceries,-1478.84
19512,57,2025-02-26,Groceries,-1993.26
19513,378,2025-01-30,GROCERIES,-1049.79
19514,37,2024-06-24,GROCERIES,-1701.65
19515,168,2025-02-02,Transfer,-868.62
19516,325,2024-11-10,Healthcare,-137.03
19517,137,2025-03-21,Travel,-874.16
19518,391,2024-02-17,dining ,-1066.28
19519,436,2024-04-18,Utilities,-495.71
19520,75,2025-03-16,Transfer,-1339.29
19521,121,2024-07-20,Entertainment,-1370.68
19522,35,2025-06-06,dining ,-2706.22
19523,333,2025-04-25,groceries,-2734.24
19524,415,2024-02-21,Utilities,-439.54
19525,282,2024-08-07,Travel,-96.4
19526,62,2025-02-02,GROCERIES,-2509.49
19527,82,2024-03-15,ATM Withdrawal,-707.75
19528,17,2025-04-14,Groceries,-2125.09
19529,230,2024-02-23,Groceries,-1773.09
19530,338,2024-02-29,ATM Withdrawal,-885.35
19531,71,2024-10-23,Transfer,3020.74
19532,397,2024-05-14,dining ,-1956.45
19533,119,2024-12-14,Transfer,4251.01
19534,241,2024-08-01,Utilities,-105.02
19535,313,2024-05-27,Utilities,-3038.6
19536,253,2025-04-01,groceries,-562.37
19537,224,2024-03-27,dining ,-813.65
19538,158,2024-09-25,GROCERIES,-1932.05
19539,202,2024-04-01,ATM Withdrawal,-2316.28
19540,112,2024-03-15,Entertainment,-13.13
19541,138,2024-04-21,Groceries,-2496.76
19542,354,2024-05-19,Dining,-1194.33
19543,414,2024-08-12,Utilities,-1120.89
19544,398,2024-09-11,Travel,-1049.31
19545,155,2024-03-16,,322.02
19546,151,2024-01-22,Groceries,-1565.91
19547,28,2024-02-21,Salary Credit,46633.72
19548,129,2024-12-09,shopping,-869.42
19549,275,2025-06-14,Transfer,-5617.04
19550,126,2024-01-14,Utilities,-1015.4
19551,344,2024-01-19,groceries,-1133.35
19552,24,2025-03-01,groceries,-1575.87
19553,193,2025-01-30,Salary Credit,43192.62
19554,132,2025-02-03,shopping,-500.42
19555,232,2024-04-04,Shopping,-1882.96
19556,13,2025-04-16,groceries,-232.45
19557,196,2024-12-05,GROCERIES,-2146.35
19558,369,2024-03-26,Shopping,-890.67
19559,402,2024-03-04,groceries,-1988.18
19560,120,2024-11-24,Entertainment,-2494.06
19561,201,2025-02-28,Transfer,7616.29
19562,323,2025-03-01,dining ,-1767.3
19563,218,2024-11-16,shopping,-1364.52
19564,255,2024-10-08,GROCERIES,-1742.44
19565,160,2025-01-14,Healthcare,-948.12
19566,392,2024-03-12,Shopping,-2677.7
19567,296,2024-07-17,Utilities,-1275.85
19568,450,2024-02-23,ATM Withdrawal,-542.69
19569,365,2025-04-02,groceries,-809.4
19570,172,2024-11-26,Utilities,-1998.76
19571,154,2025-02-27,dining ,-371.64
19572,42,2024-09-28,Utilities,-2902.8
19573,292,2025-05-21,Groceries,-2375.05
19574,351,2025-05-21,Healthcare,-91.95
19575,166,2024-12-01,shopping,-1896.0
19576,10,2025-03-30,Entertainment,-329.0
19577,387,2024-12-25,Groceries,-449.81
19578,105,2025-01-29,Transfer,-3593.18
19579,273,2024-05-14,ATM Withdrawal,-531.89
19580,25,2025-06-19,ATM Withdrawal,-1852.9
19581,30,2024-04-10,Transfer,6267.95
19582,421,2025-01-13,shopping,-1202.71
19583,315,2024-11-26,Salary Credit,40777.02
19584,3,2024-02-20,Entertainment,-731.42
19585,48,2025-02-26,groceries,-2195.07
19586,231,2024-02-12,GROCERIES,-886.05
19587,319,2024-10-04,Healthcare,-2456.1
19588,199,2025-03-20,Entertainment,-628.08
19589,409,2024-03-09,shopping,-1241.39
19590,306,2024-07-15,Transfer,5928.17
19591,288,2024-10-04,Entertainment,-2263.75
19592,136,2025-05-18,shopping,-2072.43
19593,320,2024-07-27,groceries,-1476.65
19594,409,2024-03-05,shopping,-1267.21
19595,23,2024-03-12,Utilities,-382.16
19596,344,2024-04-18,Groceries,-1026.8
19597,412,2025-04-17,Healthcare,-3236.45
19598,203,2025-02-25,ATM Withdrawal,-337.36
19599,359,2024-08-15,Transfer,-853.62
19600,168,2025-04-06,Shopping,-527.46
19601,91,2025-05-15,dining ,-135.17
19602,382,2025-04-17,shopping,-96.75
19603,146,2024-01-03,ATM Withdrawal,-1490.55
19604,355,2024-02-24,Shopping,-1857.4
19605,148,2025-01-30,GROCERIES,-1517.4
19606,187,2024-07-27,Transfer,-1934.96
19607,321,2024-03-27,Utilities,-315.65
19608,160,2024-12-18,Travel,-640.47
19609,379,2024-07-12,shopping,-102.93
19610,19,2025-05-15,Healthcare,-276.62
19611,6,2024-11-10,Utilities,-787.04
19612,39,2024-05-10,GROCERIES,-1436.03
19613,120,2025-05-24,Healthcare,-851.9
19614,26,2024-11-23,Healthcare,-2626.0
19615,179,2024-06-10,dining ,-3276.06
19616,12,2024-03-19,Transfer,742.24
19617,354,2024-10-29,Entertainment,-716.82
19618,72,2025-02-11,GROCERIES,-959.9
19619,455,2025-03-31,Transfer,-7057.93
19620,402,2024-03-10,dining ,-2.49
19621,325,2024-08-23,Transfer,-5786.12
19622,374,2025-06-28,Groceries,-707.85
19623,363,2024-12-26,ATM Withdrawal,-693.65
19624,396,2024-02-20,Transfer,2360.87
19625,260,2025-05-14,Groceries,-836.59
19626,292,2025-01-08,Transfer,2209.39
19627,220,2024-09-07,GROCERIES,-1214.73
19628,293,2025-02-27,Groceries,-1818.84
19629,179,2024-12-19,Entertainment,-1602.44
19630,59,2024-05-20,Entertainment,-3096.5
19631,436,2025-03-10,ATM Withdrawal,-806.25
19632,328,2024-05-18,Entertainment,-1116.38
19633,330,2024-05-04,Groceries,-2346.2
19634,132,2024-11-20,shopping,-1248.63
19635,361,2024-01-11,Entertainment,-2554.94
19636,244,2024-12-09,Entertainment,-1935.16
19637,36,2024-10-27,Utilities,-1329.46
19638,447,2025-01-27,Utilities,-1189.67
19639,465,2024-03-27,ATM Withdrawal,-988.75
19640,408,2024-11-12,groceries,-1168.76
19641,223,2024-08-28,Transfer,-2463.43
19642,110,2024-04-05,dining ,-1809.66
19643,6,2024-09-03,shopping,-2922.87
19644,345,2025-05-18,Dining,-430.65
19645,417,2025-03-25,ATM Withdrawal,-2260.96
19646,49,2024-03-31,Healthcare,-1417.81
19647,321,2025-04-06,shopping,-2139.98
19648,13,2024-11-04,Healthcare,-671.67
19649,364,2024-01-26,Travel,-1036.77
19650,14,2025-05-16,Utilities,-2338.98
19651,457,2024-10-13,Transfer,-5712.27
19652,80,2025-05-12,groceries,-1942.5
19653,188,2024-02-23,Utilities,-670.4
19654,326,2024-04-01,ATM Withdrawal,-1021.51
19655,397,2025-05-06,Dining,-1658.39
19656,171,2024-05-10,Entertainment,-1564.2
19657,459,2024-10-26,Shopping,-1944.2
19658,8,2024-11-24,Dining,-893.13
19659,221,2025-05-31,Travel,-1199.98
19660,463,2024-07-02,Utilities,-2072.24
19661,129,2025-02-14,ATM Withdrawal,-2498.36
19662,250,2025-02-02,GROCERIES,-444.9
19663,209,2025-01-16,Entertainment,-2269.22
19664,185,2024-10-11,GROCERIES,-508.18
19665,360,2024-02-08,Utilities,-1387.01
19666,243,2024-05-25,Salary Credit,47257.5
19667,335,2024-11-01,Utilities,-761.43
19668,244,2024-08-12,Shopping,-1040.2
19669,467,2024-04-10,Shopping,-392.27
19670,221,2025-01-11,Dining,-1852.29
19671,373,2024-09-08,Shopping,-950.17
19672,287,2025-03-03,Healthcare,-1162.32
19673,376,2024-10-25,groceries,-684.88
19674,415,2024-07-20,shopping,-1855.24
19675,107,2024-02-29,Utilities,-1366.76
19676,142,2024-02-27,Entertainment,-165.75
19677,142,2024-10-03,groceries,-1098.8
19678,228,2024-07-11,GROCERIES,-268.45
19679,231,2025-01-26,Travel,-1218.32
19680,2,2024-12-09,ATM Withdrawal,-1814.49
19681,420,2024-06-03,groceries,-1373.4
19682,403,2025-02-18,Transfer,6303.06
19683,282,2024-11-04,Utilities,-2151.4
19684,144,2025-04-24,Entertainment,-463.2
19685,387,2025-06-03,Entertainment,-805.23
19686,127,2025-06-08,Transfer,-3861.53
19687,144,2024-03-10,ATM Withdrawal,-648.03
19688,467,2024-10-15,Salary Credit,50232.09
19689,433,2024-01-16,Transfer,-6384.04
19690,274,2025-04-24,dining ,-2550.78
19691,80,2025-01-17,Transfer,-6189.81
19692,58,2024-05-22,shopping,-1866.29
19693,452,2024-11-26,Transfer,11873.92
19694,125,2024-11-01,shopping,-1592.01
19695,319,2024-10-23,Salary Credit,44615.6
19696,166,2024-10-20,Utilities,-1313.07
19697,233,2025-06-20,Travel,-1618.78
19698,462,2025-02-22,Utilities,-2436.04
19699,278,2024-08-07,ATM Withdrawal,-817.05
19700,202,2025-02-25,dining ,-560.17
19701,195,2024-03-17,Healthcare,-3559.72
19702,108,2024-06-04,Transfer,7566.91
19703,261,2024-03-04,Entertainment,-1574.62
19704,267,2025-04-27,Entertainment,-1489.78
19705,45,2024-01-13,Travel,-95.14
19706,190,2025-04-30,Entertainment,-3638.16
19707,302,2025-03-29,Travel,-1358.82
19708,26,2025-05-31,Groceries,-736.38
19709,457,2025-02-21,GROCERIES,-3.29
19710,403,2024-09-06,GROCERIES,-609.76
19711,299,2025-03-18,,-1833.73
19712,8,2025-06-22,Utilities,-446.14
19713,243,2025-05-01,Healthcare,-958.7
19714,421,2025-03-03,Dining,-657.84
19715,11,2025-02-21,Entertainment,-1684.03
19716,371,2024-12-21,Transfer,6168.61
19717,393,2025-05-01,Entertainment,-1876.86
19718,36,2024-08-23,Transfer,2852.04
19719,108,2024-09-29,Healthcare,-11.99
19720,339,2025-04-04,Groceries,-1066.38
19721,427,2024-05-23,Shopping,-1665.61
19722,361,2025-02-20,Utilities,-1297.44
19723,247,2024-03-01,Utilities,-482.37
19724,282,2024-11-15,Travel,-1251.74
19725,246,2024-01-19,shopping,-299.48
19726,271,2025-06-27,Healthcare,-1219.92
19727,361,2025-04-03,Dining,-2068.07
19728,24,2024-05-15,Entertainment,-1043.99
19729,99,2024-03-22,Dining,-2556.4
19730,28,2024-12-15,ATM Withdrawal,-258.57
19731,373,2025-05-06,Utilities,-2096.32
19732,341,2024-06-24,Healthcare,-1956.93
19733,25,2025-06-08,Salary Credit,42590.57
19734,50,2024-09-06,GROCERIES,-1609.01
19735,124,2024-08-28,Entertainment,-568.67
19736,114,2024-07-03,Utilities,-353.31
19737,244,2024-05-27,Entertainment,-2223.97
19738,234,2024-07-01,GROCERIES,-585.15
19739,168,2024-04-04,Dining,-2820.7
19740,77,2024-07-24,Utilities,-1994.72
19741,304,2024-06-06,ATM Withdrawal,-439.85
19742,370,2024-01-31,Transfer,-6765.67
19743,300,2024-07-16,Salary Credit,49223.02
19744,378,2024-01-22,Groceries,-2750.28
19745,428,2024-04-08,Travel,-759.95
19746,395,2025-01-30,shopping,-990.96
19747,305,2024-01-14,Utilities,-1589.96
19748,24,2024-06-18,Travel,-1216.35
19749,157,2025-01-07,shopping,-51.24
19750,201,2024-01-12,shopping,-2113.35
19751,334,2025-02-05,Salary Credit,57785.45
19752,397,2024-02-14,dining ,-1337.99
19753,300,2024-01-31,Entertainment,-54.61
19754,170,2024-04-16,Transfer,2272.08
19755,369,2025-04-13,Transfer,4222.61
19756,326,2024-01-27,Transfer,-6968.15
19757,374,2024-02-23,shopping,-2464.65
19758,276,2025-05-30,Healthcare,-1764.4
19759,303,2024-11-28,Utilities,-247.81
19760,163,2024-11-05,Travel,-1813.68
19761,188,2024-01-23,Transfer,-4142.78
19762,130,2024-08-02,Entertainment,-1044.35
19763,121,2024-11-10,Travel,-1187.37
19764,306,2024-10-17,Transfer,-8037.82
19765,180,2024-10-11,Salary Credit,48974.59
19766,63,2024-03-02,Travel,-133.03
19767,17,2025-06-22,Entertainment,-151.89
19768,403,2025-01-17,shopping,-1785.18
19769,204,2024-05-11,Transfer,6616.08
19770,270,2025-06-12,Transfer,4704.59
19771,424,2024-06-13,Groceries,-1452.0
19772,53,2024-03-12,Entertainment,-1629.69
19773,439,2025-05-01,dining ,-198.95
19774,330,2024-03-24,Transfer,-163.24
19775,300,2024-02-03,Transfer,-6107.68
19776,202,2024-12-08,ATM Withdrawal,-2412.06
19777,331,2024-05-23,Entertainment,-2859.37
19778,96,2024-03-23,Salary Credit,42596.8
19779,142,2024-02-25,Utilities,-882.76
19780,450,2024-03-09,Shopping,-20.92
19781,130,2025-06-07,ATM Withdrawal,-1666.27
19782,337,2024-12-31,Utilities,-652.43
19783,436,2025-04-04,Dining,-326.71
19784,278,2024-12-03,Shopping,-1477.79
19785,140,2024-10-23,Entertainment,-607.02
19786,398,2024-04-28,Salary Credit,44621.93
19787,387,2025-06-11,Entertainment,-1013.68
19788,255,2025-03-24,Shopping,-199.22
19789,54,2024-10-14,Healthcare,-659.27
19790,207,2024-02-27,Transfer,7100.25
19791,203,2025-02-18,Utilities,-1039.94
19792,89,2024-06-30,Travel,-1505.62
19793,189,2024-04-23,Healthcare,-1147.34
19794,72,2025-02-06,Healthcare,-1131.3
19795,325,2025-04-01,Travel,-1347.15
19796,203,2024-11-30,Transfer,-3984.39
19797,342,2024-02-10,Entertainment,-295.48
19798,214,2024-11-23,dining ,-3434.25
19799,335,2025-05-15,Shopping,-2106.27
19800,344,2025-01-09,Transfer,-9473.04
19801,75,2024-05-24,GROCERIES,-2342.14
19802,207,2024-12-18,Transfer,-4454.77
19803,351,2024-05-15,dining ,-1202.58
19804,278,2025-04-21,shopping,-872.25
19805,104,2025-04-05,Travel,-1990.11
19806,390,2024-11-05,ATM Withdrawal,-467.89
19807,94,2024-03-14,Dining,-239.83
19808,465,2024-08-06,shopping,-33.24
19809,331,2024-03-06,Dining,-908.38
19810,151,2025-02-21,GROCERIES,-775.31
19811,92,2025-01-05,Transfer,-3143.57
19812,423,2024-05-21,Dining,-1275.37
19813,245,2025-04-11,Dining,-150.73
19814,378,2025-02-17,GROCERIES,-1868.05
19815,390,2025-05-25,shopping,-212.67
19816,32,2024-06-01,dining ,-144.58
19817,321,2024-04-05,Shopping,-620.68
19818,157,2024-09-18,ATM Withdrawal,-1075.73
19819,425,2024-05-24,GROCERIES,-1974.48
19820,103,2025-02-06,Dining,-1132.82
19821,16,2024-08-19,Travel,-244.21
19822,311,2024-12-08,Entertainment,-1638.78
19823,259,2024-04-03,Groceries,-1621.48
19824,260,2024-02-16,ATM Withdrawal,-677.67
19825,124,2025-05-26,Healthcare,-1353.76
19826,232,2024-08-31,Groceries,-2491.13
19827,452,2024-03-16,Utilities,-422.23
19828,358,2025-03-18,,-8796.66
19829,461,2024-03-13,Healthcare,-1358.25
19830,156,2025-06-27,dining ,-93.92
19831,408,2024-07-29,Salary Credit,55455.31
19832,180,2024-09-11,ATM Withdrawal,-2024.39
19833,438,2024-05-21,Travel,-1693.55
19834,406,2024-02-16,ATM Withdrawal,-1152.85
19835,78,2024-08-10,shopping,-2241.64
19836,455,2024-07-18,Healthcare,-434.94
19837,285,2024-09-01,Shopping,-1971.41
19838,364,2024-09-24,shopping,-910.48
19839,271,2024-12-09,ATM Withdrawal,-308.8
19840,102,2024-02-10,dining ,-295.86
19841,461,2024-07-16,,-1563.53
19842,53,2025-04-16,GROCERIES,-1399.97
19843,379,2025-06-02,Salary Credit,48546.06
19844,98,2024-10-20,Shopping,-869.65
19845,368,2024-07-18,Transfer,5633.07
19846,198,2024-08-14,Transfer,12079.82
19847,111,2025-03-02,Travel,-847.08
19848,111,2024-08-04,ATM Withdrawal,-2122.26
19849,150,2025-05-29,Utilities,-1781.93
19850,422,2024-01-16,Travel,-1310.38
19851,361,2024-11-26,Groceries,-28.79
19852,314,2024-10-09,groceries,-2450.89
19853,295,2024-09-03,Transfer,5746.51
19854,196,2024-09-16,,-668.19
19855,422,2024-03-27,shopping,-404.04
19856,129,2024-07-07,Groceries,-1434.9
19857,442,2024-07-11,Groceries,-355.91
19858,179,2024-12-24,Groceries,-688.17
19859,160,2024-11-22,Entertainment,-667.76
19860,223,2024-08-12,Travel,-1241.55
19861,351,2024-10-08,Entertainment,-1740.44
19862,335,2024-11-07,Utilities,-914.08
19863,359,2024-01-26,Shopping,-1008.68
19864,42,2025-04-27,ATM Withdrawal,-1297.44
19865,76,2025-05-01,GROCERIES,-526.32
19866,398,2024-07-17,ATM Withdrawal,-671.49
19867,460,2025-02-18,Transfer,5864.05
19868,60,2024-08-04,Groceries,-2647.91
19869,424,2024-02-06,GROCERIES,-78.88
19870,123,2025-04-16,Shopping,-1415.23
19871,459,2024-05-25,Healthcare,-993.41
19872,466,2024-07-14,Healthcare,-1047.2
19873,299,2024-11-09,Groceries,-760.8
19874,90,2024-08-27,Transfer,8423.74
19875,369,2024-05-24,Transfer,1593.06
19876,48,2025-03-12,Entertainment,-2181.01
19877,157,2024-07-13,Groceries,-2248.35
19878,299,2024-11-18,Healthcare,-2783.96
19879,32,2024-12-28,Transfer,-5919.9
19880,184,2025-05-23,Salary Credit,48857.6
19881,374,2024-09-18,GROCERIES,-476.78
19882,43,2024-09-13,Dining,-1202.64
19883,172,2025-05-12,Utilities,-1703.61
19884,2,2024-09-18,Entertainment,-760.87
19885,309,2024-06-11,Transfer,8696.56
19886,38,2024-01-24,Healthcare,-2511.08
19887,132,2024-06-26,Travel,-1425.28
19888,245,2024-04-17,Entertainment,-1154.23
19889,101,2024-06-15,Entertainment,-1856.03
19890,109,2024-10-21,groceries,-867.51
19891,391,2024-10-13,dining ,-2139.65
19892,364,2024-04-11,Transfer,3425.31
19893,38,2024-09-09,ATM Withdrawal,-1875.0
19894,402,2024-09-04,dining ,-1182.28
19895,220,2024-01-24,Transfer,-6077.55
19896,68,2024-06-03,Utilities,-846.94
19897,425,2025-01-28,Salary Credit,52954.22
19898,158,2024-01-12,Healthcare,-305.11
19899,153,2024-06-13,dining ,-1402.21
19900,69,2024-09-15,GROCERIES,-541.12
19901,415,2024-03-31,ATM Withdrawal,-2281.02
19902,135,2024-12-18,ATM Withdrawal,-1843.21
19903,278,2025-01-25,Utilities,-1159.69
19904,112,2024-07-03,shopping,-1186.24
19905,420,2024-05-05,Shopping,-2715.96
19906,369,2025-02-27,Transfer,-7277.32
19907,236,2024-04-27,ATM Withdrawal,-519.79
19908,162,2024-03-20,Utilities,-2041.23
19909,307,2024-01-18,Utilities,-693.53
19910,232,2024-02-19,Utilities,-1337.7
19911,441,2025-04-20,groceries,-688.41
19912,316,2025-05-24,groceries,-1933.44
19913,13,2024-10-24,Transfer,4377.16
19914,385,2025-05-17,Transfer,-820.63
19915,91,2025-01-20,dining ,-1362.34
19916,141,2024-08-09,Entertainment,-1263.42
19917,205,2025-01-23,Shopping,-53.06
19918,98,2024-08-16,ATM Withdrawal,-1229.36
19919,442,2025-06-08,Entertainment,-961.34
19920,458,2025-04-08,Utilities,-2301.55
19921,73,2025-04-05,ATM Withdrawal,-562.36
19922,150,2024-10-16,Utilities,-1631.09
19923,174,2024-10-09,Entertainment,-123.39
19924,315,2024-03-04,Utilities,-1272.0
19925,280,2024-12-21,Salary Credit,47860.66
19926,318,2024-03-03,dining ,-1566.67
19927,15,2024-10-21,Utilities,-1093.09
19928,241,2024-03-12,Utilities,-2758.59
19929,99,2024-09-16,Transfer,6445.2
19930,107,2025-03-01,Utilities,-916.65
19931,363,2024-06-17,Utilities,-445.87
19932,67,2024-11-24,GROCERIES,-131.12
19933,15,2024-05-21,Utilities,-377.03
19934,228,2024-06-12,Utilities,-1743.88
19935,345,2024-04-09,Shopping,-2394.36
19936,240,2024-03-29,Travel,-1741.14
19937,76,2024-07-21,Healthcare,-898.48
19938,362,2024-03-08,Shopping,-634.54
19939,179,2025-04-30,GROCERIES,-1347.82
19940,333,2025-02-08,Transfer,1876.01
19941,95,2024-04-30,GROCERIES,-1995.39
19942,427,2025-04-27,Transfer,-2096.75
19943,133,2024-07-18,Travel,-2542.24
19944,455,2024-10-16,GROCERIES,-114.44
19945,177,2025-01-15,Healthcare,-1246.58
19946,341,2025-02-25,shopping,-1950.4
19947,235,2024-01-05,Entertainment,-1860.9
19948,36,2024-06-03,Travel,-637.5
19949,46,2024-07-02,shopping,-828.94
19950,190,2024-11-15,Utilities,-339.84
19951,91,2025-04-20,Utilities,-1396.91
19952,285,2024-08-26,Transfer,-7460.27
19953,65,2024-09-09,GROCERIES,-518.42
19954,277,2024-02-17,Shopping,-1700.28
19955,96,2024-10-13,Dining,-757.26
19956,85,2024-09-22,Shopping,-1116.31
19957,172,2024-12-12,Dining,-241.65
19958,273,2025-04-06,Utilities,-643.09
19959,187,2024-11-05,Shopping,-2993.09
19960,164,2024-01-29,ATM Withdrawal,-895.52
19961,160,2025-03-21,Healthcare,-1190.2
19962,159,2024-09-17,Dining,-376.63
19963,189,2024-09-22,shopping,-3524.56
19964,391,2025-04-20,Utilities,-1619.31
19965,271,2024-11-17,Salary Credit,44827.98
19966,198,2025-03-06,Utilities,-2028.33
19967,351,2025-04-24,groceries,-1519.48
19968,247,2024-09-25,Salary Credit,43623.15
19969,445,2025-06-19,GROCERIES,-1084.54
19970,264,2024-04-03,GROCERIES,-185.31
19971,102,2025-04-19,Entertainment,-871.0
19972,264,2025-04-07,Entertainment,-745.21
19973,363,2024-02-24,Shopping,-1488.95
19974,100,2024-03-24,Groceries,-1009.44
19975,95,2024-01-21,Utilities,-1817.22
19976,281,2024-05-30,Utilities,-1289.75
19977,414,2025-06-24,ATM Withdrawal,-442.89
19978,157,2024-03-08,Transfer,3840.15
19979,238,2024-01-19,Utilities,-1698.82
19980,307,2024-09-07,Travel,-20.03
19981,311,2024-07-11,Dining,-1893.13
19982,69,2024-12-08,ATM Withdrawal,-272.34
19983,185,2024-11-26,Utilities,-2943.38
19984,466,2025-03-26,ATM Withdrawal,-1816.25
19985,416,2024-08-14,ATM Withdrawal,-1004.23
19986,362,2024-09-08,Dining,-1714.25
19987,12,2024-01-13,Entertainment,-59.35
19988,196,2025-06-13,Transfer,4393.12
19989,24,2024-04-26,Shopping,-1870.46
19990,142,2024-11-20,groceries,-1715.74
19991,405,2025-04-24,dining ,-1193.03
19992,182,2024-11-25,Groceries,-1484.01
19993,79,2024-12-06,Shopping,-2172.6
19994,338,2024-04-05,Dining,-1850.72
19995,356,2025-01-21,Transfer,-4976.71
19996,307,2024-04-13,Travel,-1216.8
19997,379,2025-01-12,Shopping,-74.56
19998,329,2024-11-10,Entertainment,-249.78
19999,298,2024-09-23,shopping,-2547.53
20000,417,2025-01-27,Travel,-546.6
11457,214,2025-01-02,Shopping,-863.52
16529,189,2024-02-10,Salary Credit,35390.51
3254,228,2024-01-07,Groceries,-690.69
18615,202,2024-11-21,Groceries,-1976.37
1545,178,2025-03-04,shopping,-1849.57
12569,133,2025-06-23,ATM Withdrawal,-910.24
15498,188,2024-09-16,Utilities,-1910.21
13988,131,2024-02-23,Entertainment,-507.54
9599,403,2025-02-20,Travel,-395.34
6669,123,2024-02-29,Travel,-858.76
4245,7,2025-05-20,ATM Withdrawal,-755.16
17421,443,2024-02-18,Utilities,-2505.33
5782,12,2024-03-20,ATM Withdrawal,-382.15
4571,352,2024-10-11,Utilities,-358.53
15717,49,2024-03-18,Shopping,-2295.26
2402,436,2024-03-24,ATM Withdrawal,-568.68
6296,8,2024-09-03,Utilities,-1306.81
16205,408,2024-07-02,ATM Withdrawal,-2369.92
10058,161,2024-04-06,shopping,-2377.13
416,374,2024-07-24,Utilities,-1574.41
5643,359,2025-03-09,shopping,-1649.71
8267,375,2024-12-21,GROCERIES,-3433.51
8646,51,2024-04-23,ATM Withdrawal,-2054.81
7332,76,2024-11-04,Transfer,4870.3
8215,171,2024-05-25,dining ,-2288.17
10787,406,2025-03-05,Transfer,6342.93
3730,222,2024-04-20,Salary Credit,56945.55
6794,432,2024-10-01,dining ,-1885.9
4896,126,2024-02-04,Utilities,-1272.3
3170,127,2024-08-09,Transfer,-7243.89
12493,431,2024-02-11,Travel,-333.5
10812,248,2024-05-31,Travel,-619.87
14234,341,2024-06-10,ATM Withdrawal,-1719.53
13770,375,2024-03-29,groceries,-523.49
6596,5,2025-02-01,ATM Withdrawal,-2115.23
16325,127,2025-02-05,Entertainment,-2112.03
18337,443,2025-01-10,Healthcare,-1881.72
5066,96,2024-10-20,ATM Withdrawal,-1009.28
10986,275,2025-03-09,Salary Credit,52545.97
3154,54,2024-06-11,Dining,-901.52
4909,279,2024-05-24,Travel,-1751.28
19729,99,2024-03-22,Dining,-2556.4
645,212,2025-03-16,Salary Credit,61118.85
6097,398,2024-12-08,ATM Withdrawal,-1164.27
7485,421,2024-01-29,groceries,-2033.35
8830,269,2025-01-14,Transfer,-3790.87
6053,202,2025-04-15,,6193.58
4219,290,2024-11-09,Utilities,-2181.56
11824,172,2024-08-11,Groceries,-1314.2
19006,34,2024-08-23,Utilities,-1143.19
7240,260,2024-03-25,ATM Withdrawal,-737.48
1842,212,2024-10-01,Transfer,2039.96
4121,264,2025-02-25,Transfer,-2113.93
17581,428,2024-03-01,Healthcare,-1686.83
8182,113,2025-01-20,dining ,-2256.56
3836,375,2025-06-10,Entertainment,-628.54
8877,111,2025-01-21,shopping,-1636.99
7916,285,2024-10-26,Entertainment,-1972.16
14109,393,2024-08-02,Entertainment,-1198.81
7717,436,2024-06-19,Travel,-661.67
6754,116,2024-11-13,dining ,-1654.55
19207,366,2025-03-03,shopping,-937.85
2248,36,2024-03-21,Healthcare,-1631.04
2656,222,2024-07-25,dining ,-1107.23
17959,240,2024-10-07,Travel,-538.57
19484,88,2024-09-14,Transfer,3561.02
8737,216,2025-01-11,ATM Withdrawal,-1048.74
17844,269,2024-01-18,Travel,-34.55
9959,141,2025-05-21,Healthcare,-1586.59
892,287,2024-04-01,Healthcare,-1175.58
2783,237,2024-02-07,Entertainment,-1446.26
1105,153,2024-07-31,dining ,-1346.7
12144,207,2024-10-21,ATM Withdrawal,-1257.91
12032,399,2025-05-01,Salary Credit,59044.19
13668,364,2025-03-08,Healthcare,-2483.11
8562,173,2024-05-14,Shopping,-2293.93
4386,220,2024-09-03,Groceries,-763.53
2785,108,2024-05-27,Utilities,-1647.74
9120,146,2025-05-02,Entertainment,-43.09
3199,458,2025-02-15,Utilities,-2013.28
